fixed acidity,volatile acidity,citric acid,residual sugar,chlorides,free sulfur dioxide,total sulfur dioxide,density,pH,sulphates,alcohol,categoria
8.7,0.675,0.1,1.6,0.09,4.0,11.0,0.99745,3.31,0.65,9.55,medio
7.6,0.51,0.15,2.8,0.11,33.0,73.0,0.9955,3.17,0.63,10.2,medio
7.1,0.35,0.29,2.5,0.096,20.0,53.0,0.9962,3.42,0.65,11.0,medio
7.4,0.37,0.43,2.6,0.0819999999999999,18.0,82.0,0.99708,3.33,0.68,9.7,medio
7.8,0.91,0.07,1.9,0.0579999999999999,22.0,47.0,0.99525,3.51,0.43,10.7,medio
10.9,0.37,0.58,4.0,0.071,17.0,65.0,0.99935,3.22,0.78,10.1,medio
9.2,0.63,0.21,2.7,0.0969999999999999,29.0,65.0,0.9988,3.28,0.58,9.6,medio
10.1,0.45,0.23,1.9,0.0819999999999999,10.0,18.0,0.99774,3.22,0.65,9.3,medio
7.2,0.34,0.32,2.5,0.09,43.0,113.0,0.9966,3.32,0.79,11.1,medio
12.5,0.37,0.55,2.6,0.083,25.0,68.0,0.9995,3.15,0.82,10.4,medio
8.1,0.78,0.1,3.3,0.09,4.0,13.0,0.99855,3.36,0.49,9.5,medio
9.0,0.44,0.49,2.4,0.078,26.0,121.0,0.9978,3.23,0.58,9.2,medio
8.6,0.685,0.1,1.6,0.092,3.0,12.0,0.99745,3.31,0.65,9.55,medio
12.8,0.615,0.66,5.8,0.083,7.0,42.0,1.0022,3.07,0.73,10.0,premium
8.0,0.25,0.43,1.7,0.067,22.0,50.0,0.9946,3.38,0.6,11.9,medio
7.4,0.64,0.17,5.4,0.168,52.0,98.0,0.99736,3.28,0.5,9.5,medio
7.0,0.49,0.49,5.6,0.06,26.0,121.0,0.9974,3.34,0.76,10.5,medio
7.7,0.39,0.12,1.7,0.0969999999999999,19.0,27.0,0.99596,3.16,0.49,9.4,medio
7.1,0.685,0.35,2.0,0.088,9.0,92.0,0.9963,3.28,0.62,9.4,medio
6.2,0.44,0.39,2.5,0.077,6.0,14.0,0.99555,3.51,0.69,11.0,medio
6.8,0.81,0.05,2.0,0.07,6.0,14.0,0.99562,3.51,0.66,10.8,medio
5.9,0.61,0.08,2.1,0.071,16.0,24.0,0.99376,3.56,0.77,11.1,medio
7.5,0.49,0.19,1.9,0.076,10.0,44.0,0.9957,3.39,0.54,9.7,medio
10.7,0.4,0.48,2.1,0.125,15.0,49.0,0.998,3.03,0.81,9.7,medio
11.4,0.46,0.5,2.7,0.122,4.0,17.0,1.0006,3.13,0.7,10.2,medio
8.2,0.23,0.42,1.9,0.069,9.0,17.0,0.99376,3.21,0.54,12.3,medio
8.0,0.83,0.27,2.0,0.08,11.0,63.0,0.99652,3.29,0.48,9.8,bajo
9.4,0.34,0.37,2.2,0.075,5.0,13.0,0.998,3.22,0.62,9.2,medio
10.4,0.61,0.49,2.1,0.2,5.0,16.0,0.9994,3.16,0.63,8.4,bajo
8.0,0.71,0.0,2.6,0.08,11.0,34.0,0.9976,3.44,0.53,9.5,medio
7.0,0.51,0.09,2.1,0.062,4.0,9.0,0.99584,3.35,0.54,10.5,medio
8.0,0.18,0.37,0.9,0.049,36.0,109.0,0.99007,2.89,0.44,12.7,medio
10.3,0.5,0.42,2.0,0.069,21.0,51.0,0.9982,3.16,0.72,11.5,medio
7.9,0.24,0.4,1.6,0.0559999999999999,11.0,25.0,0.9967,3.32,0.87,8.7,medio
7.2,0.39,0.44,2.6,0.066,22.0,48.0,0.99494,3.3,0.84,11.5,medio
7.4,0.47,0.46,2.2,0.114,7.0,20.0,0.99647,3.32,0.63,10.5,medio
9.6,0.56,0.23,3.4,0.102,37.0,92.0,0.9996,3.3,0.65,10.1,medio
6.0,0.5,0.0,1.4,0.057,15.0,26.0,0.99448,3.36,0.45,9.5,medio
7.1,0.46,0.2,1.9,0.077,28.0,54.0,0.9956,3.37,0.64,10.4,medio
7.0,0.6,0.3,4.5,0.068,20.0,110.0,0.99914,3.3,1.17,10.2,medio
6.5,0.67,0.0,4.3,0.057,11.0,20.0,0.99488,3.45,0.56,11.8,bajo
6.6,0.735,0.02,7.9,0.122,68.0,124.0,0.9994,3.47,0.53,9.9,medio
8.8,0.27,0.39,2.0,0.1,20.0,27.0,0.99546,3.15,0.69,11.2,medio
7.9,1.04,0.05,2.2,0.084,13.0,29.0,0.9959,3.22,0.55,9.9,medio
7.5,1.115,0.1,3.1,0.086,5.0,12.0,0.9958,3.54,0.6,11.2,bajo
6.0,0.54,0.06,1.8,0.05,38.0,89.0,0.99236,3.3,0.5,10.55,medio
7.4,0.66,0.0,1.8,0.075,13.0,40.0,0.9978,3.51,0.56,9.4,medio
7.5,0.725,0.04,1.5,0.076,8.0,15.0,0.99508,3.26,0.53,9.6,medio
6.3,1.02,0.0,2.0,0.083,17.0,24.0,0.99437,3.59,0.55,11.2,bajo
6.5,0.46,0.14,2.4,0.114,9.0,37.0,0.99732,3.66,0.65,9.8,medio
11.6,0.23,0.57,1.8,0.074,3.0,8.0,0.9981,3.14,0.7,9.9,medio
7.0,0.69,0.07,2.5,0.091,15.0,21.0,0.99572,3.38,0.6,11.3,medio
6.9,0.765,0.18,2.4,0.243,5.5,48.0,0.99612,3.4,0.6,10.3,medio
8.4,0.37,0.53,1.8,0.413,9.0,26.0,0.9979,3.06,1.06,9.1,medio
9.4,0.33,0.59,2.8,0.079,9.0,30.0,0.9976,3.12,0.54,12.0,medio
8.8,0.24,0.54,2.5,0.083,25.0,57.0,0.9983,3.39,0.54,9.2,medio
6.3,0.36,0.19,3.2,0.075,15.0,39.0,0.9956,3.56,0.52,12.7,medio
8.8,0.6,0.29,2.2,0.098,5.0,15.0,0.9988,3.36,0.49,9.1,medio
8.8,0.61,0.19,4.0,0.094,30.0,69.0,0.99787,3.22,0.5,10.0,medio
6.3,0.39,0.08,1.7,0.066,3.0,20.0,0.9954,3.34,0.58,9.4,medio
9.1,0.28,0.48,1.8,0.067,26.0,46.0,0.9967,3.32,1.04,10.6,medio
7.6,0.46,0.11,2.6,0.079,12.0,49.0,0.9968,3.21,0.57,10.0,medio
8.6,0.33,0.4,2.6,0.083,16.0,68.0,0.99782,3.3,0.48,9.4,medio
7.6,0.31,0.34,2.5,0.0819999999999999,26.0,35.0,0.99356,3.22,0.59,12.5,premium
9.0,0.82,0.14,2.6,0.089,9.0,23.0,0.9984,3.39,0.63,9.8,medio
7.2,0.49,0.18,2.7,0.069,13.0,34.0,0.9967,3.29,0.48,9.2,medio
7.2,0.67,0.0,2.2,0.068,10.0,24.0,0.9956,3.42,0.72,11.1,medio
7.0,0.42,0.19,2.3,0.071,18.0,36.0,0.99476,3.39,0.56,10.9,medio
6.6,0.61,0.01,1.9,0.08,8.0,25.0,0.99746,3.69,0.73,10.5,medio
9.5,0.37,0.52,2.0,0.088,12.0,51.0,0.99613,3.29,0.58,11.1,medio
6.6,0.44,0.15,2.1,0.076,22.0,53.0,0.9957,3.32,0.62,9.3,medio
7.3,0.74,0.08,1.7,0.094,10.0,45.0,0.99576,3.24,0.5,9.8,medio
7.9,0.18,0.4,1.8,0.062,7.0,20.0,0.9941,3.28,0.7,11.1,medio
7.4,0.52,0.13,2.4,0.078,34.0,61.0,0.99528,3.43,0.59,10.8,medio
7.0,0.57,0.02,2.0,0.072,17.0,26.0,0.99575,3.36,0.61,10.2,medio
8.4,0.715,0.2,2.4,0.076,10.0,38.0,0.99735,3.31,0.64,9.4,medio
12.5,0.6,0.49,4.3,0.1,5.0,14.0,1.001,3.25,0.74,11.9,medio
12.6,0.41,0.54,2.8,0.103,19.0,41.0,0.99939,3.21,0.76,11.3,medio
10.8,0.5,0.46,2.5,0.073,5.0,27.0,1.0001,3.05,0.64,9.5,medio
7.8,0.53,0.33,2.4,0.08,24.0,144.0,0.99655,3.3,0.6,9.5,medio
5.7,1.13,0.09,1.5,0.172,7.0,19.0,0.994,3.5,0.48,9.8,bajo
6.6,0.96,0.0,1.8,0.0819999999999999,5.0,16.0,0.9936,3.5,0.44,11.9,medio
12.0,0.37,0.76,4.2,0.066,7.0,38.0,1.0004,3.22,0.6,13.0,premium
6.8,0.59,0.1,1.7,0.063,34.0,53.0,0.9958,3.41,0.67,9.7,medio
6.2,0.58,0.0,1.6,0.065,8.0,18.0,0.9966,3.56,0.84,9.4,medio
8.6,0.22,0.36,1.9,0.064,53.0,77.0,0.99604,3.47,0.87,11.0,premium
6.9,0.5,0.04,1.5,0.085,19.0,49.0,0.9958,3.35,0.78,9.5,medio
8.3,1.02,0.02,3.4,0.084,6.0,11.0,0.99892,3.48,0.49,11.0,bajo
7.3,0.51,0.18,2.1,0.07,12.0,28.0,0.99768,3.52,0.73,9.5,medio
9.0,0.69,0.0,2.4,0.088,19.0,38.0,0.999,3.35,0.6,9.3,medio
7.8,0.59,0.33,2.0,0.074,24.0,120.0,0.9968,3.25,0.54,9.4,medio
12.0,0.63,0.5,1.4,0.071,6.0,26.0,0.99791,3.07,0.6,10.4,bajo
7.6,0.685,0.23,2.3,0.111,20.0,84.0,0.9964,3.21,0.61,9.3,medio
7.8,0.53,0.01,1.6,0.077,3.0,19.0,0.995,3.16,0.46,9.8,medio
7.7,0.27,0.68,3.5,0.358,5.0,10.0,0.9972,3.25,1.08,9.9,premium
7.0,0.58,0.12,1.9,0.091,34.0,124.0,0.9956,3.44,0.48,10.5,medio
8.0,0.58,0.28,3.2,0.066,21.0,114.0,0.9973,3.22,0.54,9.4,medio
9.0,0.4,0.43,2.4,0.068,29.0,46.0,0.9943,3.2,0.6,12.2,medio
9.1,0.37,0.32,2.1,0.064,4.0,15.0,0.99576,3.3,0.8,11.2,medio
10.0,0.35,0.45,2.5,0.092,20.0,88.0,0.99918,3.15,0.43,9.4,medio
8.3,0.76,0.29,4.2,0.075,12.0,16.0,0.9965,3.45,0.68,11.5,medio
9.7,0.69,0.32,2.5,0.088,22.0,91.0,0.9979,3.29,0.62,10.1,medio
8.6,0.315,0.4,2.2,0.079,3.0,6.0,0.99512,3.27,0.67,11.9,medio
7.6,0.48,0.31,2.8,0.07,4.0,15.0,0.99693,3.22,0.55,10.3,medio
6.8,0.67,0.02,1.8,0.05,5.0,11.0,0.9962,3.48,0.52,9.5,medio
7.8,0.48,0.68,1.7,0.415,14.0,32.0,0.99656,3.09,1.06,9.1,medio
8.7,0.63,0.28,2.7,0.096,17.0,69.0,0.99734,3.26,0.63,10.2,medio
6.7,0.75,0.12,2.0,0.086,12.0,80.0,0.9958,3.38,0.52,10.1,medio
7.9,0.4,0.29,1.8,0.157,1.0,44.0,0.9973,3.3,0.92,9.5,medio
11.3,0.34,0.45,2.0,0.0819999999999999,6.0,15.0,0.9988,2.94,0.66,9.2,medio
6.2,0.43,0.22,1.8,0.078,21.0,56.0,0.99633,3.52,0.6,9.5,medio
8.0,0.62,0.33,2.7,0.088,16.0,37.0,0.9972,3.31,0.58,10.7,medio
6.6,0.5,0.01,1.5,0.06,17.0,26.0,0.9952,3.4,0.58,9.8,medio
10.1,0.31,0.44,2.3,0.08,22.0,46.0,0.9988,3.32,0.67,9.7,medio
7.4,0.785,0.19,5.2,0.094,19.0,98.0,0.99713,3.16,0.52,9.56666666666667,medio
7.9,0.3,0.68,8.3,0.05,37.5,289.0,0.99316,3.01,0.51,12.3,premium
6.0,0.31,0.47,3.6,0.067,18.0,42.0,0.99549,3.39,0.66,11.0,medio
7.9,0.72,0.01,1.9,0.076,7.0,32.0,0.99668,3.39,0.54,9.6,medio
9.2,0.755,0.18,2.2,0.148,10.0,103.0,0.9969,2.87,1.36,10.2,medio
7.2,1.0,0.0,3.0,0.102,7.0,16.0,0.99586,3.43,0.46,10.0,medio
7.3,0.59,0.26,2.0,0.08,17.0,104.0,0.99584,3.28,0.52,9.9,medio
5.9,0.29,0.25,13.4,0.067,72.0,160.0,0.99721,3.33,0.54,10.3,medio
8.2,1.0,0.09,2.3,0.065,7.0,37.0,0.99685,3.32,0.55,9.0,medio
7.6,0.645,0.03,1.9,0.086,14.0,57.0,0.9969,3.37,0.46,10.3,medio
7.9,0.18,0.4,2.2,0.049,38.0,67.0,0.996,3.33,0.93,11.3,medio
7.2,0.33,0.33,1.7,0.061,3.0,13.0,0.996,3.23,1.1,10.0,premium
7.1,0.6,0.0,1.8,0.074,16.0,34.0,0.9972,3.47,0.7,9.9,medio
8.6,0.725,0.24,6.6,0.1169999999999999,31.0,134.0,1.0014,3.32,1.07,9.3,medio
9.5,0.39,0.41,8.9,0.069,18.0,39.0,0.99859,3.29,0.81,10.9,premium
7.6,0.41,0.33,2.5,0.078,6.0,23.0,0.9957,3.3,0.58,11.2,medio
7.6,0.49,0.26,1.6,0.236,10.0,88.0,0.9968,3.11,0.8,9.3,medio
7.2,0.48,0.07,5.5,0.089,10.0,18.0,0.99684,3.37,0.68,11.2,premium
12.6,0.39,0.49,2.5,0.08,8.0,20.0,0.9992,3.07,0.82,10.3,medio
8.8,0.48,0.41,3.3,0.092,26.0,52.0,0.9982,3.31,0.53,10.5,medio
8.4,1.035,0.15,6.0,0.073,11.0,54.0,0.999,3.37,0.49,9.9,medio
8.3,0.675,0.26,2.1,0.084,11.0,43.0,0.9976,3.31,0.53,9.2,bajo
10.9,0.21,0.49,2.8,0.088,11.0,32.0,0.9972,3.22,0.68,11.7,medio
8.4,0.59,0.29,2.6,0.109,31.0,119.0,0.99801,3.15,0.5,9.1,medio
8.0,0.57,0.23,3.2,0.073,17.0,119.0,0.99675,3.26,0.57,9.3,medio
9.0,0.58,0.25,2.8,0.075,9.0,104.0,0.99779,3.23,0.57,9.7,medio
8.0,0.59,0.05,2.0,0.089,12.0,32.0,0.99735,3.36,0.61,10.0,medio
7.0,0.685,0.0,1.9,0.067,40.0,63.0,0.9979,3.6,0.81,9.9,medio
6.4,0.57,0.12,2.3,0.12,25.0,36.0,0.99519,3.47,0.71,11.3,premium
8.6,0.47,0.3,3.0,0.076,30.0,135.0,0.9976,3.3,0.53,9.4,medio
9.6,0.32,0.47,1.4,0.0559999999999999,9.0,24.0,0.99695,3.22,0.82,10.3,premium
8.0,0.3,0.63,1.6,0.081,16.0,29.0,0.99588,3.3,0.78,10.8,medio
6.3,0.98,0.01,2.0,0.057,15.0,33.0,0.99488,3.6,0.46,11.2,medio
5.6,0.54,0.04,1.7,0.049,5.0,13.0,0.9942,3.72,0.58,11.4,medio
8.5,0.585,0.18,2.1,0.078,5.0,30.0,0.9967,3.2,0.48,9.8,medio
6.7,0.56,0.09,2.9,0.079,7.0,22.0,0.99669,3.46,0.61,10.2,medio
7.3,0.38,0.21,2.0,0.08,7.0,35.0,0.9961,3.33,0.47,9.5,medio
13.5,0.53,0.79,4.8,0.12,23.0,77.0,1.0018,3.18,0.77,13.0,medio
8.4,0.36,0.32,2.2,0.081,32.0,79.0,0.9964,3.3,0.72,11.0,medio
10.4,0.44,0.42,1.5,0.145,34.0,48.0,0.99832,3.38,0.86,9.9,bajo
8.1,0.575,0.22,2.1,0.077,12.0,65.0,0.9967,3.29,0.51,9.2,medio
7.9,0.19,0.42,1.6,0.057,18.0,30.0,0.994,3.29,0.69,11.2,medio
12.0,0.38,0.56,2.1,0.093,6.0,24.0,0.99925,3.14,0.71,10.9,medio
10.4,0.52,0.45,2.0,0.08,6.0,13.0,0.99774,3.22,0.76,11.4,medio
9.6,0.77,0.12,2.9,0.0819999999999999,30.0,74.0,0.99865,3.3,0.64,10.4,medio
7.1,0.48,0.28,2.8,0.068,6.0,16.0,0.99682,3.24,0.53,10.3,medio
6.4,0.64,0.21,1.8,0.081,14.0,31.0,0.99689,3.59,0.66,9.8,medio
9.6,0.56,0.31,2.8,0.089,15.0,46.0,0.9979,3.11,0.92,10.0,medio
7.8,0.34,0.37,2.0,0.0819999999999999,24.0,58.0,0.9964,3.34,0.59,9.4,medio
8.1,0.72,0.09,2.8,0.084,18.0,49.0,0.9994,3.43,0.72,11.1,medio
7.2,0.57,0.05,2.3,0.081,16.0,36.0,0.99564,3.38,0.6,10.3,medio
8.7,0.78,0.51,1.7,0.415,12.0,66.0,0.99623,3.0,1.17,9.2,medio
11.1,0.45,0.73,3.2,0.066,6.0,22.0,0.9986,3.17,0.66,11.2,medio
6.9,0.41,0.33,2.2,0.081,22.0,36.0,0.9949,3.41,0.75,11.1,medio
8.8,0.61,0.14,2.4,0.067,10.0,42.0,0.9969,3.19,0.59,9.5,medio
5.4,0.58,0.08,1.9,0.059,20.0,31.0,0.99484,3.5,0.64,10.2,medio
7.1,0.56,0.14,1.6,0.078,7.0,18.0,0.99592,3.27,0.62,9.3,medio
8.9,0.28,0.45,1.7,0.067,7.0,12.0,0.99354,3.25,0.55,12.3,premium
6.9,0.765,0.02,2.3,0.063,35.0,63.0,0.9975,3.57,0.78,9.9,medio
7.9,0.65,0.01,2.5,0.078,17.0,38.0,0.9963,3.34,0.74,11.7,premium
11.3,0.36,0.66,2.4,0.123,3.0,8.0,0.99642,3.2,0.53,11.9,medio
6.6,0.5,0.0,1.8,0.062,21.0,28.0,0.99352,3.44,0.55,12.3,medio
10.2,0.23,0.37,2.2,0.057,14.0,36.0,0.99614,3.23,0.49,9.3,bajo
7.9,0.31,0.32,1.9,0.066,14.0,36.0,0.99364,3.41,0.56,12.6,medio
5.6,0.915,0.0,2.1,0.0409999999999999,17.0,78.0,0.99346,3.68,0.73,11.4,medio
8.5,0.34,0.44,1.7,0.079,6.0,12.0,0.99605,3.52,0.63,10.7,medio
7.7,0.57,0.21,1.5,0.069,4.0,9.0,0.99458,3.16,0.54,9.8,medio
9.9,0.25,0.46,1.7,0.062,26.0,42.0,0.9959,3.18,0.83,10.6,medio
12.4,0.49,0.58,3.0,0.103,28.0,99.0,1.0008,3.16,1.0,11.5,medio
8.8,0.33,0.41,5.9,0.073,7.0,13.0,0.99658,3.3,0.62,12.1,premium
9.9,0.72,0.55,1.7,0.136,24.0,52.0,0.99752,3.35,0.94,10.0,medio
8.7,0.625,0.16,2.0,0.1009999999999999,13.0,49.0,0.9962,3.14,0.57,11.0,medio
13.7,0.415,0.68,2.9,0.085,17.0,43.0,1.0014,3.06,0.8,10.0,medio
7.4,0.6,0.26,2.1,0.083,17.0,91.0,0.99616,3.29,0.56,9.8,medio
5.4,0.74,0.0,1.2,0.0409999999999999,16.0,46.0,0.99258,4.01,0.59,12.5,medio
7.2,0.58,0.54,2.1,0.114,3.0,9.0,0.99719,3.33,0.57,10.3,bajo
6.8,0.64,0.1,2.1,0.085,18.0,101.0,0.9956,3.34,0.52,10.2,medio
10.9,0.53,0.49,4.6,0.118,10.0,17.0,1.0002,3.07,0.56,11.7,medio
7.7,0.62,0.04,3.8,0.084,25.0,45.0,0.9978,3.34,0.53,9.5,medio
11.5,0.315,0.54,2.1,0.084,5.0,15.0,0.9987,2.98,0.7,9.2,medio
7.8,0.63,0.48,1.7,0.1,14.0,96.0,0.9961,3.19,0.62,9.5,medio
10.4,0.33,0.63,2.8,0.084,5.0,22.0,0.9998,3.26,0.74,11.2,premium
7.1,0.72,0.0,1.8,0.123,6.0,14.0,0.99627,3.45,0.58,9.8,medio
7.4,0.68,0.16,1.8,0.078,12.0,39.0,0.9977,3.5,0.7,9.9,medio
9.8,0.37,0.39,2.5,0.079,28.0,65.0,0.99729,3.16,0.59,9.8,medio
7.4,0.64,0.07,1.8,0.1,8.0,23.0,0.9961,3.3,0.58,9.6,medio
8.6,0.49,0.29,2.0,0.11,19.0,133.0,0.9972,2.93,1.98,9.8,medio
9.9,0.27,0.49,5.0,0.0819999999999999,9.0,17.0,0.99484,3.19,0.52,12.5,premium
8.4,0.745,0.11,1.9,0.09,16.0,63.0,0.9965,3.19,0.82,9.6,medio
7.5,0.58,0.03,4.1,0.08,27.0,46.0,0.99592,3.02,0.47,9.2,medio
12.9,0.5,0.55,2.8,0.072,7.0,24.0,1.00012,3.09,0.68,10.9,medio
7.1,0.52,0.03,2.6,0.076,21.0,92.0,0.99745,3.5,0.6,9.8,medio
7.8,0.5,0.12,1.8,0.178,6.0,21.0,0.996,3.28,0.87,9.8,medio
11.6,0.32,0.55,2.8,0.081,35.0,67.0,1.0002,3.32,0.92,10.8,premium
8.8,0.47,0.49,2.9,0.085,17.0,110.0,0.9982,3.29,0.6,9.8,medio
7.8,0.32,0.44,2.7,0.104,8.0,17.0,0.99732,3.33,0.78,11.0,premium
9.9,0.49,0.58,3.5,0.094,9.0,43.0,1.0004,3.29,0.58,9.0,medio
8.5,0.28,0.56,1.8,0.092,35.0,103.0,0.9969,3.3,0.75,10.5,premium
9.9,0.57,0.25,2.0,0.104,12.0,89.0,0.9963,3.04,0.9,10.1,medio
12.0,0.39,0.66,3.0,0.093,12.0,30.0,0.9996,3.18,0.63,10.8,premium
9.6,0.54,0.42,2.4,0.081,25.0,52.0,0.997,3.2,0.71,11.4,medio
6.6,0.63,0.0,4.3,0.093,51.0,77.5,0.99558,3.2,0.45,9.5,medio
5.3,0.715,0.19,1.5,0.161,7.0,62.0,0.99395,3.62,0.61,11.0,medio
8.9,0.43,0.45,1.9,0.052,6.0,16.0,0.9948,3.35,0.7,12.5,medio
15.0,0.21,0.44,2.2,0.075,10.0,24.0,1.00005,3.07,0.84,9.2,premium
9.9,0.74,0.28,2.6,0.078,21.0,77.0,0.998,3.28,0.51,9.8,medio
6.6,0.855,0.02,2.4,0.062,15.0,23.0,0.99627,3.54,0.6,11.0,medio
8.2,0.26,0.34,2.5,0.073,16.0,47.0,0.99594,3.4,0.78,11.3,premium
9.6,0.68,0.24,2.2,0.087,5.0,28.0,0.9988,3.14,0.6,10.2,medio
7.8,0.545,0.12,2.5,0.068,11.0,35.0,0.996,3.34,0.61,11.6,medio
7.2,0.25,0.37,2.5,0.063,11.0,41.0,0.99439,3.52,0.8,12.4,premium
8.8,0.7,0.0,1.7,0.069,8.0,19.0,0.99701,3.31,0.53,10.0,medio
11.6,0.42,0.53,3.3,0.105,33.0,98.0,1.001,3.2,0.95,9.2,medio
9.9,0.54,0.45,2.3,0.071,16.0,40.0,0.9991,3.39,0.62,9.4,medio
9.6,0.33,0.52,2.2,0.074,13.0,25.0,0.99509,3.36,0.76,12.4,premium
8.9,0.62,0.19,3.9,0.17,51.0,148.0,0.9986,3.17,0.93,9.2,medio
7.1,0.39,0.12,2.1,0.065,14.0,24.0,0.99252,3.3,0.53,13.3,medio
9.2,0.41,0.5,2.5,0.055,12.0,25.0,0.9952,3.34,0.79,13.3,premium
8.4,0.62,0.12,1.8,0.072,38.0,46.0,0.99504,3.38,0.89,11.8,medio
10.2,0.34,0.48,2.1,0.052,5.0,9.0,0.99458,3.2,0.69,12.1,premium
6.5,0.39,0.23,8.3,0.051,28.0,91.0,0.9952,3.44,0.55,12.1,medio
8.2,0.43,0.29,1.6,0.081,27.0,45.0,0.99603,3.25,0.54,10.3,medio
6.1,0.38,0.15,1.8,0.072,6.0,19.0,0.9955,3.42,0.57,9.4,medio
6.6,0.58,0.02,2.0,0.062,37.0,53.0,0.99374,3.35,0.76,11.6,premium
11.2,0.28,0.56,1.9,0.075,17.0,60.0,0.998,3.16,0.58,9.8,medio
12.0,0.45,0.55,2.0,0.073,25.0,49.0,0.9997,3.1,0.76,10.3,medio
11.5,0.59,0.59,2.6,0.087,13.0,49.0,0.9988,3.18,0.65,11.0,medio
7.0,0.22,0.3,1.8,0.065,16.0,20.0,0.99672,3.61,0.82,10.0,medio
8.1,0.725,0.22,2.2,0.072,11.0,41.0,0.9967,3.36,0.55,9.1,medio
7.1,0.59,0.0,2.2,0.078,26.0,44.0,0.99522,3.42,0.68,10.8,medio
7.9,0.32,0.51,1.8,0.341,17.0,56.0,0.9969,3.04,1.08,9.2,medio
8.4,0.56,0.04,2.0,0.0819999999999999,10.0,22.0,0.9976,3.22,0.44,9.6,medio
8.4,0.67,0.19,2.2,0.093,11.0,75.0,0.99736,3.2,0.59,9.2,bajo
7.0,0.62,0.18,1.5,0.062,7.0,50.0,0.9951,3.08,0.6,9.3,medio
12.3,0.39,0.63,2.3,0.091,6.0,18.0,1.0004,3.16,0.49,9.5,medio
7.6,0.43,0.4,2.7,0.0819999999999999,6.0,11.0,0.99538,3.44,0.54,12.2,medio
7.8,0.62,0.05,2.3,0.079,6.0,18.0,0.99735,3.29,0.63,9.3,medio
8.8,0.955,0.05,1.8,0.075,5.0,19.0,0.99616,3.3,0.44,9.6,bajo
5.9,0.55,0.1,2.2,0.062,39.0,51.0,0.99512,3.52,0.76,11.2,medio
11.9,0.4,0.65,2.15,0.068,7.0,27.0,0.9988,3.06,0.68,11.3,medio
7.4,0.49,0.19,3.0,0.077,16.0,37.0,0.9966,3.37,0.51,10.5,medio
6.7,0.42,0.27,8.6,0.068,24.0,148.0,0.9948,3.16,0.57,11.3,medio
9.9,0.35,0.41,2.3,0.083,11.0,61.0,0.9982,3.21,0.5,9.5,medio
8.6,0.49,0.28,1.9,0.11,20.0,136.0,0.9972,2.93,1.95,9.9,medio
10.6,1.02,0.43,2.9,0.076,26.0,88.0,0.9984,3.08,0.57,10.1,medio
10.7,0.9,0.34,6.6,0.1119999999999999,23.0,99.0,1.00289,3.22,0.68,9.3,medio
6.2,0.65,0.06,1.6,0.05,6.0,18.0,0.99348,3.57,0.54,11.95,medio
6.9,0.51,0.23,2.0,0.072,13.0,22.0,0.99438,3.4,0.84,11.2,medio
8.8,0.66,0.26,1.7,0.074,4.0,23.0,0.9971,3.15,0.74,9.2,medio
7.1,0.61,0.02,2.5,0.081,17.0,87.0,0.99745,3.48,0.6,9.7,medio
8.0,0.39,0.3,1.9,0.074,32.0,84.0,0.99717,3.39,0.61,9.0,medio
7.3,0.66,0.0,2.0,0.084,6.0,23.0,0.9983,3.61,0.96,9.9,medio
7.7,0.715,0.01,2.1,0.064,31.0,43.0,0.99371,3.41,0.57,11.8,medio
12.0,0.5,0.59,1.4,0.073,23.0,42.0,0.998,2.92,0.68,10.5,premium
8.2,0.34,0.37,1.9,0.057,43.0,74.0,0.99408,3.23,0.81,12.0,medio
11.5,0.41,0.52,3.0,0.08,29.0,55.0,1.0001,3.26,0.88,11.0,medio
7.4,1.185,0.0,4.25,0.0969999999999999,5.0,14.0,0.9966,3.63,0.54,10.7,bajo
10.7,0.4,0.37,1.9,0.081,17.0,29.0,0.99674,3.12,0.65,11.2,medio
11.0,0.26,0.68,2.55,0.085,10.0,25.0,0.997,3.18,0.61,11.8,medio
7.9,0.6,0.06,1.6,0.069,15.0,59.0,0.9964,3.3,0.46,9.4,medio
7.2,0.62,0.06,2.7,0.077,15.0,85.0,0.99746,3.51,0.54,9.5,medio
10.2,0.41,0.43,2.2,0.11,11.0,37.0,0.99728,3.16,0.67,10.8,medio
7.7,0.53,0.06,1.7,0.074,9.0,39.0,0.99615,3.35,0.48,9.8,medio
7.6,0.9,0.06,2.5,0.079,5.0,10.0,0.9967,3.39,0.56,9.8,medio
7.2,0.58,0.03,2.3,0.077,7.0,28.0,0.99568,3.35,0.52,10.0,medio
11.9,0.58,0.58,1.9,0.071,5.0,18.0,0.998,3.09,0.63,10.0,medio
7.9,0.35,0.46,3.6,0.078,15.0,37.0,0.9973,3.35,0.86,12.8,premium
8.2,0.39,0.38,1.5,0.0579999999999999,10.0,29.0,0.9962,3.26,0.74,9.8,medio
10.4,0.26,0.48,1.9,0.066,6.0,10.0,0.99724,3.33,0.87,10.9,medio
6.4,0.56,0.15,1.8,0.078,17.0,65.0,0.99294,3.33,0.6,10.5,medio
10.6,0.36,0.59,2.2,0.152,6.0,18.0,0.9986,3.04,1.05,9.4,medio
13.2,0.46,0.52,2.2,0.071,12.0,35.0,1.0006,3.1,0.56,9.0,medio
11.3,0.37,0.41,2.3,0.088,6.0,16.0,0.9988,3.09,0.8,9.3,medio
6.8,0.785,0.0,2.4,0.104,14.0,30.0,0.9966,3.52,0.55,10.7,medio
6.8,0.67,0.15,1.8,0.118,13.0,20.0,0.9954,3.42,0.67,11.3,medio
13.0,0.47,0.49,4.3,0.085,6.0,47.0,1.0021,3.3,0.68,12.7,medio
6.9,0.685,0.0,2.5,0.105,22.0,37.0,0.9966,3.46,0.57,10.6,medio
9.0,0.62,0.04,1.9,0.146,27.0,90.0,0.9984,3.16,0.7,9.4,medio
9.4,0.3,0.56,2.8,0.08,6.0,17.0,0.9964,3.15,0.92,11.7,premium
4.9,0.42,0.0,2.1,0.048,16.0,42.0,0.99154,3.71,0.74,14.0,premium
8.1,0.29,0.36,2.2,0.048,35.0,53.0,0.995,3.27,1.01,12.4,premium
7.6,0.78,0.0,1.7,0.076,33.0,45.0,0.99612,3.31,0.62,10.7,medio
7.5,0.4,0.18,1.6,0.079,24.0,58.0,0.9965,3.34,0.58,9.4,medio
9.3,0.61,0.26,3.4,0.09,25.0,87.0,0.99975,3.24,0.62,9.7,medio
10.6,0.28,0.39,15.5,0.069,6.0,23.0,1.0026,3.12,0.66,9.2,medio
10.3,0.27,0.24,2.1,0.072,15.0,33.0,0.9956,3.22,0.66,12.8,medio
9.9,0.63,0.24,2.4,0.077,6.0,33.0,0.9974,3.09,0.57,9.4,medio
5.4,0.42,0.27,2.0,0.092,23.0,55.0,0.99471,3.78,0.64,12.3,premium
7.1,0.755,0.15,1.8,0.107,20.0,84.0,0.99593,3.19,0.5,9.5,medio
10.7,0.46,0.39,2.0,0.061,7.0,15.0,0.9981,3.18,0.62,9.5,medio
7.8,0.56,0.12,2.0,0.0819999999999999,7.0,28.0,0.997,3.37,0.5,9.4,medio
7.1,0.68,0.07,1.9,0.075,16.0,51.0,0.99685,3.38,0.52,9.5,medio
8.9,0.75,0.14,2.5,0.086,9.0,30.0,0.99824,3.34,0.64,10.5,medio
7.5,0.685,0.07,2.5,0.0579999999999999,5.0,9.0,0.99632,3.38,0.55,10.9,bajo
8.9,0.29,0.35,1.9,0.067,25.0,57.0,0.997,3.18,1.36,10.3,medio
6.8,0.775,0.0,3.0,0.102,8.0,23.0,0.9965,3.45,0.56,10.7,medio
9.8,0.44,0.47,2.5,0.063,9.0,28.0,0.9981,3.24,0.65,10.8,medio
6.6,0.7,0.08,2.6,0.106,14.0,27.0,0.99665,3.44,0.58,10.2,medio
5.2,0.48,0.04,1.6,0.054,19.0,106.0,0.9927,3.54,0.62,12.2,premium
6.7,0.7,0.08,3.75,0.067,8.0,16.0,0.99334,3.43,0.52,12.6,medio
9.9,0.53,0.57,2.4,0.093,30.0,52.0,0.9971,3.19,0.76,11.6,premium
8.6,0.38,0.36,3.0,0.081,30.0,119.0,0.997,3.2,0.56,9.4,medio
10.2,0.44,0.42,2.0,0.071,7.0,20.0,0.99566,3.14,0.79,11.1,premium
8.7,0.54,0.26,2.5,0.0969999999999999,7.0,31.0,0.9976,3.27,0.6,9.3,medio
7.5,0.65,0.18,7.0,0.088,27.0,94.0,0.99915,3.38,0.77,9.4,medio
7.0,0.62,0.08,1.8,0.076,8.0,24.0,0.9978,3.48,0.53,9.0,medio
13.3,0.29,0.75,2.8,0.084,23.0,43.0,0.9986,3.04,0.68,11.4,premium
9.1,0.45,0.35,2.4,0.08,23.0,78.0,0.9987,3.38,0.62,9.5,medio
8.3,0.42,0.38,2.5,0.094,24.0,60.0,0.9979,3.31,0.7,10.8,medio
8.6,0.45,0.31,2.6,0.086,21.0,50.0,0.9982,3.37,0.91,9.9,medio
10.2,0.42,0.57,3.4,0.07,4.0,10.0,0.9971,3.04,0.63,9.6,medio
7.4,0.53,0.26,2.0,0.1009999999999999,16.0,72.0,0.9957,3.15,0.57,9.4,medio
9.3,0.49,0.36,1.7,0.081,3.0,14.0,0.99702,3.27,0.78,10.9,medio
8.4,0.34,0.42,2.1,0.072,23.0,36.0,0.99392,3.11,0.78,12.4,medio
8.9,0.59,0.5,2.0,0.337,27.0,81.0,0.9964,3.04,1.61,9.5,medio
7.2,0.66,0.33,2.5,0.068,34.0,102.0,0.99414,3.27,0.78,12.8,medio
7.4,0.55,0.19,1.8,0.0819999999999999,15.0,34.0,0.99655,3.49,0.68,10.5,medio
10.5,0.24,0.42,1.8,0.077,6.0,22.0,0.9976,3.21,1.05,10.8,premium
7.9,0.72,0.17,2.6,0.096,20.0,38.0,0.9978,3.4,0.53,9.5,medio
10.1,0.28,0.46,1.8,0.05,5.0,13.0,0.9974,3.04,0.79,10.2,medio
7.5,0.6,0.32,2.7,0.103,13.0,98.0,0.99938,3.45,0.62,9.5,medio
6.7,0.75,0.01,2.4,0.078,17.0,32.0,0.9955,3.55,0.61,12.8,medio
6.1,0.715,0.1,2.6,0.053,13.0,27.0,0.99362,3.57,0.5,11.9,medio
9.6,0.5,0.36,2.8,0.1159999999999999,26.0,55.0,0.99722,3.18,0.68,10.9,medio
7.4,0.29,0.38,1.7,0.062,9.0,30.0,0.9968,3.41,0.53,9.5,medio
8.2,0.44,0.24,2.3,0.063,10.0,28.0,0.99613,3.25,0.53,10.2,medio
8.0,0.38,0.06,1.8,0.078,12.0,49.0,0.99625,3.37,0.52,9.9,medio
9.9,0.54,0.26,2.0,0.111,7.0,60.0,0.99709,2.94,0.98,10.2,medio
9.1,0.29,0.33,2.05,0.063,13.0,27.0,0.99516,3.26,0.84,11.7,premium
9.1,0.775,0.22,2.2,0.079,12.0,48.0,0.9976,3.18,0.51,9.6,medio
6.0,0.51,0.0,2.1,0.064,40.0,54.0,0.995,3.54,0.93,10.7,medio
7.6,1.58,0.0,2.1,0.1369999999999999,5.0,9.0,0.99476,3.5,0.4,10.9,bajo
9.5,0.55,0.66,2.3,0.387,12.0,37.0,0.9982,3.17,0.67,9.6,medio
8.0,0.33,0.53,2.5,0.091,18.0,80.0,0.9976,3.37,0.8,9.6,medio
7.2,0.36,0.46,2.1,0.074,24.0,44.0,0.99534,3.4,0.85,11.0,premium
9.1,0.25,0.34,2.0,0.071,45.0,67.0,0.99769,3.44,0.86,10.2,premium
11.6,0.475,0.4,1.4,0.091,6.0,28.0,0.99704,3.07,0.65,10.0333333333333,medio
9.2,0.31,0.36,2.2,0.079,11.0,31.0,0.99615,3.33,0.86,12.0,premium
6.7,0.675,0.07,2.4,0.089,17.0,82.0,0.9958,3.35,0.54,10.1,medio
7.6,0.43,0.29,2.1,0.075,19.0,66.0,0.99718,3.4,0.64,9.5,medio
8.3,0.53,0.0,1.4,0.07,6.0,14.0,0.99593,3.25,0.64,10.0,medio
10.0,0.49,0.2,11.0,0.071,13.0,50.0,1.0015,3.16,0.69,9.2,medio
10.2,0.29,0.49,2.6,0.059,5.0,13.0,0.9976,3.05,0.74,10.5,premium
7.3,0.67,0.02,2.2,0.072,31.0,92.0,0.99566,3.32,0.68,11.1,medio
8.6,0.47,0.47,2.4,0.074,7.0,29.0,0.9979,3.08,0.46,9.5,medio
7.3,0.44,0.2,1.6,0.049,24.0,64.0,0.9935,3.38,0.57,11.7,medio
7.7,0.66,0.04,1.6,0.039,4.0,9.0,0.9962,3.4,0.47,9.4,medio
7.2,0.695,0.13,2.0,0.076,12.0,20.0,0.99546,3.29,0.54,10.1,medio
9.9,0.44,0.46,2.2,0.091,10.0,41.0,0.99638,3.18,0.69,11.9,medio
7.7,0.64,0.21,2.2,0.077,32.0,133.0,0.9956,3.27,0.45,9.9,medio
7.3,0.91,0.1,1.8,0.074,20.0,56.0,0.99672,3.35,0.56,9.2,medio
8.3,0.49,0.36,1.8,0.222,6.0,16.0,0.998,3.18,0.6,9.5,medio
8.0,0.31,0.45,2.1,0.216,5.0,16.0,0.99358,3.15,0.81,12.5,premium
7.8,0.735,0.08,2.4,0.092,10.0,41.0,0.9974,3.24,0.71,9.8,medio
7.8,0.6,0.26,2.0,0.08,31.0,131.0,0.99622,3.21,0.52,9.9,medio
10.8,0.32,0.44,1.6,0.063,16.0,37.0,0.9985,3.22,0.78,10.0,medio
7.1,0.735,0.16,1.9,0.1,15.0,77.0,0.9966,3.27,0.64,9.3,medio
10.4,0.24,0.49,1.8,0.075,6.0,20.0,0.9977,3.18,1.06,11.0,medio
7.6,0.43,0.31,2.1,0.069,13.0,74.0,0.9958,3.26,0.54,9.9,medio
7.9,0.5,0.33,2.0,0.084,15.0,143.0,0.9968,3.2,0.55,9.5,medio
8.2,0.31,0.4,2.2,0.0579999999999999,6.0,10.0,0.99536,3.31,0.68,11.2,premium
9.9,0.59,0.07,3.4,0.102,32.0,71.0,1.00015,3.31,0.71,9.8,medio
8.8,0.24,0.35,1.7,0.055,13.0,27.0,0.99394,3.14,0.59,11.3,premium
9.3,0.36,0.39,1.5,0.08,41.0,55.0,0.99652,3.47,0.73,10.9,medio
7.5,0.61,0.2,1.7,0.076,36.0,60.0,0.99494,3.1,0.4,9.3,medio
5.8,1.01,0.66,2.0,0.039,15.0,88.0,0.99357,3.66,0.6,11.5,medio
6.8,0.51,0.01,2.1,0.074,9.0,25.0,0.9958,3.33,0.56,9.5,medio
7.5,0.42,0.31,1.6,0.08,15.0,42.0,0.9978,3.31,0.64,9.0,medio
6.4,0.53,0.09,3.9,0.123,14.0,31.0,0.9968,3.5,0.67,11.0,bajo
10.6,0.5,0.45,2.6,0.119,34.0,68.0,0.99708,3.23,0.72,10.9,medio
8.8,0.45,0.43,1.4,0.076,12.0,21.0,0.99551,3.21,0.75,10.2,medio
7.0,0.59,0.0,1.7,0.052,3.0,8.0,0.996,3.41,0.47,10.3,medio
8.9,0.84,0.34,1.4,0.05,4.0,10.0,0.99554,3.12,0.48,9.1,medio
8.7,0.48,0.3,2.8,0.066,10.0,28.0,0.9964,3.33,0.67,11.2,premium
8.2,0.38,0.32,2.5,0.08,24.0,71.0,0.99624,3.27,0.85,11.0,medio
8.3,0.85,0.14,2.5,0.093,13.0,54.0,0.99724,3.36,0.54,10.1,medio
7.6,0.42,0.08,2.7,0.084,15.0,48.0,0.9968,3.21,0.59,10.0,medio
7.0,0.56,0.17,1.7,0.065,15.0,24.0,0.99514,3.44,0.68,10.55,premium
8.3,0.625,0.2,1.5,0.08,27.0,119.0,0.9972,3.16,1.12,9.1,bajo
6.8,0.56,0.03,1.7,0.084,18.0,35.0,0.9968,3.44,0.63,10.0,medio
10.6,1.025,0.43,2.8,0.08,21.0,84.0,0.9985,3.06,0.57,10.1,medio
7.1,0.43,0.42,5.5,0.071,28.0,128.0,0.9973,3.42,0.71,10.5,medio
8.2,0.59,0.0,2.5,0.093,19.0,58.0,1.0002,3.5,0.65,9.3,medio
8.2,0.6,0.17,2.3,0.072,11.0,73.0,0.9963,3.2,0.45,9.3,medio
6.2,0.56,0.09,1.7,0.053,24.0,32.0,0.99402,3.54,0.6,11.3,medio
8.4,0.635,0.36,2.0,0.089,15.0,55.0,0.99745,3.31,0.57,10.4,bajo
7.2,0.37,0.32,2.0,0.062,15.0,28.0,0.9947,3.23,0.73,11.3,premium
6.9,0.605,0.12,10.7,0.073,40.0,83.0,0.9993,3.45,0.52,9.4,medio
6.2,0.46,0.17,1.6,0.073,7.0,11.0,0.99425,3.61,0.54,11.4,medio
6.1,0.56,0.0,2.2,0.079,6.0,9.0,0.9948,3.59,0.54,11.5,medio
8.3,0.6,0.13,2.6,0.085,6.0,24.0,0.9984,3.31,0.59,9.2,medio
8.5,0.46,0.59,1.4,0.414,16.0,45.0,0.99702,3.03,1.34,9.2,medio
9.3,0.39,0.44,2.1,0.107,34.0,125.0,0.9978,3.14,1.22,9.5,medio
7.2,0.34,0.21,2.5,0.075,41.0,68.0,0.99586,3.37,0.54,10.1,medio
7.8,0.56,0.19,2.0,0.081,17.0,108.0,0.9962,3.32,0.54,9.5,medio
6.8,0.47,0.08,2.2,0.064,18.0,38.0,0.99553,3.3,0.65,9.6,medio
7.2,0.38,0.3,1.8,0.073,31.0,70.0,0.99685,3.42,0.59,9.5,medio
12.7,0.6,0.49,2.8,0.075,5.0,19.0,0.9994,3.14,0.57,11.4,medio
9.4,0.59,0.14,2.0,0.084,25.0,48.0,0.9981,3.14,0.56,9.7,medio
11.2,0.67,0.55,2.3,0.084,6.0,13.0,1.0,3.17,0.71,9.5,medio
8.7,0.765,0.22,2.3,0.064,9.0,42.0,0.9963,3.1,0.55,9.4,medio
7.1,0.59,0.02,2.3,0.0819999999999999,24.0,94.0,0.99744,3.55,0.53,9.7,medio
5.9,0.645,0.12,2.0,0.075,32.0,44.0,0.99547,3.57,0.71,10.2,medio
7.4,0.5,0.47,2.0,0.086,21.0,73.0,0.997,3.36,0.57,9.1,medio
8.7,0.7,0.24,2.5,0.226,5.0,15.0,0.9991,3.32,0.6,9.0,medio
9.5,0.735,0.1,2.1,0.079,6.0,31.0,0.9986,3.23,0.56,10.1,medio
8.8,0.42,0.21,2.5,0.092,33.0,88.0,0.99823,3.19,0.52,9.2,medio
6.2,0.45,0.2,1.6,0.069,3.0,15.0,0.9958,3.41,0.56,9.2,medio
9.2,0.43,0.52,2.3,0.083,14.0,23.0,0.9976,3.35,0.61,11.3,medio
10.1,0.37,0.34,2.4,0.085,5.0,17.0,0.99683,3.17,0.65,10.6,premium
11.6,0.44,0.64,2.1,0.059,5.0,15.0,0.998,3.21,0.67,10.2,medio
7.8,0.82,0.29,4.3,0.083,21.0,64.0,0.99642,3.16,0.53,9.4,medio
9.3,0.39,0.4,2.6,0.073,10.0,26.0,0.9984,3.34,0.75,10.2,medio
10.6,0.42,0.48,2.7,0.065,5.0,18.0,0.9972,3.21,0.87,11.3,medio
7.2,0.63,0.0,1.9,0.0969999999999999,14.0,38.0,0.99675,3.37,0.58,9.0,medio
6.8,0.65,0.02,2.1,0.078,8.0,15.0,0.99498,3.35,0.62,10.4,medio
8.0,0.59,0.16,1.8,0.065,3.0,16.0,0.9962,3.42,0.92,10.5,premium
6.4,0.36,0.21,2.2,0.047,26.0,48.0,0.99661,3.47,0.77,9.7,medio
5.8,0.68,0.02,1.8,0.087,21.0,94.0,0.9944,3.54,0.52,10.0,medio
7.1,0.6,0.01,2.3,0.079,24.0,37.0,0.99514,3.4,0.61,10.9,medio
6.6,0.66,0.0,3.0,0.115,21.0,31.0,0.99629,3.45,0.63,10.3,medio
5.0,0.74,0.0,1.2,0.0409999999999999,16.0,46.0,0.99258,4.01,0.59,12.5,medio
11.5,0.42,0.48,2.6,0.077,8.0,20.0,0.99852,3.09,0.53,11.0,medio
7.9,0.37,0.23,1.8,0.077,23.0,49.0,0.9963,3.28,0.67,9.3,medio
8.1,0.78,0.23,2.6,0.059,5.0,15.0,0.997,3.37,0.56,11.3,medio
10.0,0.38,0.38,1.6,0.1689999999999999,27.0,90.0,0.99914,3.15,0.65,8.5,medio
7.6,0.95,0.03,2.0,0.09,7.0,20.0,0.9959,3.2,0.56,9.6,medio
8.6,0.52,0.38,1.5,0.096,5.0,18.0,0.99666,3.2,0.52,9.4,medio
7.7,0.26,0.3,1.7,0.059,20.0,38.0,0.9949,3.29,0.47,10.8,medio
5.3,0.57,0.01,1.7,0.054,5.0,27.0,0.9934,3.57,0.84,12.5,premium
10.3,0.27,0.56,1.4,0.047,3.0,8.0,0.99471,3.16,0.51,11.8,medio
11.2,0.4,0.5,2.0,0.099,19.0,50.0,0.99783,3.1,0.58,10.4,medio
6.7,0.58,0.08,1.8,0.0969999999999999,15.0,65.0,0.9959,3.28,0.54,9.2,medio
11.4,0.26,0.44,3.6,0.071,6.0,19.0,0.9986,3.12,0.82,9.3,medio
9.6,0.38,0.31,2.5,0.096,16.0,49.0,0.9982,3.19,0.7,10.0,premium
8.2,0.2,0.43,2.5,0.076,31.0,51.0,0.99672,3.53,0.81,10.4,medio
11.9,0.38,0.51,2.0,0.121,7.0,20.0,0.9996,3.24,0.76,10.4,medio
9.6,0.88,0.28,2.4,0.086,30.0,147.0,0.9979,3.24,0.53,9.4,medio
7.3,0.4,0.3,1.7,0.08,33.0,79.0,0.9969,3.41,0.65,9.5,medio
7.7,0.56,0.2,2.0,0.075,9.0,39.0,0.9987,3.48,0.62,9.3,medio
7.5,0.755,0.0,1.9,0.084,6.0,12.0,0.99672,3.34,0.49,9.7,bajo
6.9,0.58,0.01,1.9,0.08,40.0,54.0,0.99683,3.4,0.73,9.7,medio
10.6,0.48,0.64,2.2,0.111,6.0,20.0,0.997,3.26,0.66,11.7,medio
7.5,0.49,0.2,2.6,0.332,8.0,14.0,0.9968,3.21,0.9,10.5,medio
10.2,0.33,0.46,1.9,0.081,6.0,9.0,0.99628,3.1,0.48,10.4,medio
7.8,0.56,0.19,1.8,0.104,12.0,47.0,0.9964,3.19,0.93,9.5,medio
6.4,0.47,0.4,2.4,0.071,8.0,19.0,0.9963,3.56,0.73,10.6,medio
7.5,0.77,0.2,8.1,0.098,30.0,92.0,0.99892,3.2,0.58,9.2,medio
6.4,0.38,0.14,2.2,0.038,15.0,25.0,0.99514,3.44,0.65,11.1,medio
9.2,0.59,0.24,3.3,0.1009999999999999,20.0,47.0,0.9988,3.26,0.67,9.6,medio
8.3,0.28,0.48,2.1,0.093,6.0,12.0,0.99408,3.26,0.62,12.4,premium
7.8,0.64,0.0,1.9,0.072,27.0,55.0,0.9962,3.31,0.63,11.0,medio
7.1,0.16,0.44,2.5,0.068,17.0,31.0,0.99328,3.35,0.54,12.4,medio
6.7,0.76,0.02,1.8,0.078,6.0,12.0,0.996,3.55,0.63,9.95,bajo
8.9,0.4,0.51,2.6,0.052,13.0,27.0,0.995,3.32,0.9,13.4,premium
7.3,0.34,0.33,2.5,0.064,21.0,37.0,0.9952,3.35,0.77,12.1,premium
11.5,0.54,0.71,4.4,0.124,6.0,15.0,0.9984,3.01,0.83,11.8,premium
7.5,0.61,0.26,1.9,0.073,24.0,88.0,0.99612,3.3,0.53,9.8,medio
7.1,0.34,0.28,2.0,0.0819999999999999,31.0,68.0,0.99694,3.45,0.48,9.4,medio
7.9,0.34,0.42,2.0,0.086,8.0,19.0,0.99546,3.35,0.6,11.4,medio
8.0,0.705,0.05,1.9,0.074,8.0,19.0,0.9962,3.34,0.95,10.5,medio
6.8,0.64,0.0,2.7,0.123,15.0,33.0,0.99538,3.44,0.63,11.3,medio
5.2,0.32,0.25,1.8,0.103,13.0,50.0,0.9957,3.38,0.55,9.2,medio
7.0,0.42,0.35,1.6,0.088,16.0,39.0,0.9961,3.34,0.55,9.2,medio
6.9,0.63,0.33,6.7,0.235,66.0,115.0,0.99787,3.22,0.56,9.5,medio
13.4,0.27,0.62,2.6,0.0819999999999999,6.0,21.0,1.0002,3.16,0.67,9.7,medio
6.0,0.64,0.05,1.9,0.066,9.0,17.0,0.99496,3.52,0.78,10.6,medio
7.3,0.55,0.01,1.8,0.093,9.0,15.0,0.99514,3.35,0.58,11.0,premium
13.3,0.43,0.58,1.9,0.07,15.0,40.0,1.0004,3.06,0.49,9.0,medio
5.0,1.04,0.24,1.6,0.05,32.0,96.0,0.9934,3.74,0.62,11.5,medio
6.8,0.91,0.06,2.0,0.06,4.0,11.0,0.99592,3.53,0.64,10.9,bajo
7.2,0.54,0.27,2.6,0.084,12.0,78.0,0.9964,3.39,0.71,11.0,medio
7.6,0.41,0.24,1.8,0.08,4.0,11.0,0.9962,3.28,0.59,9.5,medio
10.4,0.575,0.61,2.6,0.076,11.0,24.0,1.0,3.16,0.69,9.0,medio
7.6,0.51,0.24,2.4,0.091,8.0,38.0,0.998,3.47,0.66,9.6,medio
9.5,0.885,0.27,2.3,0.084,31.0,145.0,0.9978,3.24,0.53,9.4,medio
7.3,0.835,0.03,2.1,0.092,10.0,19.0,0.9966,3.39,0.47,9.6,medio
6.5,0.885,0.0,2.3,0.166,6.0,12.0,0.99551,3.56,0.51,10.8,medio
6.8,0.62,0.08,1.9,0.068,28.0,38.0,0.99651,3.42,0.82,9.5,medio
8.0,0.725,0.24,2.8,0.083,10.0,62.0,0.99685,3.35,0.56,10.0,medio
9.1,0.22,0.24,2.1,0.078,1.0,28.0,0.999,3.41,0.87,10.3,medio
9.1,0.47,0.49,2.6,0.094,38.0,106.0,0.9982,3.08,0.59,9.1,medio
5.8,0.29,0.26,1.7,0.063,3.0,11.0,0.9915,3.39,0.54,13.5,medio
6.9,0.84,0.21,4.1,0.074,16.0,65.0,0.99842,3.53,0.72,9.25,medio
9.4,0.24,0.33,2.3,0.061,52.0,73.0,0.99786,3.47,0.9,10.2,medio
6.2,0.785,0.0,2.1,0.06,6.0,13.0,0.99664,3.59,0.61,10.0,bajo
7.5,0.52,0.16,1.9,0.085,12.0,35.0,0.9968,3.38,0.62,9.5,premium
7.4,0.74,0.07,1.7,0.086,15.0,48.0,0.99502,3.12,0.48,10.0,medio
9.2,0.36,0.34,1.6,0.062,5.0,12.0,0.99667,3.2,0.67,10.5,medio
7.5,0.52,0.4,2.2,0.06,12.0,20.0,0.99474,3.26,0.64,11.8,medio
7.2,0.41,0.3,2.1,0.083,35.0,72.0,0.997,3.44,0.52,9.4,medio
8.2,0.56,0.23,3.4,0.078,14.0,104.0,0.9976,3.28,0.62,9.4,medio
11.5,0.3,0.6,2.0,0.067,12.0,27.0,0.9981,3.11,0.97,10.1,medio
7.0,0.5,0.25,2.0,0.07,3.0,22.0,0.9963,3.25,0.63,9.2,medio
11.9,0.58,0.66,2.5,0.072,6.0,37.0,0.9992,3.05,0.56,10.0,medio
9.0,0.46,0.31,2.8,0.093,19.0,98.0,0.99815,3.32,0.63,9.5,medio
7.4,0.35,0.33,2.4,0.068,9.0,26.0,0.9947,3.36,0.6,11.9,medio
5.9,0.395,0.13,2.4,0.0559999999999999,14.0,28.0,0.99362,3.62,0.67,12.4,medio
10.2,0.4,0.4,2.5,0.068,41.0,54.0,0.99754,3.38,0.86,10.5,medio
9.1,0.795,0.0,2.6,0.096,11.0,26.0,0.9994,3.35,0.83,9.4,medio
7.7,0.705,0.1,2.6,0.084,9.0,26.0,0.9976,3.39,0.49,9.7,medio
6.8,0.69,0.0,5.6,0.124,21.0,58.0,0.9997,3.46,0.72,10.2,medio
10.4,0.43,0.5,2.3,0.068,13.0,19.0,0.996,3.1,0.87,11.4,medio
9.3,0.775,0.27,2.8,0.078,24.0,56.0,0.9984,3.31,0.67,10.6,medio
8.2,0.7,0.23,2.0,0.099,14.0,81.0,0.9973,3.19,0.7,9.4,medio
7.6,0.54,0.02,1.7,0.085,17.0,31.0,0.99589,3.37,0.51,10.4,medio
9.5,0.57,0.27,2.3,0.0819999999999999,23.0,144.0,0.99782,3.27,0.55,9.4,medio
7.1,0.31,0.3,2.2,0.053,36.0,127.0,0.9965,2.94,1.62,9.5,medio
6.6,0.84,0.03,2.3,0.059,32.0,48.0,0.9952,3.52,0.56,12.3,premium
10.5,0.43,0.35,3.3,0.092,24.0,70.0,0.99798,3.21,0.69,10.5,medio
7.4,0.53,0.12,1.9,0.165,4.0,12.0,0.99702,3.26,0.86,9.2,medio
9.3,0.37,0.44,1.6,0.038,21.0,42.0,0.99526,3.24,0.81,10.8,premium
7.9,0.33,0.41,1.5,0.0559999999999999,6.0,35.0,0.99396,3.29,0.71,11.0,medio
7.7,0.51,0.28,2.1,0.087,23.0,54.0,0.998,3.42,0.74,9.2,medio
12.3,0.27,0.49,3.1,0.079,28.0,46.0,0.9993,3.2,0.8,10.2,medio
7.1,0.36,0.3,1.6,0.08,35.0,70.0,0.99693,3.44,0.5,9.4,medio
7.5,0.31,0.41,2.4,0.065,34.0,60.0,0.99492,3.34,0.85,11.4,medio
9.0,0.38,0.41,2.4,0.103,6.0,10.0,0.99604,3.13,0.58,11.9,premium
8.6,0.55,0.09,3.3,0.068,8.0,17.0,0.99735,3.23,0.44,10.0,medio
10.3,0.41,0.42,2.4,0.213,6.0,14.0,0.9994,3.19,0.62,9.5,medio
7.9,0.54,0.34,2.5,0.076,8.0,17.0,0.99235,3.2,0.72,13.1,premium
7.6,0.42,0.25,3.9,0.104,28.0,90.0,0.99784,3.15,0.57,9.1,medio
12.0,0.28,0.49,1.9,0.074,10.0,21.0,0.9976,2.98,0.66,9.9,premium
9.3,0.41,0.39,2.2,0.064,12.0,31.0,0.9984,3.26,0.65,10.2,medio
8.2,0.4,0.31,1.9,0.0819999999999999,8.0,24.0,0.996,3.24,0.69,10.6,medio
8.3,0.31,0.39,2.4,0.078,17.0,43.0,0.99444,3.31,0.77,12.5,premium
9.6,0.42,0.35,2.1,0.083,17.0,38.0,0.99622,3.23,0.66,11.1,medio
6.5,0.52,0.11,1.8,0.073,13.0,38.0,0.9955,3.34,0.52,9.3,medio
8.5,0.4,0.4,6.3,0.05,3.0,10.0,0.99566,3.28,0.56,12.0,bajo
11.1,0.31,0.49,2.7,0.094,16.0,47.0,0.9986,3.12,1.02,10.6,premium
8.1,0.38,0.48,1.8,0.157,5.0,17.0,0.9976,3.3,1.05,9.4,medio
7.6,0.63,0.03,2.0,0.08,27.0,43.0,0.99578,3.44,0.64,10.9,medio
9.7,0.55,0.17,2.9,0.087,20.0,53.0,1.0004,3.14,0.61,9.4,medio
7.2,0.605,0.02,1.9,0.096,10.0,31.0,0.995,3.46,0.53,11.8,medio
8.0,0.6,0.08,2.6,0.0559999999999999,3.0,7.0,0.99286,3.22,0.37,13.0,medio
9.1,0.765,0.04,1.6,0.078,4.0,14.0,0.998,3.29,0.54,9.7,bajo
8.7,0.69,0.31,3.0,0.086,23.0,81.0,1.0002,3.48,0.74,11.6,medio
11.4,0.625,0.66,6.2,0.088,6.0,24.0,0.9988,3.11,0.99,13.3,medio
8.0,0.52,0.25,2.0,0.078,19.0,59.0,0.99612,3.3,0.48,10.2,medio
8.0,0.42,0.17,2.0,0.073,6.0,18.0,0.9972,3.29,0.61,9.2,medio
5.6,0.66,0.0,2.5,0.066,7.0,15.0,0.99256,3.52,0.58,12.9,medio
11.1,0.42,0.47,2.65,0.085,9.0,34.0,0.99736,3.24,0.77,12.1,premium
6.5,0.4,0.1,2.0,0.076,30.0,47.0,0.99554,3.36,0.48,9.4,medio
11.9,0.43,0.66,3.1,0.109,10.0,23.0,1.0,3.15,0.85,10.4,premium
7.8,0.59,0.18,2.3,0.076,17.0,54.0,0.9975,3.43,0.59,10.0,medio
9.8,0.88,0.25,2.5,0.104,35.0,155.0,1.001,3.41,0.67,11.2,medio
7.5,0.63,0.12,5.1,0.111,50.0,110.0,0.9983,3.26,0.77,9.4,medio
8.9,0.59,0.39,2.3,0.095,5.0,22.0,0.9986,3.37,0.58,10.3,medio
6.4,0.57,0.14,3.9,0.07,27.0,73.0,0.99669,3.32,0.48,9.2,medio
10.1,0.65,0.37,5.1,0.11,11.0,65.0,1.0026,3.32,0.64,10.4,medio
7.0,0.56,0.13,1.6,0.077,25.0,42.0,0.99629,3.34,0.59,9.2,medio
7.0,0.6,0.12,2.2,0.083,13.0,28.0,0.9966,3.52,0.62,10.2,premium
7.0,0.975,0.04,2.0,0.087,12.0,67.0,0.99565,3.35,0.6,9.4,bajo
6.9,0.41,0.31,2.0,0.079,21.0,51.0,0.99668,3.47,0.55,9.5,medio
11.5,0.45,0.5,3.0,0.078,19.0,47.0,1.0003,3.26,1.11,11.0,medio
9.8,0.51,0.19,3.2,0.081,8.0,30.0,0.9984,3.23,0.58,10.5,medio
9.0,0.39,0.4,1.3,0.044,25.0,50.0,0.99478,3.2,0.83,10.9,medio
9.4,0.5,0.34,3.6,0.0819999999999999,5.0,14.0,0.9987,3.29,0.52,10.7,medio
6.3,0.6,0.1,1.6,0.048,12.0,26.0,0.99306,3.55,0.51,12.1,medio
9.1,0.785,0.0,2.6,0.093,11.0,28.0,0.9994,3.36,0.86,9.4,medio
11.6,0.41,0.58,2.8,0.096,25.0,101.0,1.00024,3.13,0.53,10.0,medio
9.2,0.53,0.24,2.6,0.078,28.0,139.0,0.99788,3.21,0.57,9.5,medio
9.0,0.46,0.23,2.8,0.092,28.0,104.0,0.9983,3.1,0.56,9.2,medio
7.2,0.57,0.06,1.6,0.076,9.0,27.0,0.9972,3.36,0.7,9.6,medio
7.4,0.965,0.0,2.2,0.088,16.0,32.0,0.99756,3.58,0.67,10.2,medio
11.9,0.37,0.69,2.3,0.078,12.0,24.0,0.9958,3.0,0.65,12.8,medio
7.0,0.43,0.02,1.9,0.08,15.0,28.0,0.99492,3.35,0.81,10.6,medio
9.3,0.715,0.24,2.1,0.07,5.0,20.0,0.9966,3.12,0.59,9.9,medio
6.3,0.47,0.0,1.4,0.055,27.0,33.0,0.9922,3.45,0.48,12.3,medio
9.6,0.41,0.37,2.3,0.091,10.0,23.0,0.99786,3.24,0.56,10.5,medio
7.4,0.58,0.0,2.0,0.064,7.0,11.0,0.99562,3.45,0.58,11.3,medio
12.5,0.28,0.54,2.3,0.0819999999999999,12.0,29.0,0.9997,3.11,1.36,9.8,premium
10.1,0.31,0.35,1.6,0.075,9.0,28.0,0.99672,3.24,0.83,11.2,premium
10.0,0.32,0.59,2.2,0.077,3.0,15.0,0.9994,3.2,0.78,9.6,medio
6.7,0.41,0.43,2.8,0.076,22.0,54.0,0.99572,3.42,1.16,10.6,medio
6.8,0.59,0.06,6.0,0.06,11.0,18.0,0.9962,3.41,0.59,10.8,premium
7.5,0.38,0.48,2.6,0.073,22.0,84.0,0.9972,3.32,0.7,9.6,bajo
6.3,0.3,0.48,1.8,0.069,18.0,61.0,0.9959,3.44,0.78,10.3,medio
8.7,0.46,0.31,2.5,0.126,24.0,64.0,0.99746,3.1,0.74,9.6,medio
11.9,0.39,0.69,2.8,0.095,17.0,35.0,0.9994,3.1,0.61,10.8,medio
9.2,0.46,0.23,2.6,0.091,18.0,77.0,0.99922,3.15,0.51,9.4,medio
7.8,0.58,0.13,2.1,0.102,17.0,36.0,0.9944,3.24,0.53,11.2,medio
10.1,0.27,0.54,2.3,0.065,7.0,26.0,0.99531,3.17,0.53,12.5,medio
7.6,0.41,0.49,2.0,0.088,16.0,43.0,0.998,3.48,0.64,9.1,medio
7.8,0.645,0.0,5.5,0.086,5.0,18.0,0.9986,3.4,0.55,9.6,medio
6.9,0.36,0.25,2.4,0.098,5.0,16.0,0.9964,3.41,0.6,10.1,medio
6.1,0.64,0.02,2.4,0.069,26.0,46.0,0.99358,3.47,0.45,11.0,medio
6.7,0.46,0.24,1.7,0.077,18.0,34.0,0.9948,3.39,0.6,10.6,medio
8.9,0.595,0.41,7.9,0.086,30.0,109.0,0.9998,3.27,0.57,9.3,medio
7.8,0.54,0.26,2.0,0.088,23.0,48.0,0.9981,3.41,0.74,9.2,medio
7.1,0.875,0.05,5.7,0.0819999999999999,3.0,14.0,0.99808,3.4,0.52,10.2,bajo
12.2,0.34,0.5,2.4,0.066,10.0,21.0,1.0,3.12,1.18,9.2,medio
7.8,0.52,0.25,1.9,0.081,14.0,38.0,0.9984,3.43,0.65,9.0,medio
7.8,0.58,0.02,2.0,0.073,9.0,18.0,0.9968,3.36,0.57,9.5,premium
15.9,0.36,0.65,7.5,0.096,22.0,71.0,0.9976,2.98,0.84,14.9,medio
8.8,0.46,0.45,2.6,0.065,7.0,18.0,0.9947,3.32,0.79,14.0,medio
8.3,0.33,0.42,2.3,0.07,9.0,20.0,0.99426,3.38,0.77,12.7,premium
11.0,0.3,0.58,2.1,0.054,7.0,19.0,0.998,3.31,0.88,10.5,premium
8.6,0.49,0.51,2.0,0.422,16.0,62.0,0.9979,3.03,1.17,9.0,medio
6.4,0.36,0.53,2.2,0.23,19.0,35.0,0.9934,3.37,0.93,12.4,medio
7.3,0.33,0.47,2.1,0.077,5.0,11.0,0.9958,3.33,0.53,10.3,medio
7.0,0.58,0.28,4.8,0.085,12.0,69.0,0.99633,3.32,0.7,11.0,medio
7.5,0.64,0.0,2.4,0.077,18.0,29.0,0.9965,3.32,0.6,10.0,medio
7.5,0.59,0.22,1.8,0.0819999999999999,43.0,60.0,0.99499,3.1,0.42,9.2,medio
10.3,0.44,0.5,4.5,0.107,5.0,13.0,0.998,3.28,0.83,11.5,medio
5.5,0.49,0.03,1.8,0.044,28.0,87.0,0.9908,3.5,0.82,14.0,premium
7.2,0.62,0.01,2.3,0.065,8.0,46.0,0.99332,3.32,0.51,11.8,medio
9.7,0.66,0.34,2.6,0.094,12.0,88.0,0.99796,3.26,0.66,10.1,medio
6.5,0.615,0.0,1.9,0.065,9.0,18.0,0.9972,3.46,0.65,9.2,medio
10.0,0.42,0.5,3.4,0.107,7.0,21.0,0.9979,3.26,0.93,11.8,medio
6.9,0.52,0.25,2.6,0.081,10.0,37.0,0.99685,3.46,0.5,11.0,medio
7.8,0.815,0.01,2.6,0.074,48.0,90.0,0.99621,3.38,0.62,10.8,medio
7.0,0.78,0.08,2.0,0.093,10.0,19.0,0.9956,3.4,0.47,10.0,medio
7.8,0.76,0.04,2.3,0.092,15.0,54.0,0.997,3.26,0.65,9.8,medio
8.1,0.56,0.28,1.7,0.368,16.0,56.0,0.9968,3.11,1.28,9.3,medio
9.9,0.35,0.38,1.5,0.0579999999999999,31.0,47.0,0.99676,3.26,0.82,10.6,premium
8.2,0.64,0.27,2.0,0.095,5.0,77.0,0.99747,3.13,0.62,9.1,medio
9.0,0.43,0.34,2.5,0.08,26.0,86.0,0.9987,3.38,0.62,9.5,medio
9.2,0.58,0.2,3.0,0.081,15.0,115.0,0.998,3.23,0.59,9.5,medio
5.3,0.47,0.11,2.2,0.048,16.0,89.0,0.99182,3.54,0.88,13.566666666666698,premium
7.2,0.52,0.07,1.4,0.074,5.0,20.0,0.9973,3.32,0.81,9.6,medio
7.9,0.29,0.49,2.2,0.096,21.0,59.0,0.99714,3.31,0.67,10.1,medio
8.8,0.44,0.49,2.8,0.083,18.0,111.0,0.9982,3.3,0.6,9.5,medio
9.1,0.5,0.3,1.9,0.065,8.0,17.0,0.99774,3.32,0.71,10.5,medio
8.5,0.66,0.2,2.1,0.0969999999999999,23.0,113.0,0.99733,3.13,0.48,9.2,medio
9.2,0.67,0.1,3.0,0.091,12.0,48.0,0.99888,3.31,0.54,9.5,medio
7.7,0.28,0.3,2.0,0.062,18.0,34.0,0.9952,3.28,0.9,11.3,premium
7.8,0.645,0.0,2.0,0.0819999999999999,8.0,16.0,0.9964,3.38,0.59,9.8,medio
7.9,0.545,0.06,4.0,0.087,27.0,61.0,0.9965,3.36,0.67,10.7,medio
8.2,0.28,0.4,2.4,0.052,4.0,10.0,0.99356,3.33,0.7,12.8,premium
6.8,0.61,0.04,1.5,0.057,5.0,10.0,0.99525,3.42,0.6,9.5,medio
7.5,0.58,0.14,2.2,0.077,27.0,60.0,0.9963,3.28,0.59,9.8,medio
7.2,0.45,0.15,2.0,0.078,10.0,28.0,0.99609,3.29,0.51,9.9,medio
8.0,0.6,0.22,2.1,0.08,25.0,105.0,0.99613,3.3,0.49,9.9,medio
7.6,0.79,0.21,2.3,0.087,21.0,68.0,0.9955,3.12,0.44,9.2,medio
7.2,0.61,0.08,4.0,0.0819999999999999,26.0,108.0,0.99641,3.25,0.51,9.4,medio
9.3,0.5,0.36,1.8,0.084,6.0,17.0,0.99704,3.27,0.77,10.8,medio
10.6,0.83,0.37,2.6,0.086,26.0,70.0,0.9981,3.16,0.52,9.9,medio
6.0,0.33,0.32,12.9,0.054,6.0,113.0,0.99572,3.3,0.56,11.5,bajo
7.5,0.42,0.32,2.7,0.067,7.0,25.0,0.99628,3.24,0.44,10.4,medio
12.2,0.48,0.54,2.6,0.085,19.0,64.0,1.0,3.1,0.61,10.5,medio
12.8,0.84,0.63,2.4,0.088,13.0,35.0,0.9997,3.1,0.6,10.4,medio
8.4,0.6,0.1,2.2,0.085,14.0,111.0,0.9964,3.15,0.66,9.8,medio
6.6,0.58,0.02,2.4,0.069,19.0,40.0,0.99387,3.38,0.66,12.6,medio
6.4,0.885,0.0,2.3,0.166,6.0,12.0,0.99551,3.56,0.51,10.8,medio
7.2,0.5,0.18,2.1,0.071,12.0,31.0,0.99761,3.52,0.72,9.6,medio
8.5,0.18,0.51,1.75,0.071,45.0,88.0,0.99524,3.33,0.76,11.8,premium
8.1,0.82,0.0,4.1,0.095,5.0,14.0,0.99854,3.36,0.53,9.6,medio
11.0,0.2,0.48,2.0,0.3429999999999999,6.0,18.0,0.9979,3.3,0.71,10.5,medio
7.3,1.07,0.09,1.7,0.178,10.0,89.0,0.9962,3.3,0.57,9.0,medio
7.4,0.41,0.24,1.8,0.066,18.0,47.0,0.9956,3.37,0.62,10.4,medio
9.9,0.5,0.5,13.8,0.205,48.0,82.0,1.00242,3.16,0.75,8.8,medio
7.3,0.58,0.3,2.4,0.074,15.0,55.0,0.9968,3.46,0.59,10.2,medio
7.0,0.69,0.08,1.8,0.0969999999999999,22.0,89.0,0.9959,3.34,0.54,9.2,medio
9.1,0.3,0.41,2.0,0.068,10.0,24.0,0.99523,3.27,0.85,11.7,premium
9.8,0.5,0.49,2.6,0.25,5.0,20.0,0.999,3.31,0.79,10.7,medio
5.2,0.49,0.26,2.3,0.09,23.0,74.0,0.9953,3.71,0.62,12.2,medio
6.7,0.67,0.02,1.9,0.061,26.0,42.0,0.99489,3.39,0.82,10.9,medio
8.8,0.41,0.64,2.2,0.093,9.0,42.0,0.9986,3.54,0.66,10.5,medio
8.7,0.31,0.46,1.4,0.059,11.0,25.0,0.9966,3.36,0.76,10.1,medio
11.1,0.44,0.42,2.2,0.064,14.0,19.0,0.99758,3.25,0.57,10.4,medio
7.1,0.68,0.0,2.3,0.087,17.0,26.0,0.99783,3.45,0.53,9.5,medio
7.8,0.5,0.17,1.6,0.0819999999999999,21.0,102.0,0.996,3.39,0.48,9.5,medio
5.0,1.02,0.04,1.4,0.045,41.0,85.0,0.9938,3.75,0.48,10.5,bajo
8.9,0.48,0.24,2.85,0.094,35.0,106.0,0.9982,3.1,0.53,9.2,medio
8.3,0.6,0.25,2.2,0.118,9.0,38.0,0.99616,3.15,0.53,9.8,medio
8.9,0.24,0.39,1.6,0.074,3.0,10.0,0.99698,3.12,0.59,9.5,medio
15.6,0.645,0.49,4.2,0.095,10.0,23.0,1.00315,2.92,0.74,11.1,medio
8.1,0.38,0.28,2.1,0.066,13.0,30.0,0.9968,3.23,0.73,9.7,premium
8.2,0.74,0.09,2.0,0.067,5.0,10.0,0.99418,3.28,0.57,11.8,medio
7.1,0.66,0.0,3.9,0.086,17.0,45.0,0.9976,3.46,0.54,9.5,medio
8.7,0.52,0.09,2.5,0.091,20.0,49.0,0.9976,3.34,0.86,10.6,premium
12.5,0.38,0.6,2.6,0.081,31.0,72.0,0.9996,3.1,0.73,10.5,medio
8.7,0.69,0.0,3.2,0.084,13.0,33.0,0.9992,3.36,0.45,9.4,medio
6.6,0.52,0.04,2.2,0.069,8.0,15.0,0.9956,3.4,0.63,9.4,medio
5.4,0.835,0.08,1.2,0.046,13.0,93.0,0.9924,3.57,0.85,13.0,premium
5.6,0.66,0.0,2.2,0.087,3.0,11.0,0.99378,3.71,0.63,12.8,premium
8.2,0.33,0.39,2.5,0.074,29.0,48.0,0.99528,3.32,0.88,12.4,premium
7.8,0.55,0.35,2.2,0.074,21.0,66.0,0.9974,3.25,0.56,9.2,medio
10.0,0.31,0.47,2.6,0.085,14.0,33.0,0.99965,3.36,0.8,10.5,premium
7.2,0.65,0.02,2.3,0.094,5.0,31.0,0.9993,3.67,0.8,9.7,medio
7.0,0.69,0.0,1.9,0.114,3.0,10.0,0.99636,3.35,0.6,9.7,medio
7.5,0.43,0.3,2.2,0.062,6.0,12.0,0.99495,3.44,0.72,11.5,premium
10.6,0.36,0.57,2.3,0.087,6.0,20.0,0.99676,3.14,0.72,11.1,premium
7.2,0.56,0.26,2.0,0.083,13.0,100.0,0.99586,3.26,0.52,9.9,medio
8.9,0.32,0.31,2.0,0.088,12.0,19.0,0.9957,3.17,0.55,10.4,medio
7.7,0.6,0.0,2.6,0.055,7.0,13.0,0.99639,3.38,0.56,10.8,medio
6.2,0.39,0.43,2.0,0.071,14.0,24.0,0.99428,3.45,0.87,11.2,premium
12.5,0.46,0.49,4.5,0.07,26.0,49.0,0.9981,3.05,0.57,9.6,bajo
6.7,0.855,0.02,1.9,0.064,29.0,38.0,0.99472,3.3,0.56,10.75,medio
10.8,0.29,0.42,1.6,0.084,19.0,27.0,0.99545,3.28,0.73,11.9,medio
8.2,0.34,0.38,2.5,0.08,12.0,57.0,0.9978,3.3,0.47,9.0,medio
7.5,0.38,0.57,2.3,0.106,5.0,12.0,0.99605,3.36,0.55,11.4,medio
9.2,0.54,0.31,2.3,0.1119999999999999,11.0,38.0,0.99699,3.24,0.56,10.9,medio
7.2,0.38,0.31,2.0,0.0559999999999999,15.0,29.0,0.99472,3.23,0.76,11.3,premium
8.1,0.87,0.0,2.2,0.084,10.0,31.0,0.99656,3.25,0.5,9.8,medio
11.2,0.5,0.74,5.15,0.1,5.0,17.0,0.9996,3.22,0.62,11.2,medio
8.0,0.45,0.23,2.2,0.094,16.0,29.0,0.9962,3.21,0.49,10.2,medio
6.9,0.57,0.0,2.8,0.081,21.0,41.0,0.99518,3.41,0.52,10.8,medio
10.6,0.31,0.49,2.2,0.063,18.0,40.0,0.9976,3.14,0.51,9.8,medio
10.0,0.56,0.24,2.2,0.079,19.0,58.0,0.9991,3.18,0.56,10.1,medio
6.9,0.4,0.24,2.5,0.083,30.0,45.0,0.9959,3.26,0.58,10.0,medio
7.8,0.41,0.68,1.7,0.467,18.0,69.0,0.9973,3.08,1.31,9.3,medio
7.1,0.47,0.0,2.2,0.067,7.0,14.0,0.99517,3.4,0.58,10.9,bajo
7.1,0.71,0.0,1.9,0.08,14.0,35.0,0.9972,3.47,0.55,9.4,medio
8.3,0.3,0.49,3.8,0.09,11.0,24.0,0.99498,3.27,0.64,12.1,premium
6.2,0.63,0.31,1.7,0.088,15.0,64.0,0.9969,3.46,0.79,9.3,medio
8.8,0.4,0.4,2.2,0.079,19.0,52.0,0.998,3.44,0.64,9.2,medio
9.7,0.32,0.54,2.5,0.094,28.0,83.0,0.9984,3.28,0.82,9.6,medio
8.1,0.66,0.22,2.2,0.069,9.0,23.0,0.9968,3.3,1.2,10.3,medio
9.9,0.32,0.56,2.0,0.073,3.0,8.0,0.99534,3.15,0.73,11.4,medio
13.0,0.32,0.65,2.6,0.093,15.0,47.0,0.9996,3.05,0.61,10.6,medio
7.5,0.41,0.15,3.7,0.104,29.0,94.0,0.99786,3.14,0.58,9.1,medio
8.4,0.65,0.6,2.1,0.1119999999999999,12.0,90.0,0.9973,3.2,0.52,9.2,medio
6.8,0.67,0.0,1.9,0.08,22.0,39.0,0.99701,3.4,0.74,9.7,medio
6.6,0.8,0.03,7.8,0.079,6.0,12.0,0.9963,3.52,0.5,12.2,medio
9.8,0.66,0.39,3.2,0.083,21.0,59.0,0.9989,3.37,0.71,11.5,premium
8.8,0.685,0.26,1.6,0.088,16.0,23.0,0.99694,3.32,0.47,9.4,medio
5.7,0.6,0.0,1.4,0.063,11.0,18.0,0.99191,3.45,0.56,12.2,medio
8.5,0.49,0.11,2.3,0.084,9.0,67.0,0.9968,3.17,0.53,9.4,medio
7.8,0.57,0.31,1.8,0.069,26.0,120.0,0.99625,3.29,0.53,9.3,medio
15.5,0.645,0.49,4.2,0.095,10.0,23.0,1.00315,2.92,0.74,11.1,medio
8.7,0.41,0.41,6.2,0.078,25.0,42.0,0.9953,3.24,0.77,12.6,premium
12.6,0.31,0.72,2.2,0.072,6.0,29.0,0.9987,2.88,0.82,9.8,premium
10.9,0.39,0.47,1.8,0.118,6.0,14.0,0.9982,3.3,0.75,9.8,medio
10.6,0.36,0.6,2.2,0.152,7.0,18.0,0.9986,3.04,1.06,9.4,medio
12.6,0.38,0.66,2.6,0.088,10.0,41.0,1.001,3.17,0.68,9.8,medio
8.8,0.31,0.4,2.8,0.109,7.0,16.0,0.99614,3.31,0.79,11.8,premium
13.3,0.34,0.52,3.2,0.094,17.0,53.0,1.0014,3.05,0.81,9.5,medio
7.1,0.43,0.17,1.8,0.0819999999999999,27.0,51.0,0.99634,3.49,0.64,10.4,medio
11.6,0.41,0.54,1.5,0.095,22.0,41.0,0.99735,3.02,0.76,9.9,premium
5.6,0.5,0.09,2.3,0.049,17.0,99.0,0.9937,3.63,0.63,13.0,medio
4.6,0.52,0.15,2.1,0.054,8.0,65.0,0.9934,3.9,0.56,13.1,bajo
8.3,0.56,0.22,2.4,0.0819999999999999,10.0,86.0,0.9983,3.37,0.62,9.5,medio
7.7,0.49,0.26,1.9,0.062,9.0,31.0,0.9966,3.39,0.64,9.6,medio
6.9,0.45,0.11,2.4,0.043,6.0,12.0,0.99354,3.3,0.65,11.4,medio
10.1,0.935,0.22,3.4,0.105,11.0,86.0,1.001,3.43,0.64,11.3,bajo
11.9,0.38,0.49,2.7,0.098,12.0,42.0,1.0004,3.16,0.61,10.3,medio
6.4,0.42,0.09,2.3,0.054,34.0,64.0,0.99724,3.41,0.68,10.4,medio
7.7,0.69,0.22,1.9,0.084,18.0,94.0,0.9961,3.31,0.48,9.5,medio
11.8,0.33,0.49,3.4,0.093,54.0,80.0,1.0002,3.3,0.76,10.7,premium
6.5,0.61,0.0,2.2,0.095,48.0,59.0,0.99541,3.61,0.7,11.5,medio
12.3,0.5,0.49,2.2,0.089,5.0,14.0,1.0002,3.19,0.44,9.6,medio
7.7,0.43,0.25,2.6,0.073,29.0,63.0,0.99615,3.37,0.58,10.5,medio
8.1,0.67,0.55,1.8,0.1169999999999999,32.0,141.0,0.9968,3.17,0.62,9.4,medio
6.5,0.53,0.06,2.0,0.063,29.0,44.0,0.99489,3.38,0.83,10.3,medio
7.8,0.44,0.28,2.7,0.1,18.0,95.0,0.9966,3.22,0.67,9.4,medio
6.1,0.34,0.25,1.8,0.084,4.0,28.0,0.99464,3.36,0.44,10.1,medio
7.2,0.35,0.26,1.8,0.083,33.0,75.0,0.9968,3.4,0.58,9.5,medio
8.0,0.28,0.44,1.8,0.081,28.0,68.0,0.99501,3.36,0.66,11.2,medio
9.4,0.4,0.47,2.5,0.087,6.0,20.0,0.99772,3.15,0.5,10.5,medio
10.2,0.67,0.39,1.9,0.054,6.0,17.0,0.9976,3.17,0.47,10.0,medio
8.9,0.12,0.45,1.8,0.075,10.0,21.0,0.99552,3.41,0.76,11.9,premium
7.4,0.61,0.01,2.0,0.074,13.0,38.0,0.99748,3.48,0.65,9.8,medio
5.6,0.62,0.03,1.5,0.08,6.0,13.0,0.99498,3.66,0.62,10.1,bajo
7.0,0.57,0.0,2.0,0.19,12.0,45.0,0.99676,3.31,0.6,9.4,medio
10.8,0.45,0.33,2.5,0.099,20.0,38.0,0.99818,3.24,0.71,10.8,medio
8.0,0.52,0.03,1.7,0.07,10.0,35.0,0.99575,3.34,0.57,10.0,medio
7.7,0.63,0.08,1.9,0.076,15.0,27.0,0.9967,3.32,0.54,9.5,medio
11.6,0.58,0.66,2.2,0.074,10.0,47.0,1.0008,3.25,0.57,9.0,bajo
7.3,0.49,0.1,2.6,0.068,4.0,14.0,0.99562,3.3,0.47,10.5,medio
7.8,0.6,0.14,2.4,0.086,3.0,15.0,0.9975,3.42,0.6,10.8,medio
9.5,0.46,0.49,6.3,0.064,5.0,17.0,0.9988,3.21,0.73,11.0,medio
8.8,0.37,0.48,2.1,0.0969999999999999,39.0,145.0,0.9975,3.04,1.03,9.3,medio
7.4,0.63,0.07,2.4,0.09,11.0,37.0,0.9979,3.43,0.76,9.7,medio
8.7,0.29,0.52,1.6,0.113,12.0,37.0,0.9969,3.25,0.58,9.5,medio
7.6,0.735,0.02,2.5,0.071,10.0,14.0,0.99538,3.51,0.71,11.7,premium
8.6,0.8,0.11,2.3,0.084,12.0,31.0,0.9979,3.4,0.48,9.9,medio
9.1,0.6,0.0,1.9,0.0579999999999999,5.0,10.0,0.9977,3.18,0.63,10.4,medio
7.6,0.52,0.12,3.0,0.067,12.0,53.0,0.9971,3.36,0.57,9.1,medio
6.7,0.48,0.08,2.1,0.064,18.0,34.0,0.99552,3.33,0.64,9.7,medio
8.0,0.48,0.34,2.2,0.073,16.0,25.0,0.9936,3.28,0.66,12.4,medio
8.0,0.745,0.56,2.0,0.118,30.0,134.0,0.9968,3.24,0.66,9.4,medio
7.0,0.65,0.02,2.1,0.066,8.0,25.0,0.9972,3.47,0.67,9.5,medio
10.2,0.54,0.37,15.4,0.214,55.0,95.0,1.00369,3.18,0.77,9.0,medio
7.7,0.965,0.1,2.1,0.1119999999999999,11.0,22.0,0.9963,3.26,0.5,9.5,medio
8.6,0.42,0.39,1.8,0.068,6.0,12.0,0.99516,3.35,0.69,11.7,premium
7.9,0.53,0.24,2.0,0.072,15.0,105.0,0.996,3.27,0.54,9.4,medio
9.5,0.78,0.22,1.9,0.077,6.0,32.0,0.9988,3.26,0.56,10.6,medio
8.0,0.42,0.32,2.5,0.08,26.0,122.0,0.99801,3.22,1.07,9.7,medio
9.0,0.66,0.17,3.0,0.077,5.0,13.0,0.9976,3.29,0.55,10.4,medio
6.8,0.66,0.07,1.6,0.07,16.0,61.0,0.99572,3.29,0.6,9.3,medio
8.3,0.54,0.28,1.9,0.077,11.0,40.0,0.9978,3.39,0.61,10.0,medio
8.4,0.39,0.1,1.7,0.075,6.0,25.0,0.99581,3.09,0.43,9.7,medio
8.3,0.615,0.22,2.6,0.087,6.0,19.0,0.9982,3.26,0.61,9.3,medio
7.5,0.57,0.08,2.6,0.089,14.0,27.0,0.99592,3.3,0.59,10.4,medio
10.9,0.32,0.52,1.8,0.132,17.0,44.0,0.99734,3.28,0.77,11.5,medio
5.2,0.34,0.0,1.8,0.05,27.0,63.0,0.9916,3.68,0.79,14.0,medio
7.8,0.5,0.09,2.2,0.115,10.0,42.0,0.9971,3.18,0.62,9.5,medio
7.4,0.36,0.3,1.8,0.074,17.0,24.0,0.99419,3.24,0.7,11.4,premium
11.3,0.62,0.67,5.2,0.086,6.0,19.0,0.9988,3.22,0.69,13.4,premium
8.7,0.84,0.0,1.4,0.065,24.0,33.0,0.9954,3.27,0.55,9.7,medio
6.4,0.67,0.08,2.1,0.045,19.0,48.0,0.9949,3.49,0.49,11.4,medio
9.1,0.52,0.33,1.3,0.07,9.0,30.0,0.9978,3.24,0.6,9.3,medio
7.2,0.62,0.06,2.5,0.078,17.0,84.0,0.99746,3.51,0.53,9.7,medio
6.9,0.58,0.2,1.75,0.0579999999999999,8.0,22.0,0.99322,3.38,0.49,11.7,medio
8.2,1.33,0.0,1.7,0.081,3.0,12.0,0.9964,3.53,0.49,10.9,medio
7.5,0.27,0.34,2.3,0.05,4.0,8.0,0.9951,3.4,0.64,11.0,premium
7.3,0.67,0.26,1.8,0.401,16.0,51.0,0.9969,3.16,1.14,9.4,medio
8.2,0.78,0.0,2.2,0.089,13.0,26.0,0.9978,3.37,0.46,9.6,bajo
6.3,0.68,0.01,3.7,0.103,32.0,54.0,0.99586,3.51,0.66,11.3,medio
7.1,0.68,0.0,2.2,0.073,12.0,22.0,0.9969,3.48,0.5,9.3,medio
8.4,0.665,0.61,2.0,0.1119999999999999,13.0,95.0,0.997,3.16,0.54,9.1,medio
10.5,0.51,0.64,2.4,0.107,6.0,15.0,0.9973,3.09,0.66,11.8,premium
8.6,0.47,0.27,2.3,0.055,14.0,28.0,0.99516,3.18,0.8,11.2,medio
6.9,1.09,0.06,2.1,0.061,12.0,31.0,0.9948,3.51,0.43,11.4,bajo
10.0,0.58,0.22,1.9,0.08,9.0,32.0,0.9974,3.13,0.55,9.5,medio
9.1,0.76,0.68,1.7,0.414,18.0,64.0,0.99652,2.9,1.33,9.1,medio
8.6,0.635,0.68,1.8,0.4029999999999999,19.0,56.0,0.99632,3.02,1.15,9.3,medio
9.4,0.43,0.24,2.8,0.092,14.0,45.0,0.998,3.19,0.73,10.0,medio
6.8,0.61,0.2,1.8,0.077,11.0,65.0,0.9971,3.54,0.58,9.3,medio
7.3,0.98,0.05,2.1,0.061,20.0,49.0,0.99705,3.31,0.55,9.7,bajo
9.8,0.98,0.32,2.3,0.078,35.0,152.0,0.998,3.25,0.48,9.4,medio
7.8,0.43,0.32,2.8,0.08,29.0,58.0,0.9974,3.31,0.64,10.3,medio
9.1,0.36,0.39,1.8,0.06,21.0,55.0,0.99495,3.18,0.82,11.0,premium
6.7,0.16,0.64,2.1,0.059,24.0,52.0,0.99494,3.34,0.71,11.2,medio
9.3,0.27,0.41,2.0,0.091,6.0,16.0,0.998,3.28,0.7,9.7,medio
11.3,0.37,0.5,1.8,0.09,20.0,47.0,0.99734,3.15,0.57,10.5,medio
7.3,0.43,0.24,2.5,0.078,27.0,67.0,0.99648,3.6,0.59,11.1,medio
7.5,0.53,0.06,2.6,0.086,20.0,44.0,0.9965,3.38,0.59,10.7,medio
7.9,0.52,0.26,1.9,0.079,42.0,140.0,0.9964,3.23,0.54,9.5,medio
10.5,0.28,0.51,1.7,0.08,10.0,24.0,0.9982,3.2,0.89,9.4,medio
8.5,0.46,0.31,2.25,0.078,32.0,58.0,0.998,3.33,0.54,9.8,medio
14.3,0.31,0.74,1.8,0.075,6.0,15.0,1.0008,2.86,0.79,8.4,medio
8.4,0.25,0.39,2.0,0.0409999999999999,4.0,10.0,0.99386,3.27,0.71,12.5,premium
8.3,0.655,0.12,2.3,0.083,15.0,113.0,0.9966,3.17,0.66,9.8,medio
8.1,0.545,0.18,1.9,0.08,13.0,35.0,0.9972,3.3,0.59,9.0,medio
7.8,0.46,0.26,1.9,0.088,23.0,53.0,0.9981,3.43,0.74,9.2,medio
10.3,0.32,0.45,6.4,0.073,5.0,13.0,0.9976,3.23,0.82,12.6,premium
7.2,0.725,0.05,4.65,0.086,4.0,11.0,0.9962,3.41,0.39,10.9,medio
7.4,0.36,0.34,1.8,0.075,18.0,38.0,0.9933,3.38,0.88,13.6,premium
11.6,0.53,0.66,3.65,0.121,6.0,14.0,0.9978,3.05,0.74,11.5,premium
9.0,0.8,0.12,2.4,0.083,8.0,28.0,0.99836,3.33,0.65,10.4,medio
9.5,0.56,0.33,2.4,0.089,35.0,67.0,0.9972,3.28,0.73,11.8,premium
7.1,0.59,0.0,2.1,0.091,9.0,14.0,0.99488,3.42,0.55,11.5,premium
7.9,0.51,0.25,2.9,0.077,21.0,45.0,0.9974,3.49,0.96,12.1,medio
6.9,0.67,0.06,2.1,0.08,8.0,33.0,0.99845,3.68,0.71,9.6,medio
5.6,0.31,0.78,13.9,0.074,23.0,92.0,0.99677,3.39,0.48,10.5,medio
8.5,0.655,0.49,6.1,0.122,34.0,151.0,1.001,3.31,1.14,9.3,medio
6.6,0.895,0.04,2.3,0.068,7.0,13.0,0.99582,3.53,0.58,10.8,medio
10.2,0.44,0.58,4.1,0.092,11.0,24.0,0.99745,3.29,0.99,12.0,premium
8.2,0.35,0.33,2.4,0.076,11.0,47.0,0.99599,3.27,0.81,11.0,medio
6.5,0.9,0.0,1.6,0.052,9.0,17.0,0.99467,3.5,0.63,10.9,medio
7.6,0.68,0.02,1.3,0.072,9.0,20.0,0.9965,3.17,1.08,9.2,bajo
11.7,0.49,0.49,2.2,0.083,5.0,15.0,1.0,3.19,0.43,9.2,medio
11.1,0.35,0.48,3.1,0.09,5.0,21.0,0.9986,3.17,0.53,10.5,medio
9.1,0.64,0.23,3.1,0.095,13.0,38.0,0.9998,3.28,0.59,9.7,medio
7.7,0.915,0.12,2.2,0.143,7.0,23.0,0.9964,3.35,0.65,10.2,premium
9.3,0.33,0.45,1.5,0.057,19.0,37.0,0.99498,3.18,0.89,11.1,premium
7.1,0.59,0.01,2.5,0.077,20.0,85.0,0.99746,3.55,0.59,9.8,medio
9.4,0.615,0.28,3.2,0.087,18.0,72.0,1.0001,3.31,0.53,9.7,medio
7.8,0.61,0.29,1.6,0.114,9.0,29.0,0.9974,3.26,1.56,9.1,medio
6.8,0.49,0.22,2.3,0.071,13.0,24.0,0.99438,3.41,0.83,11.3,medio
11.9,0.57,0.5,2.6,0.0819999999999999,6.0,32.0,1.0006,3.12,0.78,10.7,medio
6.7,0.62,0.21,1.9,0.079,8.0,62.0,0.997,3.52,0.58,9.3,medio
14.0,0.41,0.63,3.8,0.089,6.0,47.0,1.0014,3.01,0.81,10.8,medio
8.3,0.43,0.3,3.4,0.079,7.0,34.0,0.99788,3.36,0.61,10.5,medio
9.6,0.38,0.42,1.9,0.071,5.0,13.0,0.99659,3.15,0.75,10.5,medio
8.3,0.705,0.12,2.6,0.092,12.0,28.0,0.9994,3.51,0.72,10.0,medio
7.0,0.5,0.14,1.8,0.078,10.0,23.0,0.99636,3.53,0.61,10.4,medio
8.9,0.48,0.53,4.0,0.1009999999999999,3.0,10.0,0.99586,3.21,0.59,12.1,premium
8.0,0.62,0.35,2.8,0.086,28.0,52.0,0.997,3.31,0.62,10.8,medio
7.8,0.57,0.09,2.3,0.065,34.0,45.0,0.99417,3.46,0.74,12.7,premium
9.6,0.6,0.5,2.3,0.079,28.0,71.0,0.9997,3.5,0.57,9.7,medio
9.5,0.86,0.26,1.9,0.079,13.0,28.0,0.99712,3.25,0.62,10.0,medio
7.7,0.835,0.0,2.6,0.081,6.0,14.0,0.9975,3.3,0.52,9.3,medio
5.0,0.38,0.01,1.6,0.048,26.0,60.0,0.99084,3.7,0.75,14.0,medio
7.6,0.49,0.33,1.9,0.074,27.0,85.0,0.99706,3.41,0.58,9.0,medio
6.8,0.63,0.07,2.1,0.089,11.0,44.0,0.9953,3.47,0.55,10.4,medio
9.8,0.5,0.34,2.3,0.094,10.0,45.0,0.99864,3.24,0.6,9.7,premium
6.4,0.79,0.04,2.2,0.061,11.0,17.0,0.99588,3.53,0.65,10.4,medio
7.3,0.305,0.39,1.2,0.059,7.0,11.0,0.99331,3.29,0.52,11.5,medio
5.3,0.47,0.11,2.2,0.048,16.0,89.0,0.99182,3.54,0.88,13.6,premium
7.8,0.53,0.04,1.7,0.076,17.0,31.0,0.9964,3.33,0.56,10.0,medio
9.7,0.42,0.46,2.1,0.074,5.0,16.0,0.99649,3.27,0.74,12.3,medio
7.6,0.55,0.21,2.2,0.071,7.0,28.0,0.9964,3.28,0.55,9.7,medio
7.3,0.585,0.18,2.4,0.078,15.0,60.0,0.99638,3.31,0.54,9.8,medio
10.1,0.43,0.4,2.6,0.092,13.0,52.0,0.99834,3.22,0.64,10.0,premium
10.2,0.645,0.36,1.8,0.053,5.0,14.0,0.9982,3.17,0.42,10.0,medio
12.4,0.4,0.51,2.0,0.059,6.0,24.0,0.9994,3.04,0.6,9.3,medio
8.6,0.83,0.0,2.8,0.095,17.0,43.0,0.99822,3.33,0.6,10.4,medio
9.1,0.4,0.57,4.6,0.08,6.0,20.0,0.99652,3.28,0.57,12.5,medio
10.0,0.41,0.45,6.2,0.071,6.0,14.0,0.99702,3.21,0.49,11.8,premium
7.0,0.4,0.32,3.6,0.061,9.0,29.0,0.99416,3.28,0.49,11.3,premium
6.8,0.77,0.0,1.8,0.066,34.0,52.0,0.9976,3.62,0.68,9.9,medio
10.4,0.44,0.73,6.55,0.074,38.0,76.0,0.999,3.17,0.85,12.0,premium
6.6,0.52,0.08,2.4,0.07,13.0,26.0,0.99358,3.4,0.72,12.5,premium
10.5,0.26,0.47,1.9,0.078,6.0,24.0,0.9976,3.18,1.04,10.9,premium
6.8,0.83,0.09,1.8,0.074,4.0,25.0,0.99534,3.38,0.45,9.6,medio
7.1,0.75,0.01,2.2,0.059,11.0,18.0,0.99242,3.39,0.4,12.8,medio
6.7,0.48,0.02,2.2,0.08,36.0,111.0,0.99524,3.1,0.53,9.7,medio
10.4,0.24,0.46,1.8,0.075,6.0,21.0,0.9976,3.25,1.02,10.8,premium
8.4,0.52,0.22,2.7,0.084,4.0,18.0,0.99682,3.26,0.57,9.9,medio
6.4,0.39,0.33,3.3,0.046,12.0,53.0,0.99294,3.36,0.62,12.2,medio
7.6,0.36,0.31,1.7,0.079,26.0,65.0,0.99716,3.46,0.62,9.5,medio
8.0,0.77,0.32,2.1,0.079,16.0,74.0,0.99656,3.27,0.5,9.8,medio
7.5,0.63,0.27,2.0,0.083,17.0,91.0,0.99616,3.26,0.58,9.8,medio
6.0,0.49,0.0,2.3,0.068,15.0,33.0,0.99292,3.58,0.59,12.5,medio
10.7,0.67,0.22,2.7,0.107,17.0,34.0,1.0004,3.28,0.98,9.9,medio
6.4,0.69,0.0,1.65,0.055,7.0,12.0,0.99162,3.47,0.53,12.9,medio
6.9,0.4,0.14,2.4,0.085,21.0,40.0,0.9968,3.43,0.63,9.7,medio
8.5,0.47,0.27,1.9,0.0579999999999999,18.0,38.0,0.99518,3.16,0.85,11.1,medio
10.0,0.46,0.44,2.9,0.065,4.0,8.0,0.99674,3.33,0.62,12.2,medio
7.6,0.41,0.14,3.0,0.087,21.0,43.0,0.9964,3.32,0.57,10.5,medio
7.4,0.59,0.08,4.4,0.086,6.0,29.0,0.9974,3.38,0.5,9.0,bajo
7.2,0.53,0.14,2.1,0.064,15.0,29.0,0.99323,3.35,0.61,12.1,medio
11.1,0.18,0.48,1.5,0.068,7.0,15.0,0.9973,3.22,0.64,10.1,medio
9.4,0.4,0.31,2.2,0.09,13.0,62.0,0.9966,3.07,0.63,10.5,medio
7.5,0.57,0.02,2.6,0.077,11.0,35.0,0.99557,3.36,0.62,10.8,medio
7.3,0.39,0.31,2.4,0.074,9.0,46.0,0.9962,3.41,0.54,9.4,medio
15.6,0.685,0.76,3.7,0.1,6.0,43.0,1.0032,2.95,0.68,11.2,premium
10.2,0.29,0.65,2.4,0.075,6.0,17.0,0.99565,3.22,0.63,11.8,medio
10.2,0.24,0.49,2.4,0.075,10.0,28.0,0.9978,3.14,0.61,10.4,medio
7.5,0.52,0.42,2.3,0.087,8.0,38.0,0.9972,3.58,0.61,10.5,medio
5.9,0.46,0.0,1.9,0.077,25.0,44.0,0.99385,3.5,0.53,11.2,medio
7.0,0.54,0.09,2.0,0.081,10.0,16.0,0.99479,3.43,0.59,11.5,medio
7.3,0.45,0.36,5.9,0.074,12.0,87.0,0.9978,3.33,0.83,10.5,medio
6.0,0.5,0.04,2.2,0.092,13.0,26.0,0.99647,3.46,0.47,10.0,medio
8.1,0.53,0.22,2.2,0.078,33.0,89.0,0.99678,3.26,0.46,9.6,medio
8.2,0.39,0.49,2.3,0.099,47.0,133.0,0.9979,3.38,0.99,9.8,medio
9.0,0.785,0.24,1.7,0.078,10.0,21.0,0.99692,3.29,0.67,10.0,medio
10.4,0.38,0.46,2.1,0.104,6.0,10.0,0.99664,3.12,0.65,11.8,premium
6.8,0.36,0.32,1.8,0.067,4.0,8.0,0.9928,3.36,0.55,12.8,premium
7.9,0.4,0.3,1.8,0.157,2.0,45.0,0.99727,3.31,0.91,9.5,medio
10.0,0.44,0.49,2.7,0.077,11.0,19.0,0.9963,3.23,0.63,11.6,premium
7.7,0.26,0.26,2.0,0.052,19.0,77.0,0.9951,3.15,0.79,10.9,medio
5.1,0.585,0.0,1.7,0.044,14.0,86.0,0.99264,3.56,0.94,12.9,premium
7.6,0.665,0.1,1.5,0.066,27.0,55.0,0.99655,3.39,0.51,9.3,medio
7.7,0.75,0.27,3.8,0.11,34.0,89.0,0.99664,3.24,0.45,9.3,medio
7.4,0.62,0.05,1.9,0.068,24.0,42.0,0.9961,3.42,0.57,11.5,medio
7.0,0.805,0.0,2.5,0.068,7.0,20.0,0.9969,3.48,0.56,9.6,medio
7.2,0.835,0.0,2.0,0.166,4.0,11.0,0.99608,3.39,0.52,10.0,medio
4.7,0.6,0.17,2.3,0.0579999999999999,17.0,106.0,0.9932,3.85,0.6,12.9,medio
9.2,0.92,0.24,2.6,0.087,12.0,93.0,0.9998,3.48,0.54,9.8,medio
7.9,0.69,0.21,2.1,0.08,33.0,141.0,0.9962,3.25,0.51,9.9,medio
8.6,0.645,0.25,2.0,0.083,8.0,28.0,0.99815,3.28,0.6,10.0,medio
7.7,0.56,0.08,2.5,0.114,14.0,46.0,0.9971,3.24,0.66,9.6,medio
7.6,0.74,0.0,1.9,0.1,6.0,12.0,0.99521,3.36,0.59,11.0,medio
8.2,0.73,0.21,1.7,0.074,5.0,13.0,0.9968,3.2,0.52,9.5,medio
10.3,0.43,0.44,2.4,0.214,5.0,12.0,0.9994,3.19,0.63,9.5,medio
7.4,0.55,0.22,2.2,0.106,12.0,72.0,0.9959,3.05,0.63,9.2,medio
6.6,0.56,0.14,2.4,0.064,13.0,29.0,0.99397,3.42,0.62,11.7,premium
10.4,0.34,0.58,3.7,0.174,6.0,16.0,0.997,3.19,0.7,11.3,medio
7.1,0.69,0.04,2.1,0.068,19.0,27.0,0.99712,3.44,0.67,9.8,medio
11.9,0.695,0.53,3.4,0.128,7.0,21.0,0.9992,3.17,0.84,12.2,premium
7.3,0.73,0.24,1.9,0.108,18.0,102.0,0.9967,3.26,0.59,9.3,medio
10.7,0.43,0.39,2.2,0.106,8.0,32.0,0.9986,2.89,0.5,9.6,medio
8.5,0.21,0.52,1.9,0.09,9.0,23.0,0.99648,3.36,0.67,10.4,medio
8.0,1.18,0.21,1.9,0.083,14.0,41.0,0.99532,3.34,0.47,10.5,medio
6.9,0.49,0.19,1.7,0.079,13.0,26.0,0.99547,3.38,0.64,9.8,medio
8.8,0.52,0.34,2.7,0.087,24.0,122.0,0.9982,3.26,0.61,9.5,medio
8.8,0.59,0.18,2.9,0.089,12.0,74.0,0.99738,3.14,0.54,9.4,medio
7.0,0.64,0.02,2.1,0.067,9.0,23.0,0.997,3.47,0.67,9.4,medio
8.9,0.31,0.36,2.6,0.0559999999999999,10.0,39.0,0.99562,3.4,0.69,11.8,medio
7.3,0.35,0.24,2.0,0.067,28.0,48.0,0.99576,3.43,0.54,10.0,bajo
8.2,0.4,0.44,2.8,0.089,11.0,43.0,0.9975,3.53,0.61,10.5,medio
7.5,0.51,0.02,1.7,0.084,13.0,31.0,0.99538,3.36,0.54,10.5,medio
7.0,0.36,0.21,2.4,0.086,24.0,69.0,0.99556,3.4,0.53,10.1,medio
7.4,0.785,0.19,5.2,0.094,19.0,98.0,0.99713,3.16,0.52,9.6,medio
6.6,0.58,0.0,2.2,0.1,50.0,63.0,0.99544,3.59,0.68,11.4,medio
7.8,0.64,0.1,6.0,0.115,5.0,11.0,0.9984,3.37,0.69,10.1,premium
7.9,0.3,0.68,8.3,0.05,37.5,278.0,0.99316,3.01,0.51,12.3,premium
6.9,0.74,0.03,2.3,0.054,7.0,16.0,0.99508,3.45,0.63,11.5,medio
8.9,0.62,0.18,3.8,0.176,52.0,145.0,0.9986,3.16,0.88,9.2,medio
8.3,0.78,0.1,2.6,0.081,45.0,87.0,0.9983,3.48,0.53,10.0,medio
6.6,0.44,0.09,2.2,0.063,9.0,18.0,0.99444,3.42,0.69,11.3,medio
10.6,0.44,0.68,4.1,0.114,6.0,24.0,0.997,3.06,0.66,13.4,medio
9.0,0.82,0.05,2.4,0.081,26.0,96.0,0.99814,3.36,0.53,10.0,medio
7.0,0.62,0.1,1.4,0.071,27.0,63.0,0.996,3.28,0.61,9.2,medio
8.0,0.67,0.3,2.0,0.06,38.0,62.0,0.9958,3.26,0.56,10.2,medio
7.2,0.63,0.03,2.2,0.08,17.0,88.0,0.99745,3.53,0.58,9.8,medio
7.1,0.62,0.06,1.3,0.07,5.0,12.0,0.9942,3.17,0.48,9.8,medio
10.5,0.36,0.47,2.2,0.074,9.0,23.0,0.99638,3.23,0.76,12.0,medio
6.4,0.37,0.25,1.9,0.074,21.0,49.0,0.9974,3.57,0.62,9.8,medio
9.4,0.685,0.11,2.7,0.077,6.0,31.0,0.9984,3.19,0.7,10.1,medio
12.8,0.3,0.74,2.6,0.095,9.0,28.0,0.9994,3.2,0.77,10.8,premium
9.3,0.48,0.29,2.1,0.127,6.0,16.0,0.9968,3.22,0.72,11.2,medio
7.4,0.7,0.0,1.9,0.076,11.0,34.0,0.9978,3.51,0.56,9.4,medio
5.8,0.61,0.11,1.8,0.066,18.0,28.0,0.99483,3.55,0.66,10.9,medio
7.6,0.39,0.31,2.3,0.0819999999999999,23.0,71.0,0.9982,3.52,0.65,9.7,medio
6.3,0.39,0.16,1.4,0.08,11.0,23.0,0.9955,3.34,0.56,9.3,medio
8.0,0.64,0.22,2.4,0.094,5.0,33.0,0.99612,3.37,0.58,11.0,medio
6.8,0.48,0.25,2.0,0.076,29.0,61.0,0.9953,3.34,0.6,10.4,medio
9.0,0.58,0.25,2.0,0.104,8.0,21.0,0.99769,3.27,0.72,9.6,medio
7.9,0.43,0.21,1.6,0.106,10.0,37.0,0.9966,3.17,0.91,9.5,medio
7.7,0.18,0.34,2.7,0.066,15.0,58.0,0.9947,3.37,0.78,11.8,medio
6.4,0.57,0.02,1.8,0.067,4.0,11.0,0.997,3.46,0.68,9.5,medio
6.1,0.58,0.23,2.5,0.044,16.0,70.0,0.99352,3.46,0.65,12.5,medio
7.9,0.35,0.21,1.9,0.073,46.0,102.0,0.9964,3.27,0.58,9.5,medio
7.7,0.67,0.23,2.1,0.088,17.0,96.0,0.9962,3.32,0.48,9.5,medio
8.2,0.32,0.42,2.3,0.098,3.0,9.0,0.99506,3.27,0.55,12.3,medio
6.5,0.51,0.15,3.0,0.064,12.0,27.0,0.9929,3.33,0.59,12.8,medio
7.4,0.36,0.29,2.6,0.087,26.0,72.0,0.99645,3.39,0.68,11.0,medio
5.1,0.42,0.0,1.8,0.044,18.0,88.0,0.99157,3.68,0.73,13.6,premium
8.9,0.35,0.4,3.6,0.11,12.0,24.0,0.99549,3.23,0.7,12.0,premium
6.6,0.88,0.04,2.2,0.066,12.0,20.0,0.99636,3.53,0.56,9.9,medio
8.3,0.715,0.15,1.8,0.089,10.0,52.0,0.9968,3.23,0.77,9.5,medio
8.3,0.65,0.1,2.9,0.089,17.0,40.0,0.99803,3.29,0.55,9.5,medio
6.8,0.68,0.09,3.9,0.068,15.0,29.0,0.99524,3.41,0.52,11.1,bajo
6.8,0.6,0.18,1.9,0.079,18.0,86.0,0.9968,3.59,0.57,9.3,medio
7.4,0.49,0.27,2.1,0.071,14.0,25.0,0.99388,3.35,0.63,12.0,medio
8.8,0.61,0.3,2.8,0.088,17.0,46.0,0.9976,3.26,0.51,9.3,bajo
10.5,0.39,0.46,2.2,0.075,14.0,27.0,0.99598,3.06,0.84,11.4,medio
10.0,0.59,0.31,2.2,0.09,26.0,62.0,0.9994,3.18,0.63,10.2,medio
8.3,0.26,0.37,1.4,0.076,8.0,23.0,0.9974,3.26,0.7,9.6,medio
5.6,0.85,0.05,1.4,0.045,12.0,88.0,0.9924,3.56,0.82,12.9,premium
6.6,0.725,0.09,5.5,0.1169999999999999,9.0,17.0,0.99655,3.35,0.49,10.8,medio
8.9,0.745,0.18,2.5,0.077,15.0,48.0,0.99739,3.2,0.47,9.7,medio
7.3,0.65,0.0,1.2,0.065,15.0,21.0,0.9946,3.39,0.47,10.0,premium
7.8,0.7,0.06,1.9,0.079,20.0,35.0,0.99628,3.4,0.69,10.9,medio
6.4,0.865,0.03,3.2,0.071,27.0,58.0,0.995,3.61,0.49,12.7,medio
5.4,0.74,0.09,1.7,0.089,16.0,26.0,0.99402,3.67,0.56,11.6,medio
11.7,0.28,0.47,1.7,0.054,17.0,32.0,0.99686,3.15,0.67,10.6,premium
11.8,0.38,0.55,2.1,0.071,5.0,19.0,0.9986,3.11,0.62,10.8,medio
9.2,0.43,0.49,2.4,0.086,23.0,116.0,0.9976,3.23,0.64,9.5,medio
7.5,0.5,0.36,6.1,0.071,17.0,102.0,0.9978,3.35,0.8,10.5,medio
7.2,0.49,0.24,2.2,0.07,5.0,36.0,0.996,3.33,0.48,9.4,medio
7.3,0.55,0.03,1.6,0.072,17.0,42.0,0.9956,3.37,0.48,9.0,bajo
5.9,0.19,0.21,1.7,0.045,57.0,135.0,0.99341,3.32,0.44,9.5,medio
10.5,0.42,0.66,2.95,0.1159999999999999,12.0,29.0,0.997,3.24,0.75,11.7,premium
7.0,0.735,0.05,2.0,0.081,13.0,54.0,0.9966,3.39,0.57,9.8,medio
9.3,0.32,0.57,2.0,0.074,27.0,65.0,0.9969,3.28,0.79,10.7,medio
7.8,0.5,0.3,1.9,0.075,8.0,22.0,0.9959,3.31,0.56,10.4,medio
7.0,0.745,0.12,1.8,0.114,15.0,64.0,0.99588,3.22,0.59,9.5,medio
7.6,0.5,0.29,2.3,0.086,5.0,14.0,0.99502,3.32,0.62,11.5,medio
6.1,0.48,0.09,1.7,0.078,18.0,30.0,0.99402,3.45,0.54,11.2,medio
7.3,0.52,0.32,2.1,0.07,51.0,70.0,0.99418,3.34,0.82,12.9,medio
7.7,0.23,0.37,1.8,0.046,23.0,60.0,0.9971,3.41,0.71,12.1,medio
9.9,0.5,0.24,2.3,0.103,6.0,14.0,0.9978,3.34,0.52,10.0,bajo
6.5,0.58,0.0,2.2,0.096,3.0,13.0,0.99557,3.62,0.62,11.5,bajo
7.2,0.415,0.36,2.0,0.081,13.0,45.0,0.9972,3.48,0.64,9.2,medio
7.7,0.69,0.49,1.8,0.115,20.0,112.0,0.9968,3.21,0.71,9.3,medio
8.4,0.37,0.43,2.3,0.063,12.0,19.0,0.9955,3.17,0.81,11.2,premium
8.1,0.66,0.7,2.2,0.098,25.0,129.0,0.9972,3.08,0.53,9.0,medio
8.2,0.57,0.26,2.2,0.06,28.0,65.0,0.9959,3.3,0.43,10.1,medio
8.0,0.38,0.44,1.9,0.098,6.0,15.0,0.9956,3.3,0.64,11.4,medio
13.2,0.38,0.55,2.7,0.081,5.0,16.0,1.0006,2.98,0.54,9.4,medio
9.3,0.4,0.49,2.5,0.085,38.0,142.0,0.9978,3.22,0.55,9.4,medio
9.0,0.48,0.32,2.8,0.084,21.0,122.0,0.9984,3.32,0.62,9.4,medio
8.9,0.565,0.34,3.0,0.093,16.0,112.0,0.9998,3.38,0.61,9.5,medio
5.0,0.42,0.24,2.0,0.06,19.0,50.0,0.9917,3.72,0.74,14.0,premium
6.9,0.55,0.15,2.2,0.076,19.0,40.0,0.9961,3.41,0.59,10.1,medio
7.8,0.87,0.26,3.8,0.107,31.0,67.0,0.99668,3.26,0.46,9.2,medio
6.2,0.6,0.08,2.0,0.09,32.0,44.0,0.9949,3.45,0.58,10.5,medio
6.8,0.63,0.12,3.8,0.099,16.0,126.0,0.9969,3.28,0.61,9.5,medio
7.7,1.005,0.15,2.1,0.102,11.0,32.0,0.99604,3.23,0.48,10.0,medio
9.7,0.53,0.6,2.0,0.039,5.0,19.0,0.99585,3.3,0.86,12.4,medio
6.8,0.48,0.08,1.8,0.074,40.0,64.0,0.99529,3.12,0.49,9.6,medio
8.9,0.875,0.13,3.45,0.088,4.0,14.0,0.9994,3.44,0.52,11.5,medio
6.6,0.39,0.49,1.7,0.07,23.0,149.0,0.9922,3.12,0.5,11.5,medio
7.7,0.69,0.05,2.7,0.075,15.0,27.0,0.9974,3.26,0.61,9.1,medio
6.7,0.86,0.07,2.0,0.1,20.0,57.0,0.99598,3.6,0.74,11.7,medio
6.0,0.58,0.2,2.4,0.075,15.0,50.0,0.99467,3.58,0.67,12.5,medio
6.7,1.04,0.08,2.3,0.067,19.0,32.0,0.99648,3.52,0.57,11.0,bajo
8.8,0.64,0.17,2.9,0.084,25.0,130.0,0.99818,3.23,0.54,9.6,medio
11.6,0.47,0.44,1.6,0.147,36.0,51.0,0.99836,3.38,0.86,9.9,bajo
8.7,0.82,0.02,1.2,0.07,36.0,48.0,0.9952,3.2,0.58,9.8,medio
6.2,0.51,0.14,1.9,0.0559999999999999,15.0,34.0,0.99396,3.48,0.57,11.5,medio
9.9,0.35,0.55,2.1,0.062,5.0,14.0,0.9971,3.26,0.79,10.6,medio
11.8,0.26,0.52,1.8,0.071,6.0,10.0,0.9968,3.2,0.72,10.2,premium
8.1,0.785,0.52,2.0,0.122,37.0,153.0,0.9969,3.21,0.69,9.3,medio
9.8,1.24,0.34,2.0,0.079,32.0,151.0,0.998,3.15,0.53,9.5,medio
8.4,0.62,0.09,2.2,0.084,11.0,108.0,0.9964,3.15,0.66,9.8,medio
8.5,0.28,0.35,1.7,0.061,6.0,15.0,0.99524,3.3,0.74,11.8,premium
12.5,0.46,0.63,2.0,0.071,6.0,15.0,0.9988,2.99,0.87,10.2,medio
5.6,0.31,0.37,1.4,0.074,12.0,96.0,0.9954,3.32,0.58,9.2,medio
9.0,0.45,0.49,2.6,0.084,21.0,75.0,0.9987,3.35,0.57,9.7,medio
8.9,0.61,0.49,2.0,0.27,23.0,110.0,0.9972,3.12,1.02,9.3,medio
8.0,0.5,0.39,2.6,0.0819999999999999,12.0,46.0,0.9985,3.43,0.62,10.7,medio
10.2,0.36,0.64,2.9,0.122,10.0,41.0,0.998,3.23,0.66,12.5,medio
8.6,0.53,0.22,2.0,0.1,7.0,27.0,0.9967,3.2,0.56,10.2,medio
11.7,0.45,0.63,2.2,0.073,7.0,23.0,0.99974,3.21,0.69,10.9,medio
8.2,0.51,0.24,2.0,0.079,16.0,86.0,0.99764,3.34,0.64,9.5,medio
7.5,0.9083929310168988,0.04260914750469411,2.411309770056329,0.08485218295009388,5.573908524953059,12.0,0.9963279958429568,3.425218295009388,0.5368700622551635,10.33913721257041,bajo
6.022895193384958,0.73017532669766,0.04558034922997214,1.8561222681136489,0.08133545850542619,5.77742358242897,12.77742358242897,0.9951625126624082,3.6332908298914766,0.6155484716485794,10.344834059328132,bajo
9.013972883517654,0.7479619966058181,0.20793303203908503,2.2536380437130785,0.08991629004885629,20.65357436873197,105.91049713550969,0.998707276087426,3.2670959325276483,0.9296072310619592,9.972633524299354,bajo
7.035138145266066,0.49162061824464465,0.0,2.4270164915687693,0.06591896908776777,7.432412364892894,14.648618547339339,0.9951386501035453,3.405405154561161,0.5778379381755355,10.997292782100901,bajo
6.626697589153988,0.7636651205423006,0.01706790356615949,1.8439814465076076,0.07536111320954354,6.0,12.146604821692026,0.9960938270858829,3.5558641928676806,0.6270679035661595,9.9573302410846,bajo
7.246002149392282,1.0258688877053581,0.025666308434619645,4.99432294460397,0.08930010746961402,3.973347662615214,14.0,0.9973597227296648,3.5119349812007497,0.5297334766261522,10.443336915653802,bajo
7.780189469635849,0.7216929818938681,0.020990526518207504,2.5964877231216974,0.09692975446243395,13.233228072424527,27.16614036212264,0.9975667719275755,3.400319649415189,0.5089778952091508,9.926519301394338,bajo
7.404480292730886,0.8804866998655723,0.0,2.1162610834453566,0.08648783250336069,14.67477833109287,25.162610834453563,0.9963638775810879,3.462112808210108,0.4976825124495896,10.269911332437148,bajo
7.5,1.0657298679160414,0.08631385219890039,2.9357662263868045,0.085726277043978,5.136861478010996,12.0,0.9959259125597701,3.5126277043978007,0.5849452374187905,10.994707782983506,bajo
7.619640031361583,1.0294573775764682,0.13589200940847496,3.4828481003570664,0.08169295887098299,4.760719937276834,11.760719937276834,0.9957832503956094,3.5088935918459883,0.5952143987455366,11.295712025089266,bajo
8.53076300714681,0.3760353713050286,0.2991712984205197,2.5917129842051967,0.06771005558104624,27.526629612635844,48.23668519368208,0.996313843353216,3.34005962640081,0.5471005558104624,9.905325922527169,bajo
8.66154055952282,0.586000363650622,0.2944616223809128,2.726154965078837,0.08606156783331947,18.01536923016599,46.18461258730291,0.9974301564196814,3.275692069920747,0.5127691888095436,9.364614405556019,bajo
6.8673001350608445,0.826907313013123,0.0,3.036628085416367,0.09640811126117868,3.8162225223574313,13.408111261178716,0.9959903545990141,3.6240811126117873,0.5873510991057027,11.173510991057027,bajo
7.214759928629655,0.6764978175329969,0.01299563506599373,2.350654740100941,0.0667467262994953,9.700436493400627,20.0,0.9959326464403455,3.2680611090760876,0.897886511715837,10.110567441420814,bajo
6.6124543586749605,0.891172409747432,0.082918188044168,2.76691008706688,0.08334185304734082,17.540905977915997,31.7081811955832,0.9965733820174134,3.514163623911664,0.59918188044168,11.0,bajo
6.4408334939820575,0.7729583253008971,0.009633339759282307,1.9554999036107654,0.06867000578335408,6.0,12.518333012035885,0.996331733127703,3.5707333204814353,0.6196333397592823,9.975916650601794,bajo
7.870817373828844,0.7635157806415666,0.23904397116087855,2.0,0.08824402481975549,13.866037229633237,59.53585108146705,0.9967696223377799,3.32511950360489,0.5813396277036676,10.022012409877746,bajo
6.160339707836346,0.6598136108199509,0.021152530928899797,1.617966254281336,0.08117966254281336,6.0,12.70508436429666,0.9954931532061239,3.5656269965749314,0.5816609673585658,9.982033745718663,bajo
6.268493187594468,0.9988584468734255,0.08477034779745182,1.8974483088605758,0.059923449265817275,33.53827536709136,85.24872415443029,0.9955908139118981,3.670408270582308,0.5197958647088461,10.698979323544231,bajo
7.3302525290190985,0.9271133832922307,0.11595808167439267,2.0,0.08468823229686631,11.669747470980901,65.6789898839236,0.9959373197002467,3.3301848482588543,0.5603696965177082,9.53210101160764,bajo
5.5655481555117285,0.6297717726969072,0.19835348354328403,7.90380378838488,0.05008993339960556,21.205814557089496,100.8353483543284,0.9948858524585825,3.495503330019722,0.5252438524409383,11.06554815551173,bajo
9.464321695767897,0.3111782956394044,0.2837480608831328,2.0477906956761167,0.06080523260809708,14.761046521619416,37.52209304323883,0.9960030116261085,3.2655155043422393,0.4874631782612686,9.22389534783806,bajo
6.622312904943182,0.7043873530977607,0.22137574958622996,2.0405202086781418,0.06946474574368315,9.784393739655748,63.81040417356284,0.9952557694892419,3.5371732729366645,0.5124161669425134,11.137166886378676,bajo
6.571441907561503,0.8214512428545555,0.08428526974794989,2.985643159671983,0.0909975105885194,16.85736512602505,31.57147302520501,0.9966171286319344,3.5114294605041003,0.6128526974794989,11.0,bajo
6.7222921582732,0.8245213741005206,0.0444584316546401,2.0518052278178662,0.06932494100721594,3.7409738609106684,11.518052278178663,0.9958293408513187,3.5533123525180397,0.6348194772182134,11.0554156834536,bajo
10.888890808472,0.4446561029378286,0.4362963602824,2.198415440674285,0.12753961398314287,32.13755882486858,48.23280514689143,0.9982687828676838,3.3031743015258286,0.7924865074014857,9.830158455932573,bajo
8.873396662868565,0.753418552781504,0.08860482406165343,2.0582322815013545,0.08581022633378046,11.759532463136852,26.0,0.9978194930612936,3.316837105563008,0.48480935073726295,9.741767718498645,bajo
7.909261348890723,1.0254740799301543,0.08465269941659788,2.716317485414947,0.08395369325554639,4.744211656943298,12.511576686113404,0.9963627343547248,3.4760529142358245,0.5846526994165979,10.816317485414945,bajo
6.831896057290309,0.8107738348902673,0.08043118281290726,3.325870968774436,0.06576727598967837,14.043118281290727,29.63792114580618,0.9950996573479226,3.4418960572903092,0.4912935484387218,11.195688171870927,bajo
7.891241587319788,0.8536270061006657,0.014250388277548195,2.1762493528707534,0.08234981880381084,12.76249352870753,27.18753235646235,0.9970874805861226,3.4032509059809457,0.4528748058612259,10.027511648326445,bajo
7.060423496456846,0.923946505710714,0.0,2.080044578574405,0.08540133735723215,15.399108428511902,24.80044578574405,0.9957427645225511,3.5019509635681545,0.5139799396415178,10.55964337140476,bajo
6.670056598207795,0.6204801906272717,0.0,2.152228510911977,0.0636559957638384,6.522285109119772,13.522285109119773,0.9958722408895939,3.490765829267243,0.5943314467264068,10.470056598207796,bajo
7.832095700741392,0.6741976074814653,0.05895892119587648,1.3663130573546833,0.08261008917674934,8.668434713226583,19.66843471322658,0.9967403848329107,3.1691710867830665,1.0426989052379907,9.133686942645316,bajo
6.988651951481116,0.754362140028079,0.2863823417773396,2.047162987870279,0.0854680134499507,3.5283701212972094,10.056740242594419,0.9965189699459526,3.4356740242594417,0.6069859084908046,10.617022072778326,bajo
6.518167915803278,0.871645817253771,0.039270224844590036,2.8290380800524564,0.07645496252590167,16.12732833678689,26.18167915803278,0.9947496121734977,3.51145955031082,0.5369099250518033,11.156366416839344,bajo
6.74063277470802,0.8446960521788223,0.04812655494160405,2.0395781501946533,0.06712406703503757,3.802109249026734,11.395781501946532,0.9958507382371594,3.5478101675875937,0.6360421849805347,11.01873445058396,bajo
8.160221203757686,0.7744751671885677,0.00198893981211562,2.2375688631177395,0.08975137726235478,13.022099331245728,26.110496656228648,0.9977779006687543,3.372872913061945,0.46464085956160317,9.63093906374402,bajo
8.676384380207988,0.7402427208669957,0.21427813570224372,1.833603023185551,0.0982955767540229,26.215929459003817,48.55600503864258,0.9976138736009239,3.341079647295019,0.6876384380207988,9.788798992271483,bajo
6.767731361172242,0.7961670997799302,0.08677313611722416,3.383701778755866,0.06767731361172243,16.290745553110334,29.968059164832752,0.9956401311214642,3.4454955027105343,0.5361343194138792,11.06773136117224,bajo
7.213020234989452,0.6032194190645224,0.520903655348804,2.1434007832981727,0.11278477806765116,3.0868015665963453,9.130202349894518,0.9971296729112156,3.3391141644926163,0.5713020234989451,10.339060704968356,bajo
11.072503311565171,0.5754785998134158,0.6215680984140339,2.1924643330223597,0.07249286660447192,9.849286660447191,48.35642005597527,1.0002423606436546,3.2989818353546627,0.5692464333022359,9.308962346083256,bajo
6.34044214236067,0.9924993431947442,0.007279585624920648,2.153680140970547,0.0817867357291799,16.838231430557318,24.404421423606703,0.9944403693277075,3.5754408287501587,0.5475734714583598,11.191911571527866,bajo
7.871112781613986,0.8584269520766648,0.015179410079354467,2.174700983201076,0.08191627529630124,12.74700983201076,27.264950839946206,0.9970410294960323,3.405418623518494,0.45241029496032276,10.055382302380634,bajo
7.956328898485317,0.7221281133902631,0.024367110151468196,2.8700955291653756,0.08808623336931994,10.867877861746532,26.91376663068006,0.9976781644492426,3.3730458887689334,0.4721835550757341,9.417246673863989,bajo
6.5452607282538615,0.6549130905820462,0.0,4.1415874511114845,0.057754345470897694,10.698261811640922,19.547392717461385,0.994901876018656,3.4462282726455116,0.5615086909417955,11.732108907619208,bajo
7.91743376575427,0.7617163024899822,0.0,2.549052407009431,0.0836811061789039,12.667569136181495,25.00270740854448,0.997314650938825,3.3832972345527406,0.4766215431909253,9.965673950200356,bajo
7.831424518802964,0.756150998275486,0.0,2.6552991238316315,0.08206210858923228,12.566381786827018,24.699145360481054,0.9971669174087675,3.3873447285269194,0.48168091065864915,10.07698003449028,bajo
9.481562711637197,0.9040781355818599,0.2347246973419715,2.987708474424798,0.09763765132901425,11.0,79.22663922269311,0.9996806671181593,3.38877084744248,0.5928809685056913,10.858259079740856,bajo
6.50708666245007,0.6704585487467692,0.0,4.291245887561678,0.05713339599906014,11.008337249941258,20.025011749823776,0.9948921723849142,3.44966651000235,0.5595831375029371,11.790829025064616,bajo
7.900147315649411,0.8293555480428808,0.15395323268221742,2.1303074944136187,0.05978770022345526,12.60614988827237,32.515374720680924,0.9952061204251426,3.425139015641868,0.4481844966481711,10.763542617314013,bajo
6.277377985482858,0.7062117436069092,0.0238420183137922,1.684739450586234,0.07876840366275845,6.0,12.38420183137922,0.9956081141319932,3.5922622014517143,0.6261579816862078,10.007630274706882,bajo
8.799508658898263,0.5580098141001436,0.2889189223572679,2.126289929415698,0.07690171905776153,11.788697882470942,41.159704940901136,0.9972161670305308,3.2889680564674415,0.5194840282337208,9.226289929415698,bajo
9.903390195841872,0.2986439832480239,0.3454237590840408,2.2084745658330895,0.057847456583308934,14.423728291654468,35.661017366676425,0.9961688135238326,3.2545762409159593,0.4967796526664715,9.44406761916252,bajo
8.016519037036861,0.8233923851852554,0.2666961925926277,2.0082595185184307,0.080536868703698,11.0,63.495571111105846,0.9965546899777774,3.286283216666706,0.4845427351851369,9.775221444444709,bajo
11.351185239641858,0.49951058785643077,0.41743307987449413,1.6289319488788538,0.14202370479283716,35.07417763587668,50.88427220448459,0.9982841982939374,3.37594952715696,0.8420621916951107,9.88842722044846,bajo
7.39452179860813,0.9177943392018212,0.13074001367986987,2.0,0.08423834740974309,11.60547820139187,65.42191280556749,0.9959932339647891,3.3263286920835125,0.5526573841670244,9.557808719443253,bajo
7.3,0.5959051083524303,0.03213512131871769,1.6533780329679422,0.07082568327470527,17.320268197807653,42.74729246155119,0.995754796295607,3.363594636043847,0.4874729246155119,9.074729246155119,bajo
9.092321786170022,0.5186676557253884,0.2659453799129414,2.166433993520304,0.05834264025918785,13.328679870406074,34.321699676015186,0.995690215513172,3.3239848181431495,0.4698603961121822,10.004886136073623,bajo
7.526007702076253,0.9682128038441774,0.07054238270120179,2.2375518654537916,0.09005423827012017,11.830320096104435,70.22391817401575,0.9965577874858413,3.3635743923116452,0.6067871961558226,9.722391817401576,bajo
7.529011887170575,0.8647563931995064,0.0,2.1293696723337447,0.08688109017001235,14.412606553325105,25.293696723337447,0.9965886898805237,3.447693360432881,0.4917836474498149,10.165042621330041,bajo
6.934077939212154,1.0296926464040512,0.0,3.415222974421775,0.08263406979237467,5.388268383989872,13.611731616010127,0.9966155307353596,3.614469264640405,0.567178786879291,10.42821213120709,bajo
5.150547389691879,0.6243746092957521,0.12476657797245554,2.077060525429505,0.061570026608263335,8.917578982819798,65.4587894914099,0.9939161381778361,3.7738328898622777,0.569175789828198,12.251239440891686,bajo
7.5,1.0192623470128739,0.07340620750357611,2.780874490042913,0.08546812415007152,5.265937924964239,12.0,0.9960446628909672,3.486812415007152,0.5707468282539337,10.801093112553641,bajo
6.135171771507356,0.8110429816816029,0.07963796047257951,2.036034509520527,0.07510861185822615,10.558619619178927,66.27930980958946,0.9948392235357881,3.5481898023628977,0.5855861961917893,10.733276852259493,bajo
6.867909753137673,0.5949874657135656,0.06660451234311636,3.458085233147753,0.11416170466295507,13.740050137145737,29.700250685728687,0.9970599498628543,3.466206517828946,0.6154105288006049,10.636070192004032,bajo
7.698564931511714,0.7794259726046856,0.3043147596490079,2.6892131008774802,0.10040277459513508,4.3597225404864925,9.906481693657662,0.9979741066650138,3.397986127024325,0.5337407322536935,10.617268592780182,bajo
6.574326687552196,0.6792100460662505,0.0016157975554825232,4.219210122225873,0.05758168711997371,10.806104293342097,19.967684048890348,0.9949213644174203,3.4451526073335526,0.556122085866842,11.72890490755877,bajo
6.616070947849317,0.8973206113438377,0.08279763507168945,2.747621611470313,0.08266675640146096,17.601182464155272,31.720236492831056,0.9965695243222941,3.5144047298566212,0.5979763507168946,11.0,bajo
10.448621181557879,0.527568940922106,0.38243105907789393,2.0934480650466236,0.122738803468541,28.18707230342846,48.943966395639066,0.9980474828921372,3.3306551934953377,0.7160776476947348,9.653275967476688,bajo
8.591654353930105,0.9565995821633967,0.19463687780858374,3.3959810463500917,0.13791346615160022,5.0,14.794436235953404,0.9977122107303348,3.4433074845509504,0.5757496306179032,9.786398328653586,bajo
7.429639041557493,0.4487127072454611,0.16586813990423638,3.439372007724279,0.10511679559400143,14.0,32.35478821257565,0.99662116795594,3.426841436520915,0.6212276243472766,10.53937200772428,bajo
9.813763136851126,0.27261924007159993,0.3247170574239251,2.12008892486575,0.058997776878356244,14.399555375671248,36.799110751342496,0.9960680800323792,3.248645917531325,0.4886681487477625,9.260044462432875,bajo
8.97807939264134,0.7916701328597071,0.04457202277594979,1.7143005693987448,0.0786096030367933,4.076200379599163,13.847599240801674,0.9978323591648819,3.3090500948997907,0.5445720227759498,9.814300569398744,bajo
8.258372278994768,1.0533021768041855,0.01881063654270767,3.3226913752759986,0.08715181316182469,5.940531827135383,10.881063654270767,0.9986726124008832,3.4811893634572924,0.4846478644421845,10.994053182713538,bajo
7.966688753809217,0.5229234308540726,0.3166589361667742,1.958302963512327,0.07708352659583065,24.916804711307606,104.41763297915323,0.9972,3.2266622492381565,0.9450115957498388,9.308319528869239,bajo
7.206813834826578,1.0291383373420695,0.08324650484723306,2.6392788832989087,0.07511022815070148,4.581162621180827,11.581162621180827,0.9958502604854583,3.535811626211808,0.6167534951527669,11.074348786354248,bajo
7.005070482613773,1.0649447310690237,0.055150593110133574,2.1080823448164443,0.06326305654860433,12.080823448164441,30.595882759177798,0.9950424703444933,3.498684717256978,0.4324247034449332,11.254517793304007,bajo
7.3,0.9278684953777572,0.06572219980670817,2.0917251579964695,0.06149649052021183,20.66198736028245,48.91725157996469,0.9969432545381545,3.3199298104042367,0.549172515799647,9.724824526010591,bajo
7.820680136592939,0.44845287531118505,0.44793198634070613,2.698670811259366,0.07694683245037462,20.643276345183722,84.24667702814841,0.9976686863534819,3.333567236548163,0.6925996891555475,9.809675473926152,bajo
9.517459403929488,0.8002978160277041,0.24730133608060917,1.934523638236779,0.13105151593199127,5.0,17.65476361763221,0.9976128552929572,3.23722230215617,0.5251983042166267,9.061905447052885,bajo
9.753848051612298,0.9176924025806149,0.22824171305685004,3.1692320344081986,0.10087914347157498,11.0,82.20881199384898,1.0002615425101062,3.40692320344082,0.6136265182180799,11.052748608294499,bajo
8.012121418390242,1.2503028652878068,0.011774897668292619,2.86536834843902,0.10579652117902452,5.5887448834146305,10.177489766829261,0.9972091787150049,3.4882251023317075,0.4529870395073168,10.958874488341463,bajo
10.976970505182038,0.621104091349409,0.40659295916879473,2.067193148794323,0.07433596574397161,6.0,26.667193148794322,0.9977965771647049,3.13894329204208,0.5777602283735226,10.088643197229317,bajo
7.551962991813364,1.1500687767296127,0.03362590573064483,2.292148032746542,0.09905076353255787,5.0,9.0,0.9955093773277115,3.4423555901760374,0.47205551227995324,10.9,bajo
7.494114420266202,0.7508065244396687,0.0,1.9044141848003486,0.08374986286131358,6.014713949334496,12.029427898668992,0.9966971933785316,3.3408828369600694,0.4913242554401046,9.717656739201395,bajo
9.797217648099295,0.5040456248894499,0.3747913236074471,1.9897606609193228,0.12352587871353737,27.595437511055007,47.24652206012412,0.9980487479416447,3.334791323607447,0.7281413605217207,9.673956618037236,bajo
6.075801230045463,0.6538069295032303,0.02248734899928216,1.6001686800095711,0.08100168680009572,6.0,12.749578299976072,0.9954157337580416,3.579865055992343,0.5874451789968893,9.99983131999043,bajo
6.056825322450738,0.7961898007146191,0.0832288393876745,2.0392989448978858,0.07403134818369764,10.428042204084564,66.21402110204228,0.9947657737397976,3.5661441969383727,0.5842804220408456,10.854060961221778,bajo
5.18084164959785,0.5729590915809806,0.17050029351521828,2.0829164220706513,0.058441730261630624,8.512507337880457,64.65832844141303,0.9939330076313956,3.795790174630974,0.5463331376565213,12.536241928331497,bajo
7.796714056832047,0.7815123004836457,0.22210607013303926,2.0,0.08813816293833149,13.707244407497242,60.17102237001103,0.9966743466444983,3.3272367412333703,0.5829275559250275,9.969081469165747,bajo
9.977708596434995,0.2814445819679011,0.3515815694188996,2.206351182959,0.05763511829590002,14.317559147950007,35.74595268163999,0.9961615940220606,3.2484184305811006,0.49508094636720007,9.407970110303003,bajo
6.729457494108793,0.7598158906618201,0.019263562647280172,1.8036821867635993,0.07822093120581596,6.0,12.0,0.9960265117446979,3.542267407796442,0.6248449385309612,9.940794533091001,bajo
8.053540847520253,0.8085836609918987,0.25929183049594934,2.0267704237601265,0.08174007754440824,11.0,64.6062254256076,0.9966324357797925,3.277953309307943,0.4947237330680696,9.719688728719621,bajo
10.152148123105508,0.2410742915098678,0.36603513020017076,2.2013671964826997,0.057136719648269975,14.068359824134987,35.94531214069201,0.9961446484680412,3.2339648697998293,0.4910937571861598,9.323242340205896,bajo
8.686961409471307,0.6054784563788522,0.2796530537048352,2.709569127577045,0.0867942550343606,17.0,45.698563758590154,0.9974492818792952,3.2682894966387708,0.5077392281894262,9.277392281894262,bajo
6.554142801415544,0.7026399375854093,0.08075143191506735,3.3450859149040415,0.10388629262447255,13.383428794337824,31.0,0.9961834287943379,3.503082856028311,0.5960114553205389,11.123314241132435,bajo
7.228996432567765,0.4876321511336916,0.25587844699646445,6.808452464664121,0.06789300315076605,17.221271775618725,116.20607765017678,0.9965108324870436,3.225191521495875,0.8592339140164994,10.217568939929288,bajo
7.84987504925796,0.7549910749469972,0.022508032547702533,2.625151725901048,0.0837481257388694,13.500178501060056,26.750267751590084,0.9971597715186431,3.380003570021201,0.4750053550318017,9.975133875795041,bajo
10.03501492928952,0.2686412402453489,0.3604482327483407,2.1913165752257644,0.059344524689043644,13.739497256772928,36.6078397341965,0.9962667780017038,3.2369467398193885,0.49347336990969426,9.291316575225764,bajo
6.2222757015117915,0.5577724298488208,0.01755448596976416,1.7903953273721698,0.07460694392023114,6.414850467674528,13.414850467674528,0.9950588215888582,3.5521388784046226,0.6034059812930188,10.431880374139622,bajo
8.471345012886218,0.8796832321197582,0.041783625322155446,1.6630604220359242,0.07417836253221555,6.095516623712608,19.273879155928153,0.9962531189130156,3.26439570972934,0.6152826597940172,9.490448337628738,bajo
6.912961956527825,0.6967210677753299,0.0,3.7898705242891575,0.06477340153464141,11.485837595915088,21.457512787745266,0.995589322890036,3.430566496163397,0.5357081202042456,11.265578644493404,bajo
8.395766592899781,0.42908782423174835,0.15846918675376737,1.826710329565472,0.0663322417608632,15.866448352172641,39.73289670434528,0.995804039296609,3.31710092310139,0.48377850549275786,9.113355164782735,bajo
7.054495114358153,0.7387091772139451,0.012054241616481593,3.6972879191759205,0.06133952698193337,9.55349100602221,19.758915167670366,0.995188588585382,3.4138372751505552,0.5310698201204442,11.269613368874811,bajo
8.320504532850654,0.6342270397827936,0.19794954671493475,1.6435317299545675,0.08266558927058483,23.719274743895603,109.9780055457129,0.997232807252561,3.168201813140261,1.0113259758915418,9.120504532850653,bajo
10.928029122974777,0.44502884879023596,0.4376009707658259,2.2543273185353954,0.12614181703661512,31.988460483905612,48.2514424395118,0.9982646826633074,3.297023994961106,0.7870816925415784,9.82456726814646,bajo
6.664839078215545,0.6150536405948183,0.0,3.7230632262455914,0.05974731797025909,9.901072811896364,18.351609217844548,0.9949596722211375,3.4362634101487046,0.5654946359405182,11.552741382676682,bajo
8.377583774841893,0.8722416225158106,0.14118016556354485,2.5973463576193354,0.06286504884107251,21.24336589404834,49.0,0.9972675890314584,3.2561208112579054,0.5541445529801612,9.679277235099194,bajo
11.439815070404284,0.6251288266991677,0.44885268034126075,1.765337997562423,0.07282668998781211,6.0,26.365337997562424,0.9978478925404144,3.10775159308145,0.5878220667479193,10.22950893447087,bajo
8.435498698258343,0.5468197743647795,0.2854199479303337,2.605599305737783,0.0828969817756168,19.673009546105483,46.48600173565554,0.9971528784031969,3.301310147530721,0.5172900260348332,9.470100607479441,bajo
11.398345188497753,0.4939171985735221,0.4217103775614242,1.62344823389561,0.14296690376995508,35.24965651534048,50.90620706441756,0.9982985656271935,3.3767172472546143,0.8454620949847218,9.890620706441757,bajo
7.743256780556977,0.7504460269772162,0.0,2.7642122122531454,0.08040248057519016,12.462655035949386,24.387965107848157,0.9970154763524861,3.3914937985620246,0.48686724820253074,10.191079460455676,bajo
11.886857815645461,0.6402049813339388,0.49023871350666726,1.415529319421211,0.07077815257969698,6.13310845218181,26.110923710151507,0.9978410054522857,3.0797612864933326,0.5962285938548487,10.422184742030302,bajo
7.3,0.6638440675869125,0.14534861453728032,2.0498165186645894,0.06401100888012465,24.01467850683286,48.49816518664589,0.9964026330907731,3.370220177602493,0.544981651866459,9.850550444006231,bajo
7.780968557431211,0.6804800323899127,0.04190314425687887,3.352336467064169,0.08742863209036704,9.333474877523098,27.571367909632958,0.9975904842787156,3.37523789303211,0.4809515721284394,9.28572641807341,bajo
7.3313714900625016,1.024783747183438,0.08313714900625013,2.948234341056251,0.08768628509937498,4.662742980125002,12.168628509937498,0.9957612154427143,3.5534902807949997,0.60337257019875,11.250588552981249,bajo
7.47688910409158,1.2722227602289506,0.1661997094763667,2.1,0.1299211234852658,4.384445520457901,9.0,0.9955078986926437,3.447677869238922,0.4523221307610784,10.715333656137371,bajo
7.371470014649144,1.0773590757186777,0.0926554294085225,2.8980243087343687,0.08122602911553961,4.816385735213062,11.816385735213062,0.9958220337117745,3.5381638573521306,0.6073445705914775,11.144915720563919,bajo
7.392876080224513,0.5397516049407435,0.04088891975046016,1.6192157407361063,0.07151960648159734,16.903921296319467,41.807842592638934,0.9956172941666626,3.3655163271615756,0.48032026234560177,9.009607870368054,bajo
6.308840822336564,0.9766799705508332,0.007956740102908191,2.1679756243947286,0.08653632893462587,16.73477532990306,24.618857563559526,0.9945848319827785,3.5820432598970915,0.5606089868038776,11.18231835532687,bajo
6.583635678939266,0.9843681972238665,0.04,1.8750907036817797,0.07825634925772458,18.037282655380647,70.7472788895466,0.9952648630030189,3.433272864212147,0.5750181407363559,9.629000376583404,bajo
6.858995589713763,0.9218819178264308,0.07230132308587092,2.838079385152255,0.06387030872003654,13.230132308587091,30.179911794275274,0.9949804194052595,3.4689955897137636,0.46690396925761274,11.27698676914129,bajo
7.575940242875982,0.9288142497757274,0.028802758021108505,2.1519954032981525,0.0755587129234827,12.519954032981525,28.400229835092375,0.9963598620989446,3.4372064353825866,0.44559862098944575,10.464082740633255,bajo
7.911249909868895,0.5997544948659107,0.25281247746722374,6.047678532800955,0.06345714491728237,3.0,11.6821431146603,0.9966776965843694,3.330464293439809,0.543178568853397,11.243035598402864,bajo
7.28466826394431,0.9997975212102056,0.07846682639443096,2.906201437549879,0.0881533173605569,4.569336527888619,12.21533173605569,0.9957504737007072,3.5572265388844553,0.6043066347211138,11.264599520816706,bajo
10.409892478015,0.614260671087447,0.515744542789697,2.1639361356974245,0.07760638643025758,10.360638643025757,45.55744542789697,0.9996459563423176,3.2716383185815454,0.5555744542789697,9.072127728605151,bajo
8.313767728899318,0.8786232271100682,0.13578034629148078,2.5678927979535313,0.06275459799232574,21.16973199488383,49.0,0.9972547030991047,3.259311613555034,0.5538991066496128,9.680504466751936,bajo
7.041890635205975,0.4893697882646747,0.0,2.403382776779085,0.06603151058676626,7.387395765293495,14.581093647940243,0.9951419138070162,3.4048424470661685,0.5780630211735325,10.987164047191037,bajo
7.682736287902708,0.8632654321896741,0.13037462045956866,2.1,0.06980293462176229,16.555373408875628,46.70358227258375,0.9972605049583465,3.31,0.5423452742419459,9.508631856048645,bajo
7.51758354741686,0.3856658097232104,0.4743341902767896,2.5921850900369514,0.07339074549815244,21.785089976016156,83.8241645258314,0.9972031259639852,3.3176555270110852,0.6978508997601616,9.592185090036951,bajo
7.4945581291753935,0.6820219623854713,0.03527209354123033,2.8662506557787952,0.1023250131155759,13.391912150458115,27.959560752290574,0.9974080878495419,3.420948579559555,0.5423015515962042,10.14867701064136,bajo
7.463664432162228,1.1404348974864402,0.06366443216222827,3.517859030134375,0.08999691246215485,5.0,12.726711356755434,0.9960906845427022,3.5727020110539947,0.5781986592973369,11.01832216081114,bajo
8.735553174373322,0.9290189749117798,0.2181403518143094,3.292853558365785,0.14285399232015072,5.0,14.890368782915548,0.9978465162960818,3.420763336014846,0.5800665952311997,9.676075899647119,bajo
6.427300627315399,0.5764110664361785,0.0890899790894867,3.7543966543178713,0.11790388290112551,14.455010455256652,31.09100209105133,0.9967708793308636,3.5018200418210266,0.6608997908948671,11.0,bajo
7.865125044494612,1.0700867537130958,0.010944118693990871,3.5249521365231047,0.09180154362035427,4.726397032650228,14.0,0.9969830441542897,3.5369749911010775,0.54,10.426397032650227,bajo
6.664233892069733,0.7606572812767068,0.03284677841394669,2.0905107386201776,0.07629193295163199,3.5474463068991113,11.905107386201777,0.9957616062074147,3.57072983237908,0.6309489261379823,11.171532215860534,bajo
8.672367163281871,0.630255298315938,0.3627632836718128,2.9607283579328834,0.08742913431731533,17.039985078422852,84.90182089483221,0.9989134597001811,3.3696001492157714,0.6729453731550337,10.366547760607377,bajo
6.4358114886386915,0.5434293082395091,0.09,3.9,0.11807592031218,14.089528721596727,30.820942556806546,0.9966603351943091,3.4919424150562945,0.656570691760491,11.008952872159673,bajo
7.267754084140588,0.6253060822687074,0.17808162193832197,2.1702040548458053,0.08137958138986393,10.106121645374149,72.0204054845805,0.9961800805718939,3.4085716160793655,0.5810612164537414,10.362041861013607,bajo
7.238198861992494,0.6915433542289317,0.24961499855339506,2.285838634390993,0.08033043186421016,16.763977239849886,75.09876130774481,0.9963884164721767,3.3357080682804505,0.6476397723984988,9.495279544796999,bajo
6.839528374298693,1.0748820935746732,0.06604716257013073,2.1604716257013075,0.06281414877103922,14.116506899545756,31.302358128506537,0.995307961655891,3.5130235812850654,0.4723301379909151,11.279056748597386,bajo
7.520352822432613,0.8671577607718799,0.05575302429717142,2.418588710269551,0.07407872972176359,5.0,9.0,0.9960024959700512,3.4044233869191345,0.5194707663510816,10.9,bajo
8.694301700660048,0.6349374784101257,0.3605698299339951,2.9674774463569378,0.08769909785427751,16.947185112592102,84.91869361589235,0.9989455178701954,3.370528148874079,0.6724391915232296,10.380889573508494,bajo
6.763163433992516,0.7142065103554258,0.016841828300374194,1.8631634339925163,0.07626300556520581,6.15790858498129,12.31581716996258,0.9958689358744656,3.526313712252806,0.6221045707509355,10.100013155732226,bajo
6.792432903473841,0.6929861449814653,0.01537835482630795,1.892432903473841,0.07545809515446937,6.231082258684602,12.462164517369205,0.9958082017252918,3.5153376611973095,0.6184458870657699,10.169528145750371,bajo
8.247011217718509,0.997810947419625,0.023311798892593293,3.3403876199333205,0.08227786457585148,5.933764022148134,10.867528044296268,0.9987477864575852,3.4733764022148135,0.49397415867111194,10.993376402214814,bajo
8.454138733595368,0.4130704609253204,0.38486578208647115,6.125727187662394,0.05036689013123706,3.091722532809266,9.954138733595368,0.9956902684358271,3.284586126640463,0.5595413873359537,11.949552606954903,bajo
10.234900463919528,0.6747985788944771,0.5121142169246156,2.1241611368844184,0.07627516589346744,10.379194315577909,53.06710904924654,0.9991770483293265,3.2651677726231165,0.5358725115979882,9.303355452462327,bajo
9.066207820259006,0.5885904190974807,0.15662078202590057,2.161034636709834,0.09639914524371712,6.0,13.305173183549172,0.9974247935191166,3.34,0.5095775977532376,9.895775977532375,bajo
9.73269536713719,0.5554196596358063,0.19817384178429714,2.1536084462450398,0.09777173022303715,5.581738417842971,14.0,0.9978418261582157,3.3295434604460743,0.5241826158215703,9.937260762676445,bajo
9.976980183479133,0.5511509908260434,0.3588490091739566,2.295579921366086,0.11280065386616743,24.98665124503697,48.101750327641305,0.9979194660498015,3.3104420078633914,0.6571225229348916,9.552210039316957,bajo
9.427158594506599,0.6425514950066282,0.396625284182618,2.1341563210456544,0.08058436789543455,10.658436789543455,44.36625284182618,0.9986930022734609,3.2895062073726073,0.5436625284182618,9.13168735790869,bajo
6.452168783399698,0.7754061449687137,0.04164629249573369,1.876084391699849,0.11558734124502264,7.0,16.31368291642965,0.9946285981975554,3.446273658328593,0.533726341671407,10.390989758385478,bajo
8.426369392849073,0.9565952336406571,0.12282144861704297,2.6441668225770005,0.09528214486170429,11.539880841016428,75.74226402068787,0.9981116375005621,3.386809532718686,0.6184047663593428,10.274226402068788,bajo
6.488944398696608,0.9431447476771191,0.06093362741644075,1.4169532211898308,0.13047661059491536,7.830467788101693,19.415233894050846,0.9950380847351271,3.3629728149632205,0.7291403364305078,9.550859663569492,bajo
7.279909853326916,1.0609068484378128,0.02001502444551407,4.830435708919908,0.09099549266634568,4.1993990221794375,14.0,0.9971924447235873,3.537930887550635,0.5319939902217944,10.499849755544858,bajo
5.941865941042455,0.9909270839005886,0.06279008163272386,2.346530793648591,0.13723177097514716,8.209329705212273,19.302332426303067,0.9942660525351467,3.4848833786848465,0.5041865941042455,10.404664852606137,bajo
6.829899091476052,0.4970100908523948,0.005402018170478956,2.073952909355491,0.06934087454054089,6.819932727650701,13.819932727650702,0.9951357872182536,3.4468174908108176,0.5872026908939719,10.755946182120562,bajo
7.742798827018337,0.7866720088139286,0.054825073311353945,2.7731486803956287,0.06589096187809587,5.303498533772921,9.606997067545842,0.9971090961878096,3.410349853377292,0.5317900879736248,10.930349853377292,bajo
11.264488550150809,0.44823322428715057,0.44881628500502696,2.7349836430725842,0.11412540892318539,30.706710285139774,48.41166121435753,0.9982294345328413,3.2441517992620157,0.7406182478363168,9.77650163569274,bajo
7.840434299126006,0.36508188741746994,0.2651364790291166,1.949727041941767,0.07705459161164663,29.005459161164662,48.37704718543675,0.9960867742273785,3.423715880242721,0.5802183664465865,9.987431760485443,bajo
6.288090137160527,0.690248924886905,0.26670386414025277,2.018283265837053,0.0594266095361979,31.210514957579996,84.48476394513578,0.9955518025865383,3.528448496408389,0.5933519320701264,10.03628755062221,bajo
10.054287593759177,0.9278742425565777,0.21919331047810314,3.367732419124125,0.10467732419124125,11.0,85.70421384197115,1.0009021216713432,3.4238153803321243,0.6386555174635052,11.24353173346722,bajo
6.559225841783616,0.589709690668856,0.09,3.9,0.1011064467547528,14.398064604459039,30.203870791081922,0.9961790192170439,3.4641741855986865,0.610290309331144,11.039806460445904,bajo
11.283682989099773,0.7027509464195542,0.39926792034215575,1.4895396263625282,0.07189539626362527,5.776150934093679,24.433056538655755,0.9975182641346639,3.1214852851584536,0.5641841494549887,10.220920747274944,bajo
11.029730037902237,0.5898015149735553,0.6065371910533348,2.16435812736889,0.07667314044733325,10.891046815777754,48.425674905244406,1.0002029986334289,3.260692561789333,0.57,9.249493108417772,bajo
9.202785167661794,0.7434791415585754,0.30972148323382054,3.1239338977420905,0.09395735590968363,14.795908906046254,85.30983474435523,0.9996886860142749,3.3920409109395373,0.6607049576693432,10.713359532701944,bajo
6.839523492482901,0.7080714060448378,0.010428576434480506,1.7609523142069265,0.08260952314206926,6.0,12.347619214482684,0.9961151425668001,3.4512381486344585,0.5351904978827489,9.839047685793073,bajo
7.43676013038621,0.3538165617782198,0.246360936297033,1.987278127405934,0.06954437451881322,28.254437451881323,48.095414044455495,0.9958426921718614,3.4284097659257418,0.5501774980752528,9.996819531851484,bajo
6.745128469079259,0.8775375113146672,0.08451284690792592,3.022055505268146,0.06745128469079259,17.194861236829635,30.646145927622225,0.9959204069834172,3.470358684012815,0.5474357654603704,11.045128469079259,bajo
7.925903547387234,1.3192771620902128,0.00931152992534954,2.7052494451477203,0.11232444569782367,5.465576496267477,9.931152992534955,0.9966967982244727,3.4906884700746503,0.44190188466407293,10.946557649626747,bajo
7.362788929553582,0.9796426398756843,0.03864051094368083,2.1355991484271986,0.07096776155961561,12.355991484271986,29.22004257864007,0.9958679744528159,3.4601611922019218,0.4406797445281596,10.759215328310425,bajo
8.194217262895926,0.6617771578619908,0.23566997046606292,2.047108631447963,0.08273060715475111,11.634696422624446,42.89421726289593,0.9973884345257918,3.3163469642262444,0.5247108631447963,9.178843452579185,bajo
7.397001281360285,0.7556437419914982,0.002574967965992878,1.8871251601700356,0.08322750961020214,6.0,12.0,0.9966273011532243,3.3670371636429253,0.5080247757619502,9.73218709957491,bajo
9.406791022048674,0.9003395511024337,0.23650497566550777,2.937860681365782,0.09674751216724611,11.0,78.40771119386642,0.9995211541803705,3.3837860681365783,0.5871840778703752,10.804850730034767,bajo
8.879280717528134,0.6028633105872011,0.21506476116561218,3.4352517059599132,0.08117625852979955,6.0,28.03525170595991,0.9975640072099867,3.2803093429491907,0.5321582764680028,9.450215870552041,bajo
7.092290586228746,0.9616178649968318,0.0612268348326116,2.0,0.08635396589639877,11.907709413771254,66.63083765508502,0.995730292810019,3.344462564826275,0.5889251296525504,9.436916234491498,bajo
7.518854605943707,0.8997660821381624,0.15933655936705257,2.0,0.08336801775839404,11.481145394056293,64.92458157622518,0.996101403507171,3.318868723643378,0.5377374472867552,9.607541842377483,bajo
10.476024981545898,0.6580538207259792,0.5382360396674724,2.1375569434192165,0.0758732916974235,10.312215282903917,51.99544452646267,0.9994637185891712,3.2624886113161566,0.5419006245386474,9.249772226323135,bajo
7.516319818966165,0.7311657013547261,0.043950868780746485,3.030183076969656,0.07874479728449249,13.976685972905477,27.465028959358214,0.996549841954681,3.3895337194581097,0.48930057918716435,10.332514479679109,bajo
10.924995964320367,0.45116267807405674,0.40860446345676127,1.6627910730864777,0.1344417853827045,34.74417853827045,50.52906695185142,0.9979518580249379,3.3878488841358094,0.809767141530818,9.91569776827162,bajo
6.8736284208547564,0.7637006402535885,0.03113570173789637,4.379499121652746,0.08728200351338895,3.0,13.622714034757927,0.9971330122272424,3.483002912353256,0.5577285965242073,10.690471754814695,bajo
7.5,0.7559342087781128,0.00025950243836465604,1.9031140292603759,0.0840051900487673,5.997404975616353,12.0,0.9967176125775671,3.3405190048767293,0.49028545268220114,9.70389253657547,bajo
8.39173343181032,0.9780473062687722,0.05526795571857653,1.7604903321106762,0.08777479261754807,5.263397785928826,19.0,0.9958755303911969,3.3263397785928825,0.4452679557185765,9.626339778592882,bajo
7.576065306912613,0.4045099322273978,0.4554900677726022,2.566193196927727,0.07469034015361363,21.0703129155125,83.23934693087386,0.9972135227212289,3.309857959078318,0.690703129155125,9.566193196927728,bajo
7.101360958872285,0.8886390411277153,0.06805443835489139,3.02626041081251,0.07106804794361424,9.583668493532583,30.19455616451086,0.9958470769861358,3.457646150693206,0.45819053424211986,10.433467397413034,bajo
7.091754197520089,0.47274860082663694,0.0,2.2288603086796885,0.06686256995866816,7.054972016532739,14.08245802479911,0.9951660145288014,3.400687150206659,0.5797251399173362,10.912368703719867,bajo
8.439044454751864,0.36902280620380024,0.2402453808764531,2.987795901821535,0.08758501736483605,14.0,33.682953229936665,0.9964458501736484,3.35512052558342,0.5734136837222802,10.087795901821535,bajo
7.375958240892567,0.5594947801115709,0.04747039540529038,1.6379791204462835,0.0729114988907108,16.5442505546446,42.07595824089257,0.9957519164817852,3.3654425055464463,0.4837979120446283,9.015191648178513,bajo
8.169436853635634,0.5121553532307671,0.3173592134089085,6.1583300801295575,0.05755572905975692,3.0,10.944466132469618,0.9962314020101442,3.308333983974088,0.5505553386753038,11.574990240388672,bajo
7.220022295531207,0.520409364123107,0.004800891821248288,1.983959868043827,0.06820022295531207,7.4800891821248285,15.440267546374486,0.995489259306113,3.3447897440556447,0.7000222955312072,10.491924195193896,bajo
6.396898630960301,0.5403101369039699,0.014062027380793977,1.871886027781474,0.07309354519834406,6.531265753973534,13.531265753973534,0.9950809404932549,3.521870903966881,0.5987493698410586,10.525012603178828,bajo
5.662038966712434,0.5619225907912803,0.1611793575443414,2.1279483938608537,0.06489987360573288,8.838451815825605,67.79483938608536,0.9945067563968898,3.7043612429740254,0.5683845181582561,12.010012639426712,bajo
8.331424501237635,0.6565077700663783,0.34067417762151514,2.0062341362511242,0.08725444184968524,15.311706812556206,54.62595182493255,0.9974250634549955,3.31,0.5687531727497751,10.356361046242132,bajo
9.781808726475019,0.5391508593551501,0.21045218161875465,2.1965826356656413,0.09930652270234433,5.704521816187547,14.0,0.9978295478183813,3.3326130454046887,0.5229547818381246,9.955678272428132,bajo
6.713311692858748,0.9920779057085078,0.08133116928587478,2.512987085739965,0.06713311692858748,18.467532285650087,31.600649214237563,0.9963149350085515,3.5053571378553774,0.5633441535706261,11.013311692858748,bajo
7.588771079467342,0.4361496516209994,0.17759365848706726,3.368181359185663,0.10235292335661986,14.0,32.564172472983344,0.9965935292335663,3.4155346864588996,0.6136897909725996,10.468181359185664,bajo
7.471115260103009,0.9263320320586019,0.09822339148357506,2.084444067263363,0.06535566116625839,19.222203363168145,49.93335596419823,0.9971122237309465,3.31,0.5531111865473275,9.80889152915646,bajo
5.20092104317939,0.6339246144360927,0.1224577855209446,2.074961623200859,0.06226266434371661,9.00153507196565,65.50076753598283,0.9939633634779806,3.762288927604723,0.5700153507196566,12.173580058431773,bajo
8.75429177089961,0.6212746965114299,0.2923819618166015,2.778669493086484,0.08717725187619295,17.091416458200783,46.09141645820078,0.9975832403159965,3.2615236076366796,0.5112188861093437,9.31218886109344,bajo
7.3,0.922902441862131,0.047344299621494466,2.033607490537362,0.062460635208178045,19.60164494322417,48.07050486752306,0.9968574617225584,3.3179671011355167,0.5407050486752306,9.607050486752305,bajo
5.885366676982814,0.7933461306923997,0.19582453514897522,1.8249760049517505,0.05491610678220751,34.271213254930615,84.64585332920687,0.9950040986806966,3.597716931558956,0.5579122675744875,10.181267996286188,bajo
9.582268933996733,0.6052484156135819,0.1605672334991835,2.0219853172471423,0.09307090418739794,5.205672334991835,14.0,0.9978794327665008,3.320141808374796,0.5279432766500817,9.880850850248775,bajo
6.604869166532481,0.6361050040948772,0.010486916653248092,2.294382249879233,0.09495130833467519,3.209738333064962,12.895130833467519,0.9955941199083024,3.611610466677402,0.6179026166693504,11.468539250040255,bajo
7.3949620824375275,1.0519772494625166,0.08687026030469096,3.7827464641560704,0.08494962082437525,4.474810412187638,12.525189587812362,0.9963987161301061,3.5032367288531345,0.5789924164875055,10.937405206093818,bajo
9.790117406590872,0.8866947722038712,0.21453148364572125,3.1812593458288503,0.1028125934582885,11.0,83.99487733676446,1.0003364866823474,3.38807470795053,0.6308858060762021,10.917203855200489,bajo
6.1511720736150695,0.8705760576713353,0.039243141718304723,3.0791022576527416,0.1071440144178338,9.255860368075346,19.563965092018837,0.9944962892809766,3.471801745399058,0.5251172073615069,10.927930184037674,bajo
8.132734064961518,0.5963716005648827,0.14690180593126895,3.9221299576337936,0.08361064978816896,6.0,28.522129957633794,0.9974812379072022,3.3306200956221588,0.5159290014122069,9.223006019770896,bajo
6.651647358810496,0.6798124761583262,0.0,4.112670909704682,0.0598545385187858,11.178408657424113,20.535225972272336,0.9951404766398392,3.4428636537030357,0.5510795671287945,11.603750476833477,bajo
12.018197992386028,0.46535335564015523,0.4632332217992238,2.947526864354982,0.1112208384291953,31.353355640155236,50.070671128031044,0.9982391872466441,3.2266607361251225,0.7252473135645018,9.760600669204656,bajo
7.42332164115498,1.168674851191514,0.023321641154980123,3.9818011267177287,0.09443461947295212,5.0,13.533567176900398,0.9964134268707602,3.6090105229605176,0.5539929846929881,10.8166082057749,bajo
7.548438957871305,0.8623024474267825,0.0,2.131414627144348,0.08694243881433043,14.371707457113041,25.31414627144348,0.9966237608555256,3.445443910141217,0.49086341778504344,10.148682982845216,bajo
6.794793988286112,1.063698497071528,0.07052060117138888,2.2052060117138885,0.06415618035141667,15.682210409986107,31.526030058569443,0.9956837304983966,3.515260300585694,0.5036442081997221,11.189587976572223,bajo
6.542041721311722,0.5832656454918957,0.09,3.9,0.10346926331963824,14.355104303279305,30.28979139344139,0.9962460372868843,3.4680406127048626,0.6167343545081043,11.03551043032793,bajo
6.608351976408207,0.7017769254075598,0.03160594437375816,1.9541759882041032,0.10387360176938452,7.0,15.75588579854212,0.9947591227231412,3.435117715970842,0.5448822840291576,10.513705124320735,bajo
9.5673313628068,0.7895441748947837,0.2610161247718701,1.943874630526275,0.13494776271928127,5.0,17.56125369473725,0.9977138460096838,3.232858505754405,0.5311205993333076,9.0245014778949,bajo
8.689396392999186,0.5550519690828501,0.44794173720422636,2.1584199484714173,0.06568398969428338,9.168398969428338,54.484409275144955,0.9977230761868848,3.52027033493579,0.5658419948471417,10.704782112671905,bajo
7.563177524605087,0.8997308549954484,0.1052672801670683,2.1,0.06705308306591701,17.631402278554216,47.42093485236948,0.9971947476385328,3.31,0.5447364495078983,9.568411237697456,bajo
9.348161852115744,0.817801700476866,0.20673226797851313,2.869290719140525,0.09969290719140525,11.0,81.13516492545482,0.9993901818480595,3.3282807211686007,0.6178871132975219,10.37125875849592,bajo
9.077897630958736,0.8146141738643036,0.302213384856937,2.1413464565339244,0.06637503934941014,15.86535434660759,48.17307086932152,0.9986004921200221,3.2851921260796457,0.5582692913067848,9.41057480426253,bajo
6.474216582990944,1.0287108291495473,0.0348433165981887,2.1306624372432075,0.07603133668036227,17.871082914954716,27.48433165981887,0.9952889924752772,3.559512097976585,0.5587108291495472,11.112891708504527,bajo
7.530281676331805,0.8462173071765616,0.1612072403044126,2.0,0.08775754525190257,13.136317877853868,62.45472848858453,0.9963317907267123,3.3348490949619487,0.5886368212214613,9.778772625951289,bajo
6.172425567420685,0.9072850896445339,0.05962978495152737,1.7362127837103427,0.1365680824434486,7.0,17.31276583064041,0.9943948127956301,3.4662553166128083,0.5137446833871918,10.17119151725911,bajo
6.959506356003017,0.5362327178842918,0.009031734256948892,2.1297531780015087,0.07753702329977372,7.0,14.501763014274939,0.9950525874546596,3.4100352602854986,0.5699647397145012,10.789612136859514,bajo
6.03168925547707,0.6749422688788997,0.026075552222935727,1.6177334333119282,0.07921511044458715,6.0,12.607555222293573,0.9953802936732605,3.616831074452293,0.6239244477770642,10.041133283344035,bajo
8.764270995382844,0.5662628458182287,0.286878847101112,2.1244353155464655,0.07740246480245433,11.733059466393964,41.28952791174742,0.9972432443930216,3.2904517475628277,0.5202258737814138,9.224435315546465,bajo
7.948773388494258,1.3009812892045935,0.009964953956978804,2.747722007203622,0.11059287201400612,5.4982476978489405,9.996495395697881,0.9968327104230515,3.490035046043021,0.44484229280640464,10.949824769784895,bajo
5.666965151871908,0.9615222745467338,0.07017909112314516,1.5,0.1416079397221559,6.669651518719086,17.017909112314516,0.9943237415116553,3.5528557570049464,0.5262487873793279,9.899104544384274,bajo
6.612723899608213,0.6772938993864138,0.0,4.160752829895737,0.05912186163968401,11.132616352480252,20.39784905744075,0.9950736198746212,3.44469534590079,0.5533691823759875,11.654122012271724,bajo
7.393219073179333,1.180441710303885,0.0,4.234554555575147,0.09699246563686584,4.984931273731851,13.992465636865925,0.996592239605972,3.6299246563686594,0.540602749050726,10.706027490507259,bajo
8.739467523659954,0.7627466720228747,0.03098668809149887,1.6675998393137585,0.07935199678627516,4.450665595425057,13.549334404574944,0.997711574018928,3.3012666398856263,0.5287333601143737,9.7,bajo
10.577000904912639,0.5211499547543681,0.38885004524563194,2.038428183608869,0.12544394763923059,29.058220426192904,49.17321590162971,0.9980823288170477,3.336157181639113,0.7321251131140798,9.680785908195565,bajo
9.502417856522428,0.4114628239029514,0.3424380398382524,1.7951239203234952,0.10797521593530096,32.0975215935301,49.536570597573785,0.9970916945178973,3.404390490040437,0.7039008637412039,9.948780980080874,bajo
7.6193459857310835,0.41654970813014414,0.4382289049941209,2.4358992696197608,0.07404427737514697,22.74591241081927,89.22138687573488,0.9972,3.2961308028537832,0.7626566425088186,9.525408758918072,bajo
6.808788762454014,0.716033926061459,0.08736337126379567,3.741802275827741,0.06738478662821899,14.736337126379569,29.17577524908029,0.9952013294452023,3.4187887624540143,0.512090113791387,11.126366287362043,bajo
9.255308090607086,0.713554194986403,0.07882702265177133,1.7358945792811995,0.08285337783147141,4.388270226517713,14.0,0.9979611729773482,3.299706755662943,0.5361172977348229,9.758240533977656,bajo
8.10538906809314,0.7738781161707328,0.0,2.3168723276496483,0.08721908834057679,12.888693021286048,25.66607906385815,0.9976374918110776,3.3744522791485583,0.46556534893569756,9.722437676585345,bajo
8.463074385880727,0.6310578508824546,0.3505388421178909,2.1261487717614544,0.08884231403529817,15.315371929403637,53.58082631768363,0.9974736528947052,3.302115701764909,0.5605388421178908,10.226545438828,bajo
9.012219687613328,0.7866869007072954,0.037934580885019484,1.7368340163674592,0.07898107407961574,4.0516354778745125,14.0,0.9979277103309757,3.3075560624773344,0.54,9.751635477874512,bajo
8.496351503714328,0.41131033848558385,0.3930678570572228,6.247096803857753,0.05062024436856428,3.054727444285083,10.018242481428361,0.9957194704894564,3.283648496285672,0.5587230263000148,11.981757518571639,bajo
7.860580533335908,1.0080317440858761,0.062121541505343145,1.7090884387099265,0.1043947381504571,5.606077075267157,19.0,0.9955054367587115,3.3606077075267153,0.4521215415053431,9.660607707526715,bajo
6.50466559089373,0.6703018911754767,0.0,4.294236623013628,0.057087822887411384,11.005488930463212,20.016466791389632,0.9948880138384762,3.4497804427814716,0.5597255534768395,11.793962176490467,bajo
8.320677947405196,0.9558983630438929,0.05928810006987212,3.69983023737534,0.08048474894111671,5.6898307889220625,10.89661026297402,0.9985829494572953,3.4593220525948043,0.49723728159181857,11.10338973702598,bajo
5.854400949316604,0.6899602610620661,0.0172799525341698,1.754400949316604,0.0715199683561132,6.0,13.0,0.9956838426264426,3.630319889246396,0.6157599841780566,10.057599841780565,bajo
7.141302193457234,0.4873469212520383,0.0016520877382893671,2.1256560517769785,0.06741302193457234,7.165208773828937,14.49562632148681,0.9952798638345962,3.3810009910096723,0.6213021934572341,10.759572542245404,bajo
9.885159982086705,0.49984099980807184,0.23872799846457468,2.299469999360239,0.1028091997696862,6.005300006397605,14.0,0.9977860609831743,3.3403180003838564,0.5203180003838563,10.004770005757845,bajo
8.390026865178058,0.6398619032256972,0.35775604466506283,2.0,0.08877560446650629,14.90026865178057,55.19946269643886,0.997426812461539,3.309501343258903,0.5677560446650628,10.385040297767086,bajo
7.5,0.9316695605331624,0.049074877925878446,2.4888985351105415,0.08498149755851757,5.509251220741215,12.0,0.9962685111230819,3.438149755851757,0.5439823657184663,10.436123168888177,bajo
8.095185706283953,0.7306008466654874,0.27409778995275047,2.0277103903378224,0.08124109070540972,16.385519516891122,53.33737657973065,0.9973391584386486,3.31,0.5644579219324355,10.206027267635243,bajo
11.568479660397433,0.5531520339602567,0.41117904818747514,4.070067535568047,0.06838775325838017,24.925168838920115,49.0,0.997911904546811,3.096576016980128,0.566417229463067,9.617913852684664,bajo
9.741817987521253,0.6248485010398954,0.32738290833462147,1.5436914541673108,0.11828264162532846,37.40771364581723,60.572452791557176,0.9970761651550147,3.484170809790475,0.7530137629178904,10.068925637498069,bajo
7.981533058840419,0.5351606522930241,0.324839347706976,2.385985307182036,0.08370073464089821,16.114595947505983,79.1846694115958,0.9972856058771272,3.2557955921546107,0.6411459594750598,9.385985307182036,bajo
9.210253123014901,0.7963041632934992,0.20429858452379235,2.7719433809516945,0.09871943380951695,11.0,80.24281432539053,0.9990948949222201,3.309622481349075,0.6138309742063206,10.200900916665464,bajo
7.351574767610788,1.0695865294723768,0.0,3.9190942453403808,0.09215747676107866,5.3228348825947505,14.0,0.9963691730589448,3.5928739885016037,0.546456697651895,10.732283488259474,bajo
8.717968975940217,0.6151269390037365,0.31230465360896753,2.6359379518804325,0.08820507756014945,16.589844879701083,47.84569804134513,0.9975692383659776,3.270253878007473,0.5223046536089675,9.525585316164406,bajo
7.0056195805360275,1.0624748971936415,0.0699218393836874,2.1032005933495768,0.06087197626601694,12.064011866991532,31.160029667478828,0.9948428879508844,3.5010383386211856,0.43192035600974593,11.332787539658892,bajo
8.193714050791804,0.6812928821033708,0.06937140507918041,2.0156190084653005,0.08949190290210178,6.0,12.578095042326503,0.9970321713228564,3.34,0.4986714256348975,9.786714256348976,bajo
9.581281988920368,0.8242736553272326,0.27187180110796316,3.240394458129344,0.09861577832517376,13.194576200721517,85.60098614532336,1.0002418736761143,3.408054237992785,0.6519704156402992,10.960838223524856,bajo
8.75486063686229,0.9574189893856285,0.17252449306572787,2.8724943673969765,0.08917483102190929,18.912584489045354,85.7362471836985,0.999100979722629,3.514400901216484,0.5977995493917581,11.08899774695879,bajo
7.1350799884094425,0.8549200115905584,0.06940319953637766,3.181367946683432,0.07275399942047207,9.1790401390867,30.05968004636223,0.9960224159397291,3.448879203013545,0.4629111983773218,10.27161605563468,bajo
7.4121690286933335,0.9583681011697778,0.2288187579164444,2.8072300956444445,0.09419755732195555,4.414460191288889,11.121690286933333,0.9962069501670543,3.4785183200853336,0.5912169028693333,10.936507086079999,bajo
7.198113351875691,0.7619666149567148,0.0,1.9464440997114323,0.07842670803462813,6.0,12.232220498557162,0.9967014223601155,3.3980551246392903,0.5178664598268593,9.769666149567147,bajo
12.421438838369292,0.4608729017958968,0.48563549102051623,4.2468584791899415,0.07672134382840501,26.872901795896755,49.17458035917935,0.9981226954466933,3.0788057592645925,0.5953141520810058,9.626187053876903,bajo
7.843285648004718,0.8096058649439747,0.2031077735286024,2.050610395635935,0.07482908922193827,17.530519781796734,51.96337626184392,0.9972475584174563,3.31,0.5598779208728131,10.045727230548456,bajo
6.427194263097227,0.5401978486614599,0.09,3.9,0.11926078882413138,14.067985657743066,30.86402868451387,0.9966939423739208,3.4938812908031243,0.6598021513385401,11.006798565774307,bajo
9.00220186195336,0.49038073423521455,0.16304587388171657,2.2679357807840486,0.09145688108225748,6.320642192159514,14.0,0.9969567110346205,3.3592385315295705,0.5392385315295709,10.288577972943562,bajo
6.728377885360008,0.9139721332911599,0.07157181682905292,2.450212956092638,0.08356329858534739,5.406116902442101,12.4061169024421,0.9954669841399975,3.5887340282930524,0.608122338048842,10.753271407313688,bajo
7.058461337056928,0.8269231416602734,0.06369230481509897,2.184615240754948,0.05926153903698017,4.369230481509896,10.261539036980208,0.9960676921926039,3.4746154277735153,0.6067692566641094,10.9,bajo
9.17225555277247,0.7903810126380615,0.203628039166573,2.7451215666629194,0.09845121566662919,11.0,79.9969476944101,0.9990135354188775,3.304481633610393,0.612713398610955,10.15396274166011,bajo
6.7548603117938155,0.8425028775422649,0.08548603117938153,3.177764988701045,0.06754860311793816,16.805587528247386,30.35419064618554,0.9957997321337567,3.459653657026803,0.5425698441030923,11.054860311793815,bajo
7.431509228155432,0.7251078020111024,0.049402978190007954,3.1331673658112615,0.07747263842233147,14.097843959777954,27.64676593966693,0.9963947597314843,3.3919568791955594,0.49293531879333863,10.423382969833465,bajo
9.433424243145103,0.29051913869907076,0.3135154705475339,2.542941785961401,0.07031421051379556,14.0,34.991347688348824,0.996273142105138,3.2844672248291635,0.5263114832194424,9.642941785961401,bajo
5.9523427616961335,0.9849029120247232,0.061611439309184994,2.3831996659364667,0.13572572800618082,8.261713808480668,19.315428452120166,0.9942775770378658,3.4842285773939916,0.5052342761696134,10.430856904240335,bajo
11.61338031053231,0.6343934055621329,0.4578233066035247,1.3912131888757342,0.07108786811124265,6.2636043337279705,25.47279133254406,0.9977861059631479,3.0787868111242656,0.6421766933964752,10.294558266508812,bajo
8.877880362492768,0.8135886707047071,0.048329486406521224,1.8082371601630307,0.07911059818753616,4.13882477344202,13.72235045311596,0.9976945854984276,3.3247061933605053,0.5483294864065212,9.90823716016303,bajo
7.00271089941433,0.9746069195849222,0.040623506865295825,2.0,0.08698102370409969,11.99728910058567,66.98915640234269,0.9956523584824905,3.3498373460351405,0.5996746920702805,9.401084359765733,bajo
6.881687244899177,0.8837433855681217,0.061166960641416815,2.0583480320708407,0.05976660787171662,4.116696064141681,10.766607871716637,0.9959666784256567,3.5124955903787476,0.6294973542272487,10.9,bajo
7.121467039158486,0.7573658310052594,0.009463324021037845,1.8526833798948108,0.08116100279368865,6.0,12.0,0.9963793203352427,3.4393649022208974,0.5562432681472649,9.818291550262972,bajo
7.224271316739087,0.7736270767624364,0.06606101881055838,2.3030509405279194,0.05878779623788826,4.606101881055839,9.787796237888323,0.9961624407524223,3.439084717841624,0.5854508307049746,10.9,bajo
9.05827376010732,0.6236859197481555,0.4217131650100613,2.0411421100067075,0.08591434174949693,13.971447249832313,53.3543155997317,0.9981391303426123,3.2976573669979876,0.57,10.112005229953049,bajo
7.589330074988656,1.4845041711484748,0.007468947507940525,2.1426797000453743,0.12857075924103845,5.0,9.0,0.994926450830177,3.4871960899863876,0.4160048875170154,10.9,bajo
6.5836178259687355,0.9841745904039492,0.0,2.029854507996709,0.08389563523990128,16.402909840065817,24.29854507996709,0.9948820048121435,3.5571600412036197,0.5365654714014809,10.961163936026328,bajo
7.322182167884103,0.7421557317515385,0.06745974525548719,2.372987262774359,0.05850805094890249,4.745974525548718,9.508050948902564,0.9962183898102195,3.418103821167692,0.5728622927006154,10.9,bajo
6.611037804017882,0.7033593291898658,0.22097780484768997,2.0408518292935915,0.06937852438366617,9.77444512119225,63.81703658587183,0.9952454229260399,3.5391961586909093,0.5126814634348733,11.148110366688526,bajo
7.607299092640073,1.0915283234849842,0.09597628402599728,2.999407100649932,0.08546350453679963,4.932938067099955,12.13412386580009,0.9959475362523801,3.5232345167749886,0.5959762840259972,11.09940710064993,bajo
6.304535261771305,1.016916021995513,0.0008163471188348398,2.017233994730958,0.08286394214686087,16.98185895291478,24.045352617713046,0.994377891355482,3.58836730576233,0.5497278842937218,11.199092947645738,bajo
9.482493664813669,0.3960514661431222,0.3105494750845612,2.220500181005324,0.05905001810053238,15.025009050266187,35.17999275978705,0.9962097006154181,3.2894505249154387,0.506400144804259,9.648503077090504,bajo
6.589614292481901,0.7423680075797283,0.07862314245108598,3.217388547065159,0.09948782773224438,13.2415428300724,31.0,0.9960415428300724,3.503792285849638,0.5789851396086879,11.15169143398552,bajo
7.3,0.9483732521435757,0.048528988471794224,2.063224711794856,0.061809056340513174,19.779348270769134,48.48514596512798,0.9969433516642051,3.3144130345846174,0.5448514596512798,9.648514596512797,bajo
10.820470342103576,0.5883521034774617,0.5597747582704597,2.3670420695492336,0.07789764828948212,11.94882414474106,46.72159655075128,0.999909108962404,3.252784034492487,0.5532957930450766,9.083521034774616,bajo
8.780762142414366,0.6112023660991022,0.30288567863784527,2.7615242848287296,0.08804809464396408,16.903810712071824,46.43285179567679,0.9975927858034054,3.2624047321982044,0.5128856786378453,9.352904108360498,bajo
7.771425381022595,1.0932360823355944,0.008739420729943402,3.6710133766412496,0.0928487751532768,4.781514481751415,14.0,0.996905879725548,3.555714923795481,0.54,10.481514481751415,bajo
9.394557637427717,0.8309042367423827,0.23720591128225083,5.0345615718138275,0.09622498524605208,10.13970443588746,90.64559604620771,1.000091527884297,3.407632315333074,0.6262352709741994,11.334411822564503,bajo
9.700401539812251,0.566116989937192,0.1901003849530627,2.1253513473357195,0.09676254811913283,5.501003849530627,14.0,0.997849899615047,3.3275250962382654,0.5249899615046938,9.925150577429594,bajo
7.820740590528775,1.0448379958218306,0.08797222785517095,2.7993056963792737,0.08439629704735611,4.799537130919516,12.400925738160968,0.9962410183119771,3.489884282729879,0.5879722278551709,10.899305696379272,bajo
7.807115237590888,0.4940424565416952,0.08945488992444894,1.7049203939843218,0.06937699015039195,16.47539803007839,40.95079606015678,0.9956944283545859,3.3455185747369915,0.481748673233072,9.052460196992161,bajo
9.615347034350824,0.83154523233258,0.26846529656491747,3.2508760105694847,0.09903504042277939,13.050454854669585,85.6271900264237,1.000291661050205,3.4094954514533042,0.6511842992072886,10.983111522460156,bajo
7.129968444490999,0.7035691746065,0.06878774285415001,3.4993240316895005,0.072949526667365,14.52861650787,28.292924761805,0.9958433708699265,3.4005723301574,0.5058584952361,10.7464623809025,bajo
11.929617292651841,0.46633758563720173,0.45831207181399114,2.662100165211486,0.11879940940645364,32.33758563720177,50.26751712744036,0.9982647772265673,3.2591403260276586,0.7537899834788514,9.790127569116054,bajo
8.298652743508768,0.666786184990432,0.3314385004433799,2.0092133869537485,0.08642025165295045,15.460669347687421,54.447196782775094,0.9974131464521849,3.31,0.5681573226092502,10.335506291323762,bajo
12.215423075933154,0.4631619658229649,0.4741901708851753,3.583029911340166,0.09434713683683009,29.161965822964945,49.63239316459299,0.998182211111397,3.154344872157843,0.6616970088659834,9.694858974688948,bajo
9.070281294081255,0.3994031989045932,0.32233866484098866,1.8353226703180228,0.09993546593639546,31.293546593639547,49.23507997261483,0.9968304026429329,3.409415333789753,0.6717418637455819,9.958830667579505,bajo
7.980421523899441,0.7671799325602886,0.02951053809748603,1.4585089682914338,0.0729510538097486,7.73192825366853,19.682982063417132,0.9963922139015619,3.211212331755773,0.8771085205869649,9.326807174633146,bajo
9.656621014414132,0.5664415419610288,0.37527238118160533,1.9288308392205766,0.07309610279740192,13.163640209093275,44.7402569935048,0.9984498672732449,3.3042338321558846,0.5293246258830864,9.0,bajo
6.814839299659141,0.6728621754514468,0.00572435090289348,3.441347364565978,0.06129326317717011,10.427564909710652,20.0,0.9953436724231344,3.3698590873594916,0.7088331234752305,11.055834382623848,bajo
8.721064175065045,0.6294817094910695,0.39009976641234806,2.0200665109415654,0.08749501167938259,14.498337226460865,54.19733956233738,0.9977861140582711,3.3039800467175304,0.57,10.259534423409043,bajo
7.875898455818162,0.5778689400918238,0.1940464904199936,3.928414132109017,0.05499281235345464,4.248203088363676,9.375898455818163,0.99607190701916,3.3424101544181837,0.5537589845581816,11.313488301399978,bajo
8.179562123829266,0.8156240831893904,0.04460218938085367,3.486897646150005,0.07984087575234143,3.539781061914633,14.0,0.9980368175150468,3.3406240831893905,0.5307956212382927,9.930109469042684,bajo
10.332770233524311,0.6958117013082509,0.28062766230583047,1.7509957403106713,0.07889740415699009,9.071212727718374,26.0,0.9978617380857072,3.2016234026165016,0.5385757454456326,10.04900425968933,bajo
6.357748627090612,0.7370317272559984,0.05197376438155131,3.0972239147216385,0.10609945083624503,15.267541187281623,28.04240389634288,0.9957732916383019,3.5380262356184486,0.6192983525087351,11.084502745818774,bajo
8.90660873554552,0.8874811341545048,0.046446375481816043,1.7289275096363208,0.07606608735545518,4.6446375481816045,17.22318774090802,0.9968138669113459,3.296446375481816,0.4755362451818396,9.63553624518184,bajo
5.965110733879099,0.7204054518167522,0.011744463306045057,1.8651107338790989,0.06782964220403004,6.0,13.0,0.9959901396970655,3.6174037477141052,0.613914821102015,10.03914821102015,bajo
8.61274299187527,0.6217035630077956,0.32808855121870956,2.425485983750539,0.08846814252031182,16.063714959376348,50.21328268280644,0.9975297786219532,3.2834071260155913,0.5380885512187096,9.81495677234301,bajo
7.3732810236298985,0.9570164062251681,0.07065192484115326,2.0933380887609183,0.06286533514694287,19.666904438045915,49.3997146743449,0.9970766476449563,3.31,0.5513323822478163,9.746633378673572,bajo
8.284809180976625,0.37748304691097556,0.28580507818495926,1.9083898436300815,0.08532203127398372,29.832203127398373,48.68707617277439,0.9963554660164045,3.41854873045376,0.6132881250959349,9.97709746090752,bajo
7.228575344693295,0.7029953398149783,0.24114630333010006,2.2742904136319546,0.08059989034858772,16.57150689386591,74.77156171957205,0.9963585835685492,3.336285479318402,0.645715068938659,9.491430137877318,bajo
6.111624671177202,0.5972611257254576,0.012945844294093277,1.8979302998044902,0.08909554970981692,4.294584429409328,13.0,0.9953153983955495,3.6372611257254577,0.62,10.89586059960898,bajo
7.565942100277478,0.71691250169157,0.16648552506936953,5.89968947154749,0.07134989485080044,3.0,12.668736856350062,0.9972745857980918,3.360062105690502,0.5333126314364994,10.799068414642472,bajo
8.107780345276279,0.7774570816778137,0.2942505776871629,2.0,0.08242505776871628,12.077803452762794,60.84439309447441,0.9967705893027673,3.295389017263814,0.5042505776871629,9.96167051791442,bajo
6.281936545933657,0.9921729233315022,0.06856023251823369,1.4387435214806676,0.14137176074033383,7.612564785193323,19.30628239259666,0.9947657059814917,3.398926810443102,0.663769435557997,9.616230564442004,bajo
8.266576936009264,0.479197110996857,0.3416442340023159,6.19996154400397,0.055335384319788246,3.0,10.666923039973533,0.996063488439184,3.300007691199206,0.5533307696002647,11.69988463201191,bajo
6.530604680790467,0.9908709876896252,0.0,2.0242741769253123,0.08372822530775938,16.514516461493752,24.242741769253122,0.9947863021342691,3.5632984053821564,0.5390766203836095,11.0058065845975,bajo
9.344965989044363,0.7295822499861956,0.14413048901675346,2.0477118132019827,0.08887186153931104,5.495423626403966,16.52288186798017,0.9969724947473025,3.3198169450561585,0.4796338901123173,9.798169450561586,bajo
7.993168728911236,0.7308775731164187,0.020683127108876362,2.7687859954941003,0.08822438273341714,11.190226377973318,26.775617266582863,0.9976965843644556,3.3725853908886094,0.4703415635544382,9.444876546683426,bajo
9.3316715286633,0.8026767632697905,0.21146301698514777,2.5889866135890385,0.09432877123143471,17.82958641188178,100.08602197450617,0.999377973227178,3.314750729299495,0.8448875923564535,10.360931868366256,bajo
8.399077046369538,0.6354499398948505,0.35979233543314587,2.0,0.08897923354331458,14.990770463695373,55.018459072609254,0.9974478541328091,3.309953852318477,0.5697923354331459,10.398615569554305,bajo
7.128604680058234,0.36762015600194115,0.4403844992062116,5.150247863600126,0.06829565928073762,18.03844992062116,91.18030951887414,0.9968335566176575,3.315048062400776,0.6653364368054352,10.070434071926236,bajo
6.856737123637427,0.9496753106984301,0.0,2.058603907751308,0.08475811723253925,15.827921844973837,24.58603907751308,0.9953750570179349,3.525535701473561,0.5236282415119113,10.731168737989535,bajo
7.4114287756203,0.6918930026294641,0.0,1.9664284182847747,0.08023572296386278,6.221428060949249,12.442856121898497,0.9963767865055287,3.3532856836569547,0.5099285254854324,9.9657136731391,bajo
6.5868247407487255,0.4165924312568241,0.30568720144515305,11.54028413728954,0.06129952726297195,6.715639927742348,109.13554439019131,0.996475715763696,3.318606638121301,0.5714502388438776,11.471374402890307,bajo
7.1772694540439606,0.468636622049161,0.14727248608744972,3.5522741916119123,0.10950005685081542,14.0,32.022722965847315,0.9966650005685082,3.444772959844245,0.6331819732294967,10.652274191611912,bajo
6.757187183555278,1.0542967958888194,0.07428128164447229,2.2428128164447227,0.06528438449334169,16.9984485755653,31.714064082223615,0.9959996276581357,3.517140640822236,0.529968971511306,11.114374367110555,bajo
8.025324097236537,0.6288587997141719,0.2706018512869137,8.207175872256805,0.07919305584367399,8.469907435654314,99.6624998474667,0.998328222252051,3.364217593327012,0.599518518970469,11.401203702573827,bajo
7.1319529377901745,0.3677317645930058,0.4407416466976186,5.127256493840799,0.06833807054534222,18.074164669761863,91.11557653605662,0.996836860231953,3.315092705837202,0.6656489408604163,10.066192945465778,bajo
8.28679236618144,0.6705060306067301,0.328096030469315,2.0102916030744145,0.08611835113916394,15.514580153720726,54.38250381553513,0.9974088335877023,3.31,0.5679416793851171,10.327958778479099,bajo
7.3,0.6420167485647053,0.151931456782073,2.0463518648515406,0.06421888810890757,24.291850811876756,48.463518648515404,0.9963579390565849,3.3743777621781517,0.5446351864851541,9.860944405445379,bajo
8.76047805088372,0.34364646966707474,0.26392996164406357,2.8439966614467567,0.08200222332675644,14.0,34.10589217221542,0.9963900222332676,3.3322818227003674,0.5581878818002448,9.943996661446757,bajo
8.6203993860113,0.48628999342154966,0.13031994737239722,2.254299978071832,0.08654799210585958,6.457000219281678,14.0,0.9965980894232892,3.3674200131569005,0.5474200131569007,10.41130019735351,bajo
6.5564379151347385,0.6602467297028415,0.0,2.139604212792749,0.06277229489549241,6.396042127927488,13.396042127927487,0.9960578180719466,3.514751995693777,0.5981187361621754,10.35643791513474,bajo
6.508695720357615,0.5953432521193796,0.1700915338985012,2.1502288347462533,0.07358924555103867,9.50686504238759,70.0228834746253,0.9953890618559516,3.548398156776229,0.5750686504238759,11.141075444896131,bajo
8.236222980619461,0.7596013936288717,0.018405574515486533,1.761958191133851,0.08123916382267703,5.079721274225673,12.920278725774327,0.9973089783844956,3.3169930318556418,0.5130069681443582,9.7,bajo
9.860027079219325,0.6543178740997804,0.26654840864210827,1.3513642518004392,0.0714863574819956,7.459072445986823,23.081855108026353,0.9972242359503862,3.118635748199561,0.8334515913578917,9.81637102160527,bajo
7.436417929165803,1.171044822914507,0.22083579562616637,2.1,0.12759403092703359,4.182089645829014,9.0,0.9957537610803178,3.4304776198954663,0.46952238010453384,10.654626893748704,bajo
6.033424236863334,0.650795932619237,0.02315645941794735,1.591247207760702,0.08091247207760702,6.0,12.771881980598245,0.9953769253537591,3.5870022337914387,0.5903446574777719,10.008752792239298,bajo
9.079254777059324,0.7701252903735787,0.03951187710727822,1.632338141642818,0.07823185837404284,4.012203072318044,14.0,0.9979829156987547,3.294149044588135,0.54,9.712203072318044,bajo
7.158286971325749,0.6759844270120523,0.01196885402410454,2.504671896384319,0.0659766405180784,9.803114597589547,20.0,0.9958494771759525,3.2824360436625364,0.8711902046267181,10.24404897686641,bajo
6.517245826338513,0.8722728380898112,0.03910424874093235,2.82553414008635,0.07648262520984461,16.131016694645947,26.17245826338513,0.994748007737829,3.511791502518135,0.5369652504196892,11.156550834732297,bajo
8.520429978648306,0.8664716298931808,0.2231307644128992,2.1283820925267047,0.06468967202847162,17.161790747329523,48.432358149465905,0.9981143284697513,3.292970744483977,0.555676418505341,9.501325352313065,bajo
6.859902936477733,0.9256020395587039,0.0720291190566802,2.8217471434008123,0.06380679444655872,13.20291190566802,30.198058729554653,0.994976427079498,3.4699029364777325,0.46608735717004063,11.279708809433197,bajo
7.170917772837249,0.7316178417542256,0.005196035165727652,1.8307195311236313,0.08330719531123632,6.0,12.173201172190922,0.9964186299603879,3.395424375101095,0.5125161523848198,9.769280468876367,bajo
7.397686986410069,0.4061921314790222,0.4619929096081722,2.5508897534768336,0.07185409424779277,22.777578903283473,84.04092520543597,0.9970608543015177,3.337597838337468,0.6909964548040861,9.636832684892374,bajo
11.23266024843939,0.5113786385767816,0.4249203911360767,3.917708762796476,0.07616543662921378,22.91728168539311,47.97242722846437,0.9979287378714108,3.121930094007494,0.5494485445692874,9.497242722846437,bajo
8.45897352545502,0.6941198637210952,0.24316225424250323,2.640854311879009,0.08186152345819035,17.68205294908996,46.682052949089964,0.9974749569593335,3.271367549151499,0.5190940393211995,9.390940393211995,bajo
7.876403137579517,0.6220503921974396,0.16257272164328895,1.8882015687897586,0.07891683765095421,13.541581174522896,42.57640313757952,0.996752806275159,3.335415811745229,0.5088201568789759,9.115280627515903,bajo
9.321374772722324,0.6191638710938351,0.4463788849427178,2.0575859232951452,0.08468105575286411,13.56035191762137,52.696563068194195,0.9984145642151936,3.2927242230114566,0.57,9.996898536933983,bajo
9.600564657901549,0.7053172907886615,0.21327238158130546,1.7925248684236728,0.12497606789537616,4.385049736847345,14.77009947369469,0.9985390696315862,3.239943534209845,0.5746544763162611,9.19943534209845,bajo
8.37659337238015,0.4418701057995918,0.3691483430950377,6.247111445305778,0.05282072291702512,3.0,10.352590364628142,0.9958733171706,3.290577710938844,0.5564740963537187,11.841334335917336,bajo
6.928641537743635,0.48826514175708147,0.12895253436005732,3.6635024699567946,0.11381833118655792,14.0,31.69558097071531,0.9967081833118656,3.462438627581373,0.6449590850542489,10.763502469956794,bajo
6.769761619095234,0.8767377810047575,0.053952323819046806,2.020158920603177,0.06362860570857191,3.8992053969841134,11.201589206031773,0.9958847218889445,3.5390715142714297,0.6379841079396823,10.960476761809533,bajo
10.499133213029252,0.6005679212453677,0.34015394257707177,1.7280077659268311,0.12498266426058505,31.903751490341406,50.487968936292674,0.9980246196532717,3.3620789127702437,0.7806351851253647,9.848796893629268,bajo
9.241334551218403,0.4518625752894554,0.2905677199580962,2.22739044139376,0.059739044139375995,15.369522069687996,34.904382344249605,0.9962331275007388,3.3094322800419036,0.5119123531150079,9.765637503693918,bajo
7.852259195784704,0.8409036783138815,0.2316592892654128,2.870851776836468,0.09621111284223535,4.778888715776464,10.185925810517643,0.9982158258260978,3.4189444357888235,0.5225629675792942,10.715074033681175,bajo
6.8715488649576395,0.8870021505493302,0.061022126642252,2.0511063321126,0.05979557467154959,4.1022126642252,10.7955746715496,0.9959608850656901,3.5146681003662197,0.630800860219732,10.9,bajo
4.8762482243134615,0.5451873380991685,0.1597499373287104,2.091875052226075,0.05611248642122059,8.24374843321776,64.83750104452149,0.9936534983705464,3.8504378185790555,0.5535000417808598,12.831876723460464,bajo
7.756856116889053,1.0968355475921165,0.008396614515036531,3.6937242883788297,0.09301160810535758,4.790084637124087,14.0,0.9968938815080263,3.5586287766221893,0.54,10.490084637124086,bajo
10.448347470054038,0.44046045209575274,0.4216115823351346,1.5690678143629126,0.1432733046409272,33.8158191616989,48.023022604787634,0.9983149350269467,3.3724025404200795,0.8533234446115852,9.89309321856371,bajo
7.825683605494123,0.6731152449447108,0.34321288569246833,2.2091796734070526,0.07755957047691772,14.834960679129292,70.32128856924683,0.9967570702965279,3.3004589836703526,0.5566992135825859,9.73027344219765,bajo
7.3,0.6483639325365127,0.03457506662960524,1.7143766657401311,0.06948371335371711,17.686259994440785,43.601273320361834,0.9959316923306464,3.3562748001111844,0.49601273320361833,9.160127332036183,bajo
10.80180681689465,0.7516914951591371,0.3315040836258101,1.5497741478881688,0.07249774147888169,5.625564630279578,23.378952411957044,0.9972547381029893,3.156120135035697,0.5400903408447325,10.100451704223662,bajo
12.437970614569503,0.4606892153936722,0.4865539230316391,4.300127535835066,0.07530695853127585,26.68921539367219,49.137843078734434,0.9981179196002354,3.072744107991182,0.5899872464164934,9.620676461810165,bajo
11.267519418398214,0.4607214721413455,0.42453578690224253,1.630928426195515,0.140814314760897,35.3814314760897,50.76803680353364,0.9981589652297291,3.3838660532744393,0.835257259043588,9.90773210654888,bajo
10.087259101844571,0.6699420054797904,0.4389189866346133,2.3241309770113903,0.18926256249666362,5.0,15.791506067896382,0.9991081084950549,3.2089960740443506,0.6206177730553372,8.639768021919162,bajo
7.546769030454815,0.4747868110405873,0.038294488324698506,2.2159560368019577,0.07274417324870477,6.840439631980423,14.0,0.9955896437678915,3.3904263779188253,0.5704263779188253,10.756395668782382,bajo
11.314195834418282,0.5849122590959357,0.6332058594767139,2.182137239651143,0.0753397070261643,10.446569008721434,47.714510413954294,1.0005007987641565,3.255358828104657,0.57,9.125039322442001,bajo
6.503524205567508,0.40430052301666897,0.30771892181542665,11.73329757246553,0.06026334987413242,6.614053909228669,109.68410889016519,0.9963684409281455,3.315965401639945,0.5698248625476587,11.475437843630854,bajo
10.89540267264967,0.44471812069190164,0.4365134224216557,2.2077181037852434,0.1273070474053689,32.11275172323935,48.23590603459508,0.998268100672389,3.302151008583623,0.7915872499674265,9.829228189621476,bajo
7.532416408293832,0.621448896969785,0.06675835917061682,4.035854877191963,0.08649656153110186,7.1586435725710285,28.503438468898132,0.9974662082041469,3.378344794896327,0.4933791795853084,9.099312306220375,bajo
7.1863208794941205,0.9479834724733525,0.08285380228364776,2.0,0.08569575384354115,11.81367912050588,66.25471648202351,0.9958120991651599,3.338820747230353,0.5776414944607055,9.474528351797648,bajo
7.256236183503738,0.3718745394501246,0.4539985262403987,4.2738448732743315,0.06991232499104735,19.399852624039873,88.71276711892773,0.9969594863677237,3.3167498157800495,0.6772487104603488,9.908767500895264,bajo
6.693946704540188,0.9917675549243302,0.09978635427788901,2.064292825309878,0.06492878475929634,31.035607620351833,85.33214641265494,0.9961914541711155,3.6437131479504195,0.5331434260247903,10.765717130123951,bajo
9.109945075840255,0.4822698538769694,0.2796811634267641,2.231144426404564,0.060114442640456414,15.557221320228205,34.75422294381744,0.9962458910497756,3.320318836573236,0.5149155411236512,9.82945524887759,bajo
6.495614307140246,0.8600405548894472,0.022739562087711263,2.3273956208771125,0.06591228614280492,5.772604379122887,12.772604379122887,0.9964489876784632,3.5786302189561443,0.6077260437912289,10.272874745052535,bajo
6.552895045585167,0.6614867340451915,0.0,2.1392105606205742,0.06274473924344019,6.3921056062057415,13.39210560620574,0.9960636047588776,3.515499934820909,0.5982368318138277,10.352895045585168,bajo
6.934459061766299,0.9877590156372283,0.10827502570939879,2.1586113967710974,0.06775834190313293,29.620829048433535,85.37930569838555,0.9965310010283759,3.6286221765166244,0.5406889117416878,10.803444558708438,bajo
5.7534502088940265,0.6621988074458574,0.022327489555298664,1.6534502088940268,0.07488499303686577,6.0,13.0,0.9954045455779401,3.64209747562903,0.6174424965184329,10.07442496518433,bajo
7.214978172461927,1.0606242159327393,0.0,3.8285613928299433,0.09679442019162429,4.588840383248725,13.794420191624363,0.9963882527973731,3.6279442019162436,0.556446384670051,10.86446384670051,bajo
7.351452922100145,0.7327472750392392,0.06787789888714493,2.393894944357246,0.05842442022257094,4.787789888714492,9.424420222571015,0.9962351159554858,3.411831516692826,0.5690989100156957,10.9,bajo
10.439351964996723,0.6660648035003277,0.31563747396126113,3.5489316761523337,0.06643349378557126,23.622329190380835,49.0,0.9976839076083166,3.153032401750164,0.5620744306346027,9.639627846826986,bajo
7.145706920022275,0.502566180515871,0.0,2.165719809983294,0.06894254410094669,6.885732699944312,13.771465399888625,0.9953471143150863,3.3931439619966586,0.5697159429949881,10.762879239933175,bajo
6.009315586292334,0.6484964211031246,0.1997405501044353,2.0585495415796373,0.06477711918929432,9.243513752610884,64.17099083159275,0.9946932543027153,3.647152203635787,0.5268396332637099,11.732134872128029,bajo
5.859315532835382,0.6384250510172508,0.02590554421838871,1.5545927437548173,0.08054592743754817,6.0,12.863518140612957,0.9952174784353335,3.6163258049961464,0.6022573582796844,10.045407256245182,bajo
8.24607216225894,1.0631422701928486,0.018459204635969697,3.29984830133803,0.08808310771468031,5.922960231798485,10.84592046359697,0.9985995145642818,3.4815407953640305,0.48306642086186363,10.992296023179849,bajo
7.765700122318814,0.6082125152898517,0.13711102813332704,1.8328500611594067,0.07758840146782575,14.205799266087121,42.465700122318815,0.9965314002446377,3.3420579926608713,0.5032850061159406,9.093140024463763,bajo
6.655748906573278,0.7513237972306057,0.031149781314655584,2.096167395617815,0.07731013121120664,3.5191630219109262,11.961673956178148,0.9957517070576688,3.5732753280280165,0.6303832604382186,11.188502186853444,bajo
6.89184547249393,1.0565664372251136,0.06244635825182096,2.246781495109258,0.06157081692542489,12.244635825182097,30.836909449878604,0.9948358799210267,3.50184547249393,0.4373390747554629,11.37553641748179,bajo
10.278618317237015,0.6027112476724887,0.5361204672409702,2.1174136448273138,0.08019397663795148,12.064658879317165,50.30345420690746,0.9994166785508575,3.274775906551806,0.57,9.578104486208806,bajo
5.1116786788276904,1.0085036654147965,0.04492700053651575,1.4262773361947505,0.04657664017168504,40.01459989269685,84.67153329756562,0.9939169341460666,3.731934331366109,0.4836131337267782,10.457299328683531,bajo
9.942949033182432,0.9079523334925299,0.21825498925758258,3.234223979470345,0.10281873657197822,12.396008593933939,88.87926772498875,1.0006684479589405,3.406442354977365,0.6818802578180182,11.108048818334083,bajo
6.57092081834145,0.4032268006133598,0.2902128268691418,10.07021855256847,0.06045388751168595,11.21275529790019,114.4893586565429,0.9960873751352806,3.2652482980139985,0.6990068079440052,10.904256537382835,bajo
8.175788873453524,0.7592236804590845,0.01689472183633811,1.7732895862274642,0.08146579172454929,5.155263908183095,12.844736091816905,0.9972606310987628,3.318881597704577,0.5111184022954226,9.7,bajo
6.716551331742798,0.784826997614196,0.02662053269711895,1.8331026634855947,0.07502076028629646,5.668973365144052,11.834486682572026,0.9959867589346058,3.5466897336514402,0.6316551331742798,10.107237651556575,bajo
7.586448335901362,1.5461208397534052,0.018294746533161294,2.1,0.13622077931432822,4.93224167950681,9.0,0.9948423263593992,3.494240542758079,0.4057594572419212,10.879672503852044,bajo
7.9278614647381,0.8221330728258287,0.15655668305115478,2.131147317113276,0.05975410731546897,12.622946342265514,32.55736585566379,0.9952173740493179,3.4227875120828277,0.4486883902679654,10.74590634062121,bajo
7.468265023588693,0.862201523112331,0.14365624481163458,2.2780495707546087,0.06480495707546088,17.90247853773044,32.87801716981565,0.9964053685405657,3.4563437551883656,0.552439656603687,10.626842702828348,bajo
6.988965130948232,0.5505002800625313,0.005551743452588362,2.088965130948233,0.0700534588989236,6.722412827370582,13.444825654741164,0.9954003973532825,3.4416380758944127,0.5938793586314709,10.636292186002052,bajo
7.5760777712648775,0.6318184706754084,0.06239222287351223,3.915786129021587,0.08666029164224329,7.54068049856768,28.33970835775671,0.9974880388856324,3.377799027859189,0.4911961114367561,9.132058328448657,bajo
7.817174588185792,0.7268298039146934,0.019141270590710364,2.561557333380085,0.09623114666760169,13.212680784341226,27.063403921706133,0.9975873192156588,3.3976485019643596,0.5046629647116575,9.897753098077716,bajo
6.557659993145888,0.5792449734767835,0.25818647330543065,2.048482631759319,0.07203107888423843,11.606215776847687,59.848263175931876,0.9954864534137475,3.5960475273799806,0.5651517368240682,11.709031057501607,bajo
10.129069815479992,0.237826778981518,0.3616840473321371,2.1853247894096537,0.057366880264758655,14.073376052951732,36.14675210590346,0.9961267923104687,3.233424215804414,0.4897554131568276,9.292662394704827,bajo
6.6869099107846885,0.6145815312253591,0.0,2.154101101198299,0.06378707708388091,6.541011011982987,13.541011011982986,0.995844713812385,3.4872079077232323,0.5937696696405104,10.48690991078469,bajo
8.131233557331942,0.8017410235552368,0.033280838933298564,1.5213473155549762,0.07332808389332986,7.229221475560191,19.55730536889005,0.9963494838254227,3.2275503020442935,0.7966754360896307,9.37707785244398,bajo
7.611494385687413,0.7316882740066042,0.0630316008945367,2.6254311838983395,0.06162356753484083,5.139367982109266,9.278735964218532,0.996682356753484,3.3939367982109263,0.5416379210734441,10.913936798210926,bajo
6.778958168639805,0.7171544329145707,0.02324651405331707,3.827255983732195,0.08949097606507118,3.0,13.46493028106634,0.9967369750054764,3.517715338165405,0.5735069718933659,10.895590634613756,bajo
6.650479455695827,0.9757289108594746,0.0,2.036892574283771,0.08410677722851313,16.262148514324576,24.36892574283771,0.9950027076489667,3.5494181682878514,0.533398341572303,10.90485940572983,bajo
11.029151414709602,0.4459919182353296,0.44097171382365336,2.398787735299431,0.12253030661751421,31.603232705868184,48.299595911766474,0.9982540888994114,3.2811333491170624,0.7731171855877217,9.810121226470057,bajo
6.464905389402916,0.3454968463134306,0.36958990820297777,9.707649659433308,0.059888801599103605,10.958990820297775,104.01182913821029,0.9961787066508776,3.306198738525372,0.6033911696776055,10.91111984008964,bajo
11.957586303911837,0.466026818845424,0.4598659057728799,2.752222534827034,0.11640650510976497,32.02681884542402,50.205363769084805,0.998256697289981,3.2488850218989924,0.7447777465172966,9.78080456536272,bajo
8.417137751461201,0.7607321109466325,0.022928443786530025,1.728036671601025,0.0805607334320205,4.853577810673499,13.1464221893265,0.997453710201169,3.3113394452668374,0.5186605547331625,9.7,bajo
9.5794332573931,0.8238790222512196,0.2720566742606899,3.2398256176594153,0.09859302470637663,13.202397757183036,85.59956404414854,1.000239171683882,3.4079760224281697,0.6520130786755438,10.959629437526258,bajo
8.083099697052932,0.9610245200380266,0.10288965982887993,2.489141798669066,0.093288965982888,11.650613000950667,73.63835298193733,0.9975192204449139,3.377950959923947,0.6139754799619733,10.063835298193734,bajo
6.806353634311725,1.0665884085779311,0.06936463656882759,2.193646365688276,0.06380939097064828,15.277622799089656,31.46823182844138,0.9955866294717816,3.5146823182844136,0.4955524559817931,11.212707268623449,bajo
8.349951974102105,0.8062526414243842,0.04375024012948948,3.137598453090686,0.07950009605179575,3.6249759870510525,14.0,0.9980300019210359,3.3312526414243844,0.532499519741021,9.887512006474473,bajo
8.495638484095728,0.7612227405255984,0.02489096210239323,1.7133177842320508,0.08026635568464102,4.755451894880339,13.244548105119662,0.9975165107872767,3.3088862973720086,0.5211137026279915,9.7,bajo
7.630748149366134,0.7397507875470686,0.061828240664616646,2.6470916680369,0.06224931485439926,5.163435186707667,9.326870373415334,0.99674493148544,3.3963435186707667,0.54019388879754,10.916343518670766,bajo
5.952472162540444,0.7169298446986223,0.01237639187297777,1.8524721625404448,0.06825092791531852,6.0,13.0,0.9959551729830285,3.6188782477036145,0.6141254639576592,10.041254639576593,bajo
8.42332510181872,0.6594168724545321,0.1582009992338566,1.5352357433767774,0.10963771894028435,7.823821283116114,18.823821283116114,0.9973527295697409,3.1670595532077903,0.9476798943505629,8.964764256623223,bajo
6.8432875203993255,0.9513742079495588,0.0,2.0571881600420343,0.08471564480126104,15.856236799159312,24.571881600420344,0.9953507769447208,3.5270930239537623,0.5242653279810846,10.742494719663725,bajo
6.747235226985522,0.8308528404782821,0.038894090794208566,1.8944704539710429,0.06949765914260614,5.055295460289572,11.527647730144785,0.9959622118184116,3.5405529546028953,0.6347235226985521,10.398734656362453,bajo
9.598160332406161,0.4141347069508696,0.3468911782514494,1.7862176434971013,0.10975647130057975,32.275647130057976,49.60336767377174,0.9971495853172688,3.4032772054371376,0.711025885202319,9.946554410874276,bajo
6.632979153548828,0.6334572962579104,0.0,2.148108794838759,0.0633676156387131,6.481087948387586,13.481087948387586,0.9959328007158702,3.4985932898063585,0.5955673615483724,10.432979153548828,bajo
6.548505974410625,0.8510159374007754,0.044731075393912405,2.944322702760373,0.07554482076768126,16.0059761023575,26.485059744106245,0.9948024003954745,3.5005378492121753,0.5350896415353625,11.150298805117874,bajo
7.188820652959617,1.0430405500450757,0.0,3.7689803761857936,0.09676535628106617,4.530712562132481,13.765356281066241,0.9963583169694983,3.6276535628106625,0.5587714975147008,10.887714975147007,bajo
12.283738893404237,0.4579403704133737,0.4827912964468079,4.191055562006054,0.07772361094984867,26.823851834650526,48.89701852066869,0.9981226559254529,3.083983888179334,0.5998646290060815,9.630894443799395,bajo
10.729421317020167,0.6801544216965724,0.3328185943447589,1.6674902490483858,0.07701853060358868,8.340539679173375,26.0,0.9978732200907559,3.1703088433931446,0.5531892064165325,10.132509750951614,bajo
7.624664464356724,0.5522651009141167,0.07756711919645021,1.6453020182823337,0.07215100672760777,16.471476453372777,42.37751681901945,0.9959926174917803,3.3609395963435333,0.48679530274235,9.0,bajo
7.302596976597961,1.027402408365345,0.08025969765979607,2.7792200869716863,0.0840259697659796,5.246753779252549,12.0,0.9958493507558506,3.5424675377925254,0.6074026133775765,10.891557775934313,bajo
9.301403879423011,0.46417959505945755,0.28558642503670717,2.17276981452797,0.0580892074188812,13.455396290559401,34.6384907263985,0.9957751155146748,3.306244519321684,0.47366188871678205,9.87183389491263,bajo
9.087194852507125,0.6069229122945665,0.33692505246520166,2.7384582458913305,0.08656402573746437,16.28201286873219,46.10256959018112,0.9979282226885796,3.2589743040981887,0.5161541754108669,9.269229122945665,bajo
9.557474453345131,0.7916695709974564,0.2583054746699107,1.942026460002212,0.1341776916675883,5.0,17.57973539997788,0.9976938857680239,3.233720985332301,0.5299500913347341,9.031894159991152,bajo
8.182324291606976,0.9898687899899288,0.05797000914055516,1.7402249314458365,0.09432727216584626,5.398500457027758,19.0,0.99572961950641,3.3398500457027755,0.4479700091405552,9.639850045702776,bajo
8.734687450409481,0.9586869987672068,0.05084274257536155,1.7936794306847883,0.07704365074525177,5.042137128768077,19.0,0.9961144919009305,3.3042137128768077,0.44084274257536155,9.604213712876808,bajo
8.559683289184857,0.6003873315673942,0.25674299205327406,2.6077466313478848,0.08543662175130512,17.0,45.35915543782628,0.9972795777189132,3.2776232254597772,0.5051936657836971,9.251936657836971,bajo
7.947288144021894,0.8119214975972344,0.0,2.173398752002305,0.08820196256006914,13.532024959953906,25.733987520023046,0.9973437885968396,3.399261372797465,0.4719705615989629,9.812809983981563,bajo
5.659201550463515,0.9219279073639292,0.06552093027810932,1.5,0.13446542642643428,6.592015504635155,16.552093027810933,0.9943998248054575,3.565277519258375,0.5371178293510782,9.922395348609454,bajo
8.179310961896265,0.7425859060755713,0.31034496642665943,2.0,0.08403449664266593,12.79310961896264,59.413780762074715,0.9969368979864087,3.2989655480948135,0.5203449664266594,10.068966442844397,bajo
6.055443989660626,0.9624335477314191,0.06715002923610261,1.677721994830313,0.14534170077545305,7.0,17.730557179783478,0.9942970496199307,3.4746111435956695,0.5053888564043304,10.079277420447635,bajo
6.937279169785417,0.9502031854371579,0.06784452398773812,2.215724409662798,0.06509894059202977,4.196113099693453,11.196113099693452,0.9958964664280369,3.5319611309969345,0.6321554760122619,10.958833929908035,bajo
6.849449212089397,0.8827417695665263,0.07516523637318101,3.009914182390861,0.06453855515374224,13.516523637318102,29.988984241787932,0.9950224234668067,3.4594492120893965,0.47549570911954303,11.24834763626819,bajo
8.561980408119831,0.6248762244925106,0.33570293878202523,2.3239608162396634,0.08859504897970041,15.809902040599159,51.35544081730379,0.997510742653045,3.289752448985021,0.5457029387820252,9.954553877670463,bajo
7.3,0.8341133642646379,0.043214575082076184,1.9303643770519046,0.0647319837048581,18.982186262311426,46.62510127872666,0.9965580566934505,3.3303562747537714,0.5262510127872666,9.462510127872665,bajo
7.6027790751310995,0.8436802729178676,0.10458347233547495,2.0861112964473,0.08958333889341899,11.569443517763501,70.44445185789199,0.9963862515846245,3.285416527664525,0.595694435177635,9.3138887035527,bajo
12.263667013278356,0.4577492096502701,0.4821222337759452,4.162381447540509,0.07844046381148728,26.900316139891977,48.887460482513504,0.998124758693847,3.0871380407705438,0.6026364600710841,9.633761855245949,bajo
8.2825584976118,0.6668165587939365,0.2643278415216634,7.611144944558022,0.08239280082395167,8.783607923916831,97.96851721084911,0.9986594899676562,3.372373806021838,0.6045377267826693,11.388655683043327,bajo
8.288325238524203,0.714669904590319,0.21233495229515947,2.1441626192621013,0.08937057025203658,11.0,71.64975715572608,0.9971254830009009,3.2251268213320547,0.5592894405941558,9.367512142213696,bajo
7.7362795228494665,1.4709763817204269,0.0038937006528418985,2.3530905424347237,0.1266816932699689,5.194685032642095,9.38937006528419,0.9955698897357911,3.496106299347158,0.41752165293778853,10.91946850326421,bajo
6.8011271218044556,0.6846211993982685,0.08966186345866328,3.879711807519797,0.0679211014736881,14.966186345866328,29.022542436089115,0.9952350406640604,3.411127121804456,0.5189855903759899,11.103381365413366,bajo
8.530088053251363,0.765726597175569,0.19681696119451753,1.8619184413061878,0.0943314182171337,25.555236369522284,48.60319740217698,0.9975539392992352,3.3377761818476115,0.6730088053251364,9.779360519564603,bajo
6.93520489572619,0.9495957194626699,0.06772599404149657,2.212464836141155,0.06502189612697276,4.193149851037414,11.193149851037415,0.9958968220178755,3.531931498510374,0.6322740059585035,10.957944955311225,bajo
7.597111771757326,0.4007296282020446,0.4702888228242674,2.6298805451561003,0.07419522180624401,21.58914250410362,84.07470136289025,0.9973419325894914,3.324108574958964,0.6977589591132924,9.663496158456713,bajo
6.327795137211363,1.001099306696273,0.005003124698045397,2.1056215214031804,0.0821661458836591,16.888819451154546,24.277951372113634,0.9944183635387478,3.5799937506039092,0.5483322917673182,11.194440972557727,bajo
12.2037281175668,0.45717836302444576,0.48012427058556006,4.076754453666859,0.08058113865832853,27.12865479022171,48.858918151222284,0.9981310380067311,3.0965570100966455,0.6109137361455369,9.642324554633314,bajo
8.190411537589718,0.5856164615035887,0.19027407676614905,2.3123292300717733,0.08149772306762364,17.0,44.37443076690591,0.996787215383453,3.3047031539100873,0.4978082307517943,9.178082307517943,bajo
10.78878807332816,0.449719701833204,0.42647980122213597,1.53239900611068,0.14564798012221358,34.647980122213596,48.9719701833204,0.9983329596024443,3.38,0.86,9.9,bajo
6.243462507475175,0.7828268746262413,0.0017385002990069865,2.0739224955148954,0.061564650269106284,6.0,12.91307498504965,0.9965843679904317,3.586522999401986,0.611738500299007,9.995653749252483,bajo
10.08337961254452,0.5403435147597944,0.33168980627225986,2.226648154982192,0.13857564483363682,5.633240774910961,14.733518450178078,0.9983868147601425,3.273983339483973,0.5603435147597944,9.413185239857537,bajo
10.754894762227208,0.5945252462742199,0.5807713839588007,2.1471809226392007,0.07796143080205996,11.32047693401999,49.11276309443198,0.9999152804542065,3.26584572320824,0.57,9.369733541525598,bajo
7.312620666346363,0.8028608453467696,0.10315516658659074,5.79112314271987,0.0771400990549402,3.0,13.392512381867533,0.9977124699910298,3.381775371456026,0.5260748761813246,10.473369428159609,bajo
9.556224708944416,0.49631669331011874,0.21053354648094996,2.287722311033729,0.09858003197214249,6.122776889662709,14.0,0.9974770967801871,3.347366613379762,0.5273666133797625,10.110499200696438,bajo
9.195378957199061,0.9148443246594704,0.10560016585611776,1.7505776303501175,0.07450577630350118,5.123555924124706,19.864891468872944,0.9963762228672183,3.2715821374513174,0.459768947859953,9.698844739299764,bajo
6.364292556361425,0.704966473829016,0.05786330072528279,3.221558570867081,0.10871702254457014,15.07122330915724,28.500478945299772,0.9959323091195826,3.532136699274717,0.6271510676337104,11.071414887277149,bajo
9.567103043249316,0.843223301892938,0.21407892270277018,2.8374976567631682,0.09759865337846274,15.736861837783849,95.76977754042919,0.9998749953135263,3.3500654564873975,0.7821058551335155,10.648681497304722,bajo
6.79106240035403,0.7121753587254906,0.08910624003540303,3.7569984056644863,0.06791062400354031,15.357503985838784,29.26812798937909,0.99535082623561,3.4198313596105665,0.5244687998229848,11.09106240035403,bajo
11.1497135252519,0.4587428381312975,0.432495225420865,1.5624761271043253,0.14624952254208648,35.2495225420865,49.87428381312975,0.9983449904508417,3.38,0.86,9.9,bajo
10.491642671405543,0.6119072564292343,0.525653657140066,2.1664134142850164,0.07735865857149835,10.335865857149836,45.65653657140066,0.9997252292571205,3.27015195142899,0.5565653657140066,9.067173171429967,bajo
8.382510733142267,0.6621298299140197,0.1917489266857734,2.0775751319958617,0.09072639530849458,13.798282697237443,82.69527741740296,0.9973320171730277,3.1930042932569065,0.6826931143459902,9.182510733142266,bajo
9.56178947902429,0.61503174332927,0.46891776365852716,2.0726118424390183,0.08355411181707365,13.184703939024548,52.095526302439275,0.9986662483608535,3.2882164472682947,0.57,9.891717102926874,bajo
8.155503455933312,0.790610714354364,0.0020536866492317472,2.196577188917947,0.08804161289702518,12.965771889179472,26.171140554102646,0.9976973156675384,3.374791935514874,0.45897315667538413,9.661610599476951,bajo
8.467738197373901,0.6307663626641312,0.349839270393915,2.1354763947478004,0.08883065450656524,15.338690986869501,53.47589055908725,0.9974754018240152,3.3015327253282627,0.5598392703939149,10.213719957221775,bajo
5.992884713071235,0.7280432960945895,0.010355764346438267,1.8928847130712347,0.0669038428976255,6.0,13.0,0.9960669810394971,3.6141634501416893,0.6134519214488128,10.034519214488128,bajo
6.51308273839933,0.6566526670072494,0.0832150356960402,3.4929021417624124,0.1089777404384831,13.54766904640268,31.0,0.9963476690464027,3.5022616547679863,0.6157202855683217,11.090466190719464,bajo
7.3,0.5785374736395457,0.17107600001347034,2.0362757894665946,0.06482345263200433,25.097936842672436,48.36275789466595,0.9962279576841191,3.3864690526400865,0.5436275789466595,9.891172631600217,bajo
11.72503878202275,0.4686106801997472,0.44694659900126393,2.0029027420733074,0.13630223753805354,34.610680199747215,50.72213603994944,0.9983238776851935,3.334152446591658,0.8197097257926692,9.858320405992417,bajo
7.6292657876214385,0.40707273652104925,0.2531706315048575,2.175608420064767,0.07160972102670013,25.585384224109454,47.56097894983808,0.9961638993661489,3.3926832107362372,0.5334146842475713,9.84634263244333,bajo
6.222907461321017,0.7769823885376441,0.0,2.102545273480113,0.06017816914360791,6.02545273480113,13.02545273480113,0.9966025844798423,3.5851639803877853,0.6092364179559661,10.022907461321017,bajo
6.382747798157105,1.0914577855879053,0.08119035099152123,1.5660723675635908,0.15063660115443897,6.559517549576062,19.0,0.9944757210464579,3.455951754957606,0.47119035099152123,9.755951754957607,bajo
8.917219318527366,0.763857620740796,0.03543048296318413,1.634271377776119,0.07868542755552238,4.228475851840794,13.771524148159207,0.9978537754548219,3.29571189629602,0.5342881037039802,9.7,bajo
7.5,0.9113204168120382,0.043422338003343955,2.421068056040127,0.08486844676006688,5.56577661996656,12.0,0.9963205144903693,3.426844676006688,0.5377645718036783,10.351335070050158,bajo
6.694146924896694,1.0397073462448347,0.07882938497933878,2.29561019367252,0.06723412300413226,18.97073462448347,31.88293849793388,0.9964491250288301,3.5210242881430784,0.5697073462448347,11.002926537551653,bajo
8.769442913534846,0.6201216904369227,0.12694429135348456,2.111573818922474,0.09404975639881752,6.0,13.057869094612371,0.9972912493110907,3.34,0.5058680364191855,9.858680364191855,bajo
8.70894643058921,0.6218369640234029,0.2927157144471367,2.6725250028248917,0.08727157144471366,15.9073571670705,45.45367858353525,0.9976,3.269105356941079,0.5136421427764317,9.281789286117842,bajo
8.503275714973789,0.6226704773917804,0.22941427352639962,2.2484778367150344,0.06184778367150347,16.423891835751732,34.060886531398616,0.9963048246448312,3.3705857264736006,0.5287822693720277,10.12412322415559,bajo
6.9950169376472315,0.7491110264410341,0.29402032517667764,2.048754234411808,0.08632728658237623,3.5124576558819216,10.024915311763843,0.99653917877703,3.4324915311763844,0.6058720359117344,10.607474593529153,bajo
6.500770472891137,1.0847952152400164,0.07966747776914662,1.5774939167314004,0.14694363359018053,6.483373888457331,19.0,0.994557956200466,3.448337388845733,0.46966747776914664,9.748337388845734,bajo
6.172192878994281,0.6606558098232779,0.020965375594827133,1.6204616587356382,0.08120461658735638,6.0,12.698845853160904,0.9955040082155,3.5636306730114895,0.5808499609109176,9.97953834126436,bajo
7.885974760216607,0.7679417319072531,0.19182149694821135,2.876684943323925,0.08446994777655399,9.792349869209058,77.5464490844634,0.9979406196686629,3.6191985204905808,0.6077959965122416,12.024590078474565,bajo
6.321802310749408,0.9131686773278976,0.019622079674467784,2.4142439042387642,0.09172092429976346,16.34593067751774,25.526161752458606,0.9948997961512106,3.570377920325532,0.5761627728992904,11.156395378501182,bajo
7.058021667107732,0.6971321246361213,0.36962600052927813,2.064505416776933,0.0948329250595438,3.3549458322306704,9.709891664461342,0.996739218793067,3.4009891664461342,0.5948462082561469,10.512967499338403,bajo
7.962636852357375,0.9082484573433803,0.011565921308934364,2.767444098170077,0.084,6.0,11.421703934553282,0.9979922513439828,3.4209614491625406,0.49,10.451784885080734,bajo
9.822219956636806,0.9211109978318404,0.22661381055626653,3.2148133044245375,0.10169309472186673,11.0,82.9576471441174,1.0004074025741585,3.411481330442454,0.6188358062199472,11.101585683312004,bajo
6.760228920494554,0.6650858451854579,0.09,3.9,0.07346852343199879,14.900572301236386,29.19885539752723,0.9953951072100713,3.4189484928887253,0.5349141548145422,11.090057230123639,bajo
6.7280546440241356,0.5776180111298213,0.3441376173482479,2.229466229131585,0.06435421201307032,27.866784705416567,84.30877814239035,0.9961501543158728,3.4527746012278486,0.632068808674124,9.877900328151311,bajo
9.154506726270089,0.502461883456886,0.27178699549809926,2.1683183856445485,0.058267264574218075,13.366367712890963,34.41591928222741,0.995715466367637,3.318708520195265,0.4709910313867289,9.965313901464489,bajo
10.169359038685176,0.6374994992336905,0.4101627441602533,2.011291937955837,0.17835523286122423,4.822583875911674,15.645167751823347,0.9991516174262763,3.1830640961314827,0.6140325488320506,8.630640961314825,bajo
8.495767079123535,0.7286860767397054,0.25186467146203245,1.5059323357310161,0.09902549122281826,38.35169160672459,66.99150292572725,0.9962152572546672,3.55402517889762,0.6812714378889309,10.182202992806952,bajo
7.9438693718341025,0.7078388792426266,0.0443869371834103,1.973978228639017,0.08751396586035332,6.0,12.369891143195085,0.9969197412173254,3.34,0.49554836714792627,9.755483671479261,bajo
8.30305479438239,0.9393317637288521,0.06988544521066034,2.3471361302665086,0.08198472602808804,4.498090753511006,13.003818492977988,0.9969042003422758,3.4145226883777515,0.5698854452106603,10.447136130266507,bajo
6.894045559881994,0.686717539991571,0.08395421400758608,3.7858018201432926,0.06941068339822992,14.86564920016858,28.79847380025287,0.9954119690237843,3.407312984003372,0.5159694760050574,10.999236900126434,bajo
7.216326338380618,1.031924141954324,0.08379007647889244,2.6542271031695424,0.07546354971128008,4.5947519119723115,11.594751911972311,0.9958486297705633,3.535947519119723,0.6162099235211076,11.078425573591693,bajo
6.554816701438208,0.6878422393127148,0.014923946819396718,1.7010140424080438,0.08201014042408045,6.0,12.49746489397989,0.995854411084475,3.4991887660735648,0.5546704362173858,9.898985957591956,bajo
6.451817676530934,0.6968638132141731,0.0,2.1279797418367705,0.06195858192857393,6.279797418367704,13.279797418367703,0.9962286977949995,3.536838490510136,0.6016060774489689,10.251817676530933,bajo
7.595920857115807,0.4109078317373156,0.44909216826268444,2.55736850794853,0.07513157460257348,20.827633968584582,83.04079142884193,0.9972170525968206,3.307210552384559,0.6882763396858458,9.55736850794853,bajo
8.370009269330225,0.6658987949870708,0.26560074154641794,2.1980129770623145,0.0845600741546418,11.840111231962695,43.42005561598135,0.9976,3.3029990730669776,0.5271996292267911,9.214001853866044,bajo
11.28357943683846,0.4620894859209615,0.43472632394730765,1.5736316197365383,0.14647263239473077,35.472632394730766,50.20894859209615,0.9983494526478947,3.38,0.86,9.9,bajo
5.759899036022529,0.6639722349061956,0.022005048198873535,1.6598990360225294,0.07467003213258236,6.0,13.0,0.9954223873329956,3.6413451124640384,0.6173350160662912,10.073350160662912,bajo
8.778387854780124,0.6666092289229532,0.14855140233965008,1.3267815421540938,0.07173218457845906,8.196553735377186,21.606892529245627,0.9968776197443727,3.143218457845906,0.95144859766035,9.521378505849125,bajo
8.423904009157603,0.5949561603663042,0.23230272164836857,2.4991232073260825,0.08398830943101443,17.0,44.99707735775361,0.9970985386788769,3.287580372661776,0.5024780801831521,9.224780801831521,bajo
9.031686443502132,0.5579858838014469,0.47288001231229826,2.1633098063357448,0.06666196126714895,9.266196126714895,53.60423485956594,0.998084925668845,3.488486258817659,0.5663309806335745,10.504297940234466,bajo
9.474622444405433,0.4106871379834074,0.3411452299723457,1.7977095400553087,0.10745809198893828,32.04580919889383,49.51717844958519,0.9970748879896405,3.4047136925069137,0.7018323679557532,9.949427385013827,bajo
6.789259318540861,0.8720175298192696,0.049869393527441956,1.3853411243641198,0.11467056218205993,8.1465887563588,19.5732943781794,0.9954332359454485,3.3108128552007976,0.8239766269076405,9.456023373092359,bajo
11.081942282170546,0.5889041170251937,0.6114320889534888,2.167621392635659,0.07642839555232556,10.809465184108522,48.29514429457363,1.0002576583266471,3.259713582209302,0.57,9.226650251550385,bajo
9.752989597521562,0.5087448552633341,0.37147421981411705,2.0256959520137316,0.12195025441170561,27.125514473666588,47.19123699690195,0.9980288453188847,3.3314742198141167,0.7184664744578415,9.657371099070586,bajo
7.62109868201852,0.7501810180275054,0.15563670655964057,2.0167291016514164,0.08200374609908498,17.872658688071887,77.2908862293573,0.9965444445023488,3.3259987426146513,0.5648002514770697,9.497815209816448,bajo
7.152383903708506,0.9841269349381916,0.11596649071912371,2.2440721191013746,0.07032216357304125,28.33891821347938,85.42203605955069,0.996838659628765,3.61494846094378,0.5475257695281099,10.83762884764055,bajo
7.101581340154124,0.7089258514217375,0.0,3.556870109221376,0.06832388404995998,11.7077427531225,22.123228259367497,0.9959133044195588,3.4216902898751003,0.524612862343875,11.021482971565252,bajo
8.254489895044543,1.001795958017817,0.04151386779712535,3.346215330507187,0.08524118468060339,5.875881531939662,10.917254354626442,0.9988484250167519,3.4737940765969832,0.4933098258149423,10.971039024119255,bajo
11.083761422098902,0.4958119288950548,0.41418807110494515,1.821245104814756,0.13612211567994117,32.4969525070997,50.07814539660519,0.998219878100284,3.3578754895185243,0.7954701777623628,9.789377447592623,bajo
7.2800445777905844,0.9713865215768956,0.05626065290396942,2.126471744808651,0.08862606529039693,11.909663039422393,68.71640225097455,0.9961333027390902,3.3572269568462088,0.6036134784231043,9.571640225097456,bajo
7.508394370214191,1.3509859255354786,0.12366760021084161,2.1,0.13173267628731594,4.541971851070957,9.0,0.9953165042009487,3.4610676073410316,0.43893239265896866,10.762591555321288,bajo
11.686051355371179,0.6272700117858363,0.47133512375128156,1.6047491160622747,0.07202374558031137,6.0,26.204749116062274,0.9978751926502694,3.091157408659768,0.5931750294645908,10.304450412504272,bajo
7.505055128820609,0.9684831596281211,0.06932578167345471,2.228089413015759,0.08993257816734547,11.837078990703029,70.09549917664245,0.9965216273997388,3.363033680743758,0.6065168403718788,9.709549917664244,bajo
7.456280660364276,1.1456035377450071,0.05628066036427565,3.60277240581083,0.09080912735992963,5.0,12.874386792714487,0.9961497547170858,3.5793474056721517,0.5737683962185653,10.981403301821377,bajo
7.5760376904372775,0.40450103358534495,0.45549896641465504,2.5662054709167657,0.07468972645416172,21.070650450211055,83.23962309562722,0.9972135178116333,3.3098616412750297,0.6907065045021105,9.566205470916765,bajo
9.245547422204952,0.8589288370870574,0.17252554110636154,1.8835401416634283,0.10980839235976181,5.0,18.164598583365716,0.997062233529965,3.2610146005570666,0.49290875638683795,9.265839433346287,bajo
7.049364200307162,0.9492948235398144,0.0,3.4513295673663134,0.0966104046670079,4.220809334015915,13.610404667007957,0.9961987168070182,3.6261040466700796,0.5711676266393634,11.011676266393634,bajo
8.429029515880872,0.42407927139756135,0.382257378970218,6.26958407823466,0.0516221824941515,3.0,10.202772811768938,0.9957826775511202,3.286083184353068,0.5579722718823107,11.908752234703979,bajo
6.862010376168767,0.757988434949644,0.03016753134739729,4.31172719431781,0.08755309122272871,3.0,13.603350626947945,0.9970844100736393,3.487262862071452,0.5596649373052054,10.71564418496767,bajo
10.271443422310973,0.6132139144422257,0.46842086017362755,2.0632695492317064,0.19412312787707303,5.183652253841467,16.18365225384147,0.9992668521159649,3.160459130634604,0.6506608785571651,8.436730450768295,bajo
6.786499872257879,0.8897498083868189,0.05459994890315172,1.9729997445157585,0.062430022993581726,4.270002554842414,11.135001277421207,0.9959308001021937,3.532700025548424,0.6386499872257879,10.771748786449853,bajo
8.02563241289862,0.4757762849024273,0.26902529651594476,2.38700395354593,0.07715885378058067,22.67869563874346,47.03249011613517,0.9966501090931557,3.3477616598714897,0.5254873517420277,9.66137154064731,bajo
7.207964488956878,0.9397786933741268,0.06349556111960974,4.998230821780293,0.0830796448895687,3.53982244478439,13.46017755521561,0.9974646024129458,3.437787571134907,0.5415928977913756,10.469911222392195,bajo
7.868125776873446,0.4927385191674926,0.35115597809429416,2.0938270567990127,0.07622110054764264,24.300786105459032,100.10550273821323,0.9972,3.246374844625311,0.8932660328585588,9.369921389454097,bajo
8.464805551156635,0.6309496530527103,0.35027916732650494,2.129611102313268,0.08883798612210841,15.324027755783169,53.54187509897574,0.9974743020816838,3.3018993061054207,0.5602791673265048,10.221784734319257,bajo
10.14644745649607,0.664672267193035,0.42027305053641906,2.052458898093013,0.18019120753875542,5.0,16.47541101906987,0.9988865560994045,3.182185847556594,0.5998906354589082,8.590164407627949,bajo
7.6228737205483545,0.7957019199316423,0.0030718430137088547,2.130388226028164,0.084,6.0,11.846407849314557,0.9970579027315081,3.361502901095962,0.49,9.899669795891075,bajo
8.732854469085218,0.5983614413081045,0.2973141787634087,2.764189050178783,0.08705996256719306,17.49240056004173,46.08952737455304,0.9975176348154112,3.2676098268370084,0.5113429106182956,9.331334581093566,bajo
6.822663929558383,1.0033836011053878,0.06464016422649708,2.378409853589825,0.07058967273476065,12.309344281766473,31.0,0.9951093442817665,3.5084532785911673,0.4671213138119767,11.338131143646706,bajo
6.649333020361996,0.6234998826357486,0.09,3.9,0.08871670970022552,14.62333255090499,29.75333489819002,0.9958276012205882,3.4439000704185507,0.5765001173642514,11.062333255090499,bajo
8.63501688128878,0.637844085482318,0.22298643430288542,2.152576269129963,0.05889694923480148,13.05152538259926,33.62881345649815,0.9955045220063415,3.3627864464361035,0.4615457614779778,10.295898348270777,bajo
6.170904688950393,0.8994656937845183,0.09165755980663498,1.6755069856353866,0.061530419138123196,30.668488038673004,81.55616267955767,0.9950260060860775,3.5605889473756718,0.5178822105248656,10.052301148342497,bajo
7.707843774412093,0.7448459838865782,0.03163861450207969,2.797618273928172,0.08161765661618141,13.703080322268438,27.05462048340266,0.9969000571874964,3.384061606445369,0.48109240966805317,10.127310241701327,bajo
6.831384507694342,0.6080809674089872,0.17348825797572992,2.158720644939325,0.07690105152633667,9.761619348179742,70.87206449393247,0.9957253375395972,3.488955485424727,0.5776161934817974,10.809894847366333,bajo
7.001626565528779,0.7024581895342152,0.0,3.6803436543468013,0.06644238240995351,11.590148900622093,21.770446701866284,0.9957416173949083,3.4263940439751166,0.5304925549688954,11.150836209315697,bajo
7.722228124251399,0.5076914904882678,0.4837600481575417,3.787198555273751,0.0882903077291619,3.0,9.401713941731845,0.9965753776691503,3.3099143029134077,0.5659828605826815,10.982913700944138,bajo
5.540318487238869,0.6471802438051805,0.19128917642688328,7.6136626032469925,0.04986286638514982,22.08885294663959,100.12891764268832,0.9948374114954986,3.506856680742509,0.5232254789791095,11.040318487238869,bajo
7.169626635852151,0.6050580254219753,0.5035519630225814,2.092406658963038,0.10989959584004041,3.075933410369622,9.151866820739244,0.9970935645688306,3.3451866820739244,0.5753153387258735,10.345560046221774,bajo
7.168893862368417,0.6056625635460559,0.5026726348421007,2.0922234655921046,0.10980067141973632,3.077765344078957,9.155530688157913,0.9970912380130198,3.3455530688157915,0.5754435740855269,10.346659206447375,bajo
6.400935756250312,0.5303509085938668,0.09,3.9,0.12287133351558219,14.002339390625778,30.995321218748444,0.9967963505506238,3.49978945484368,0.6696490914061333,11.000233939062579,bajo
7.400131896558031,0.9625576696318268,0.06195122636337802,2.080619632924252,0.06371325139060474,20.45220856510079,48.96769938820709,0.997091021776977,3.312261042825504,0.5600131896558033,9.706460122358582,bajo
5.609982255260931,0.6226006401864005,0.030367767299086943,1.5084061096934158,0.08003152291135031,5.994746181441615,12.994746181441615,0.9949843081312179,3.659369541772994,0.6198949236288323,10.105779200414222,bajo
5.321656222096214,0.5261856247608248,0.2025778104670099,2.110309374601375,0.056061874920274896,8.206187492027489,63.14431257175259,0.9941628937205017,3.832989065091066,0.5610309374601375,12.677315641343645,bajo
9.146056212490352,0.811858566651718,0.10977334579378807,1.9572982784047055,0.0838087035906635,5.314596556809411,17.427017215952944,0.9966759383531675,3.3125838622723762,0.46516772454475286,9.725838622723764,bajo
6.984458151090056,0.5085139496366478,0.0,2.6043964711848018,0.06507430251816762,7.770278992732955,15.155418489099432,0.9951141547730269,3.409628487409162,0.5761486050363352,11.073312773364915,bajo
6.832654249825588,1.0093000164689354,0.09099135212840587,2.296209878576412,0.06662098785764117,18.810493928820588,32.15160485694353,0.9964671135871598,3.5090086478715943,0.5669679028611294,10.935567935799,bajo
7.92496610302036,1.0411592877724214,0.05039674588995455,3.8405264396441194,0.09825991864724878,5.209986441208144,14.0,0.9968519837294498,3.569103932049638,0.5358002711758372,10.553009491154299,bajo
7.302271697820667,0.9940736720581487,0.04143361394673843,2.130943976755436,0.06966431349152206,12.309439767554359,29.4528011622282,0.9957283193026631,3.4666784325423894,0.43928319302663077,10.843008418402153,bajo
7.082959466069145,0.7576065033370678,0.010426013348271389,1.847869933258643,0.08087219599551859,6.0,12.0,0.9963446635194623,3.4494731401568495,0.5629820934378997,9.830325166853392,bajo
8.765317915255126,0.6121676302965546,0.305202312711731,2.730635830510253,0.08808670521186218,16.826589576275634,46.780346906759654,0.9975869942182207,3.264335260593109,0.515202312711731,9.395375733048402,bajo
8.866926731193711,0.9405689235863559,0.0684048510782706,1.812548762098821,0.08022865087450871,5.0,18.87451237901179,0.9962955266306673,3.29414391102055,0.44794754932925324,9.549804951604717,bajo
8.000661999557524,0.4726855724626181,0.11214657925846833,1.7449645516325911,0.06837588620918522,16.275177241837046,40.55035448367409,0.9957304680964694,3.3361749379523955,0.4824160758605432,9.072482275816295,bajo
7.902844323867688,0.8611377295470752,0.2077463196261839,2.9306342009345405,0.09483151843997215,4.916848156002786,10.277898770668523,0.9982953824366283,3.4258424078001393,0.518884049173259,10.747264569733984,bajo
6.727710753661655,0.8304818290278204,0.04554215073233099,2.04819283089223,0.0686747095606014,3.75903584553885,11.481928308922301,0.9958356625459386,3.5516867739015034,0.635180716910777,11.04457849267669,bajo
5.9034863377995475,0.6586255339017606,0.027241033292731386,1.5827690012180584,0.07944820665854628,6.0,12.724103329273138,0.9952614146041414,3.6296513662200454,0.6227589667072686,10.05861549939097,bajo
10.294033687242152,0.6706921050526282,0.5185203161179,2.1274463159578976,0.07617661052126308,10.362768420210513,52.80429472336821,0.999247351161499,3.2645107368084205,0.5373508421810538,9.29021473616841,bajo
7.5,1.1080076480647958,0.09805768001799882,3.076692160215986,0.08596115360035997,5.019423199820012,12.0,0.9958178693438344,3.5361153600359976,0.5978634480197986,11.170865200269981,bajo
8.655045718954039,0.6457553893246708,0.27584095315900625,2.7323546688452174,0.08539082294117267,17.289908562091924,46.289908562091924,0.9975468500969499,3.2648318093681987,0.513865447494559,9.33865447494559,bajo
10.076667540441418,0.538866858897112,0.32833377022070914,2.229332983823433,0.13727350284563516,5.646664919117163,14.706670161765674,0.9983653361294126,3.2763996854410893,0.5588668588971121,9.434663870587462,bajo
7.25454016916554,1.0060772000672082,0.07545401691655398,2.7011277748940024,0.08354540169165539,5.306824788543075,12.0,0.9958613649577086,3.5430682478854307,0.6092047436562923,10.816469014321155,bajo
8.944468258644388,0.6084521258002387,0.3185744903971356,2.769042516004774,0.08727765870677806,16.63882935338903,46.05159580665871,0.9977651065813079,3.259484041933413,0.5130957483995227,9.284521258002387,bajo
5.798049521269976,0.6744636183492435,0.020097523936501174,1.6980495212699764,0.07339834929100078,6.0,13.0,0.9955279370088469,3.6368942225185026,0.6166991746455004,10.066991746455004,bajo
8.15425405555667,0.6424453478954896,0.192933529966384,1.49558345622899,0.07845420968014649,27.6183161279414,117.4983751178566,0.9970498375117857,3.186057608248959,1.091734119865536,9.16183161279414,bajo
8.576382353393214,0.3870562618727062,0.31411252374541243,1.7941318784849656,0.09911542695634537,30.470417458180414,48.0,0.996814044782157,3.4094131878484966,0.6717555977696221,9.958826375696994,bajo
11.59793119861067,0.580035557523879,0.6598060498697504,2.199870699913167,0.07400969750651247,10.003232502170825,47.00517200347332,1.0007978342235455,3.25003879002605,0.57,9.000905100607831,bajo
9.143967495269358,0.477333928739545,0.30886127604191027,2.144419341856282,0.07200677769880386,12.33258025568846,39.89064607006026,0.9969514776088984,3.2744645265149743,0.5122322632574872,9.244419341856283,bajo
6.398198448709067,0.5909815177122,0.16892840472325332,2.1473210118081334,0.072455194605172,9.419630354244,69.73210118081333,0.9952739120676021,3.5687529173430668,0.57419630354244,11.254480539482799,bajo
9.011151545278768,0.3238564569516763,0.28240064017843547,2.731853256059499,0.07764842052936878,14.0,34.43572571747206,0.9963464842052937,3.3144708112565087,0.5463138741710057,9.8318532560595,bajo
7.2687316103010495,0.8177517750764294,0.09218290257526257,5.772313547271879,0.07814327747883305,3.0,13.517909684854143,0.9977883353593368,3.3855372905456242,0.5248209031514586,10.416940641815636,bajo
7.742740241479078,0.750412603860411,0.0,2.7648502899376086,0.08039275748666501,12.462047342916563,24.38614202874969,0.9970145891206582,3.3915181062833377,0.48689763285417187,10.19174792279178,bajo
6.877039611114252,0.846442320830742,0.1524475333371026,2.019259902778563,0.07040034750042404,3.80740097221437,10.61480194442874,0.9961646007652878,3.491480194442874,0.6265180680550059,10.784440583328623,bajo
8.338605170253802,0.4547589600924601,0.35965129256345046,6.230830787251629,0.05368902467991309,3.0,10.461128084989138,0.9959389824914184,3.293833842549674,0.5553887191501087,11.792492361754888,bajo
7.03741012778441,0.7578911867013475,0.01156474680538975,1.8421762659730512,0.08053057595838307,6.0,12.0,0.996303669115006,3.4614298414565923,0.5709532276377283,9.844559335067371,bajo
10.829782140285896,0.44409316324081805,0.43432607134286316,2.1139744861227077,0.12965063784693232,32.36273470367278,48.2046581620409,0.9982749752043509,3.312462806526502,0.8006491330081382,9.83860255138773,bajo
9.054764647292902,0.7807640516127333,0.24549354518797795,5.821886792857907,0.09199829195413123,9.725322740601102,92.88325720075404,0.9996539408140747,3.3968583912556287,0.6196051638496176,11.350987090375957,bajo
7.20976522929295,0.8689629123888878,0.04945117385353525,5.474981279949453,0.081780469541414,3.054882614646475,14.0,0.9980756093908283,3.3939629123888877,0.5210976522929295,10.172558692676763,bajo
6.791686790547003,0.9351974160619315,0.045514368503615614,2.555143685036156,0.07183373581094005,5.544856314963844,12.544856314963845,0.9962576793045697,3.5672428157481924,0.6054485631496385,10.546172422043387,bajo
6.414748610929558,0.5916348135893247,0.16910261695715323,2.1477565423928833,0.0726250515332244,9.432696271786494,69.77565423928831,0.9952911590787582,3.565704203249818,0.574326962717865,11.237494846677558,bajo
6.984362679499342,0.8861859390278332,0.048436267949934234,2.2620893541864313,0.08084362679499342,5.644546650625822,12.0,0.9959289093301251,3.546445466506258,0.6193363995187746,10.39431668671772,bajo
7.779866119645417,0.4657089991414091,0.3820468581241039,2.215184085487551,0.0754488285468974,23.74916324778386,96.24414273448701,0.9972,3.2640267760709163,0.8469297128138442,9.425083675221614,bajo
7.054121100217078,0.7003500923209109,0.3649453202604932,2.0635302750542697,0.09430634852930549,3.364697249457306,9.729394498914612,0.9967268344931892,3.4029394498914614,0.5955288074620114,10.518818349674383,bajo
9.18908806578489,0.5631796841798946,0.3067733677777862,1.8635936835978917,0.07287864561199296,13.924740358024598,44.19661402998243,0.9978844785911817,3.317281263280422,0.5195390525396837,9.0,bajo
8.228035158607529,0.3856814348467741,0.22469732747634422,3.082194797465053,0.09124991566629029,14.0,33.40530941922043,0.9964824991566629,3.3701132913620966,0.5834088609080644,10.182194797465053,bajo
7.3,0.9305492933050108,0.04769996713046562,2.0424991782616404,0.0622650180782439,19.654995069569843,48.19498849566297,0.9968832476169588,3.316900098608603,0.5419498849566298,9.619498849566297,bajo
7.54237118568886,0.7330265132634901,0.04227613806285899,2.99854927452067,0.0791355677853329,13.9394697347302,27.4092046020953,0.9965974787395454,3.388789394694604,0.488184092041906,10.30460230104765,bajo
6.420516080874081,0.773974195956296,0.008820643234963232,1.9676903514755515,0.0679385789114669,6.0,12.558967838251839,0.9963577394164812,3.572358713530073,0.6188206432349632,9.97794839191259,bajo
9.087625264459147,0.7771886441656904,0.20213456349045553,2.685382539618221,0.0978538253961822,11.0,79.44933994650036,0.9988323270368419,3.293031653426826,0.6102242724840925,10.049419444331887,bajo
6.414485551886693,0.819650284198287,0.0,3.316583846696971,0.0681168782547299,13.565433443399206,21.710288962266137,0.9946619381573111,3.509860113679315,0.5557242775943347,11.54345665566008,bajo
10.145170073221166,0.6403835681928609,0.4017896407304039,2.001988489700449,0.17608519148690951,4.803976979400898,15.607953958801795,0.9991255677711612,3.1854829926778834,0.6123579281460808,8.654829926778833,bajo
7.984561341342709,0.5361364322104284,0.3238635677895716,2.384639403847685,0.08376802980761575,16.077583605811338,79.15438658657291,0.997286144238461,3.2553918211543054,0.6407758360581133,9.384639403847684,bajo
7.830827587540271,0.6777448287862436,0.3410524132330863,2.2030068949516752,0.07763158622556379,14.721793074114043,70.10524132330863,0.9967500744809452,3.3001503447475837,0.5544358614822809,9.73233103501611,bajo
6.40485769323739,1.0252428846618695,0.020971538647478,2.0786432699280426,0.07880569227050441,17.52428846618695,26.0971538647478,0.9949231243318272,3.571649903683457,0.5552428846618696,11.147571153381305,bajo
8.215714213206155,0.9834706061490675,0.019193275604850728,2.9784454911786398,0.08788319408769585,4.520168109878732,14.0,0.9972717646461698,3.4668571573587688,0.54,10.220168109878731,bajo
7.029273177338054,0.7208496286961052,0.3351278128056651,2.0573182943345136,0.09095187894063733,3.4268170566548646,9.85363411330973,0.9966479423380483,3.415363411330973,0.5998771939658405,10.556090233992919,bajo
7.62333462213755,1.0268157451716515,0.13700038664126513,3.494670790840162,0.08155995360304819,4.753330755724899,11.7533307557249,0.9957827331529008,3.507932998244237,0.595066615114498,11.298667697710039,bajo
7.582493915972108,0.8905383821840444,0.1739736006735848,2.0,0.08292254258819524,11.417506084027892,64.67002433611157,0.9961567697068957,3.3150503650416736,0.530100730083347,9.632997566388843,bajo
6.361417144827324,0.6746982843679954,0.0,2.1538057149424414,0.07937005737927885,4.385828551726763,13.0,0.9960642788501158,3.6061417144827326,0.6153805714942441,10.807085724136618,bajo
6.715453898653157,0.762511258531138,0.02,1.8154538986531568,0.07805795211994934,6.0,11.990341313341776,0.996028203365042,3.5493238919339243,0.6286477838678488,9.960141620991134,bajo
8.399738724066527,0.6350819456336801,0.3599263676914758,2.0000237523575883,0.08899334933987522,15.001187617879422,54.99857485854469,0.9974499049905696,3.31,0.5699952495284822,10.399833733496882,bajo
9.248378327661378,0.7158496789621686,0.07709458191534449,1.7298310367037057,0.08263682273941805,4.3709458191534445,14.0,0.9979629054180846,3.299273645478836,0.5362905418084656,9.755641872873015,bajo
6.699153056895644,0.7734810833024083,0.0,2.023207222016055,0.06921513335807342,6.0,12.616036110080275,0.9966707171111936,3.4940090275200686,0.5639243332096329,9.884810833024082,bajo
12.35843880979303,0.4586517981885051,0.4852812936597677,4.2977697282757585,0.07505575679310604,26.539280724597976,48.93258990942525,0.9981148302199264,3.0722453298896664,0.5895489262666767,9.620223027172424,bajo
6.526053470345448,0.5475074264368678,0.08369732648272761,3.780949500229299,0.12061899000458598,13.929970294252529,30.649851471262643,0.9968700297057475,3.490896138252829,0.6552937617930311,10.90195841195354,bajo
9.90474271681425,0.5010433976991348,0.2423713584071245,2.2981029132743003,0.1039200870619643,5.990514566371502,14.018970867256996,0.9978151766938056,3.33829262194687,0.5210433976991348,9.984823306194404,bajo
6.552683835977229,0.6081858522478173,0.005268383597722859,2.247415452379506,0.09547316164022772,3.105367671954457,12.947316164022771,0.9955821172822747,3.6157852931218217,0.6189463232804554,11.484194849206832,bajo
6.244271705306809,0.7827864147346596,0.001770868212272363,2.0734369768159144,0.06159378139104513,6.0,12.911456589386383,0.9965833322172073,3.586458263575455,0.6117708682122723,9.99557282946932,bajo
9.036085485549357,0.7807906447466296,0.03849612907174957,1.6996314489965914,0.07871433869091896,4.0375967732062605,14.0,0.9979473645175112,3.3027829028901285,0.54,9.73759677320626,bajo
7.883825061485204,1.069420773948632,0.061617493851479625,3.2439343980569513,0.085040437346287,5.4797813268565045,11.520218673143495,0.9972969177397923,3.51121312038861,0.5472240540457844,11.104043734628698,bajo
7.15463702699081,0.634810698193168,0.05226814865045949,3.187287252286457,0.10874574504572915,13.580757207227327,28.903786036136637,0.9972192427927727,3.4454984369395527,0.5819590135177388,10.41306009011826,bajo
9.682650423144796,0.571997047333286,0.18566260578619917,2.109819120251697,0.0962078257232749,5.456626057861992,14.0,0.9978543373942138,3.3264156514465495,0.52543373942138,9.918493908679299,bajo
6.860171261602437,0.9267021725699895,0.07194862151926906,2.816917291156144,0.06378801168782945,13.194862151926907,30.20342523204873,0.9949752464489493,3.4701712616024363,0.4658458645578072,11.28051378480731,bajo
6.854150332444285,1.0386483723375992,0.0627509800533429,2.2650588032005743,0.06668535877690866,12.18339867022286,31.0,0.9949833986702229,3.5090830066488854,0.45200784042674325,11.363320265955428,bajo
8.900911139148526,0.8910896118725998,0.046636295361715784,1.7327259072343157,0.07600911139148527,4.663629536171578,17.31814768085789,0.9967789216534443,3.296636295361716,0.4736370463828422,9.633637046382841,bajo
6.561259595817261,0.8423434748442622,0.047026727247107075,2.9927864641055937,0.07516221212548216,15.954961616730953,26.612595958172616,0.994824591696722,3.495946545505786,0.5343244242509644,11.147748080836546,bajo
9.61808925293236,0.85200426022724,0.2146454361436929,2.8913164336508257,0.09830679517961613,15.283651085045678,94.8350303629067,0.9999826328673016,3.3577133879398544,0.7685095325513704,10.710997975806219,bajo
11.585610643215189,0.46959843655484246,0.4393307275914042,1.6013385448171917,0.14673229103656166,35.973229103656166,50.98996091387106,0.9983512994586883,3.3801673181021488,0.8589291641462466,9.900334636204299,bajo
6.8065378466924695,1.0666344616731174,0.06934621533075305,2.1934621533075305,0.06380386459922592,15.271175365763568,31.467310766537654,0.9955850820877833,3.5146731076653763,0.49542350731527135,11.213075693384939,bajo
7.529700287645488,0.9508175744271197,0.04920979864815825,2.381198849418047,0.0814632272399356,5.0,9.0,0.9958566755127304,3.4156403451745856,0.5054495685317677,10.9,bajo
6.7056436433838025,0.9816230180238644,0.04,1.9116930930151408,0.08081851651105985,16.26816717093486,69.64920720954578,0.9953777203701301,3.4088712713232394,0.5823386186030282,9.561895996138908,bajo
8.101774641327939,0.5351121752637351,0.30044366033198466,6.129331989140545,0.05910229391250423,3.0,11.137786739063031,0.9963483609771331,3.314133602171891,0.5486221326093698,11.487995967421636,bajo
6.483662801706342,0.5316337198293658,0.012326743965873153,1.9123759741296265,0.07234158905187837,6.589108534470895,13.589108534470896,0.9950919306215494,3.5068317810375675,0.5964356586211642,10.571286827576715,bajo
7.3,0.6692242276496126,0.03554531291393547,1.738632822848387,0.06895007789733548,17.83179693709032,43.940859519877414,0.9960020351862604,3.3533640612581936,0.4994085951987742,9.194085951987741,bajo
6.764135640823014,0.6665508653086302,0.09,3.9,0.07293134938683563,14.910339102057534,29.17932179588493,0.9953798710007903,3.418069480814822,0.5334491346913699,11.091033910205754,bajo
11.40606708795261,0.5980402708881293,0.6324885868956029,2.195489932277968,0.07341369119613579,10.451006772203232,47.090201354440644,1.0006308724604236,3.2527060406332193,0.5690979864555935,9.031570474054226,bajo
5.787574078943292,1.0796449046076069,0.08014791611887963,1.8065092763015225,0.15941122615190173,7.437870394716461,19.109467598679114,0.9940963314868376,3.4945266200660443,0.4887574078943292,10.018935197358232,bajo
9.201498646485637,0.6056652056216142,0.24448465902694955,3.225109578378932,0.08012554789189465,6.0,27.82510957837893,0.9975997313716756,3.2585946564324897,0.5391630140540355,9.5482821967565,bajo
6.737781221351572,0.7223087694809311,0.07880061984328293,3.663568641135973,0.06986656335945285,15.248875114593712,28.377812213515718,0.9951317393251518,3.432398760313434,0.5237331267189057,11.112443755729686,bajo
9.086924709267826,0.7732810174637093,0.040435843024405754,1.608716860488115,0.07786924709267827,4.043584302440575,14.217921512202874,0.9979198048835093,3.290435843024406,0.5356415697559426,9.695641569755942,bajo
7.926233101355511,0.36818096100709546,0.27636192201419096,1.8989946610716917,0.0827568328728161,29.2120640671397,48.0,0.9962771473353129,3.4198994661071693,0.6046434169141173,9.979798932214338,bajo
6.725898265160182,0.9467662454233471,0.08258982651601814,2.7143722425629018,0.06725898265160182,17.964069393592744,31.22305204519456,0.9961588615120138,3.4915119083238007,0.5570508674199093,11.025898265160182,bajo
6.35777104438829,0.857478920444432,0.10583132336428075,1.4411445771026754,0.05940060198593641,35.23975920562543,98.98915621490966,0.995198915621491,3.507246995094215,0.7433252934571231,9.923975920562544,bajo
7.384097463572074,1.1743099616234494,0.0,4.2137775559141675,0.09698233051507998,4.964661030160164,13.982330515080081,0.9965818004305326,3.6298233051508006,0.5414135587935935,10.714135587935933,bajo
6.6968617371764445,0.6827381124055347,0.0,4.056817854076156,0.06070563269979191,11.231602043736995,20.69480613121098,0.995218138983856,3.4407359182505206,0.5484198978131504,11.545237751889307,bajo
8.802794562547692,0.5533532583818196,0.2542315494682374,2.2399201553557804,0.06099201553557802,15.99600776778901,34.40319378576879,0.9962757285282097,3.3457684505317626,0.5219361242846241,9.978642641048264,bajo
7.3,0.5913986941146337,0.031925520656494594,1.648138016412365,0.07094096363892798,17.288828098474188,42.67393222977311,0.9957396002475959,3.3642234380305163,0.48673932229773104,9.06739322297731,bajo
10.369717747477406,0.6107570563130649,0.4849169076122787,2.0913479278506872,0.19861566845610995,5.043260360746564,16.043260360746565,0.9993686362384587,3.1601081509018667,0.6348667905839884,8.408652072149312,bajo
8.140693952051073,0.5219074091255285,0.31017348801276845,6.146011693736174,0.05821270966740401,3.0,11.026588708425503,0.9962810861685975,3.310797661252765,0.549734112915745,11.538035081208523,bajo
6.890980973276052,0.6864986409482895,0.08415122314653953,3.78952310387908,0.06936471459914077,14.870027181034212,28.80504077155132,0.9954063652082762,3.4074005436206845,0.5161008154310264,11.002520385775659,bajo
7.362212330995682,0.7201580236425488,0.05385777872170613,3.2173135980766716,0.07643318496493523,14.196839527149026,27.79525929072354,0.9962680454052493,3.3939367905429805,0.4959051858144708,10.49762964536177,bajo
6.102695441169947,0.7582412463217355,0.004865227941502636,2.0026954411699474,0.06324348529433509,6.0,13.0,0.9963707907205701,3.6013521985301726,0.6116217426471675,10.016217426471675,bajo
7.576943080419498,1.4727853239506663,0.023056919580501902,2.330569195805019,0.12524097101394396,5.0,9.691707587415056,0.9949997919636372,3.5092227678322008,0.44611383916100383,10.969170758741505,bajo
8.345172921897252,0.6715321258875313,0.10129159147970024,1.3169357482249375,0.07183064251775062,8.491927553251873,21.016144893496254,0.9967387940499717,3.153064251775062,0.9987084085202999,9.40322897869925,bajo
8.231525733151006,0.6759151790918986,0.3214915961488013,2.0,0.08875932247593,14.638983713895012,56.44406514441995,0.997233390228337,3.3148135504814,0.5736101628610498,10.279661237965005,bajo
8.26244371428175,1.0042733053554826,0.022347267857390652,3.3577491785669684,0.08277942071415686,5.953054642852187,10.906109285704375,0.9987979420714157,3.475305464285219,0.4928167214288688,10.995305464285218,bajo
8.223864082763125,0.7521135262517623,0.2039773471271876,2.531136571956125,0.07762955348973626,18.152271834473748,47.15227183447375,0.9973887501636798,3.2792045305745625,0.52536362445965,9.4536362445965,bajo
7.470614450058709,0.7551836596871331,0.0007346387485322725,1.8963268062573386,0.08377960837544032,6.0,12.0,0.9966935530050529,3.347713706859589,0.4951424712397259,9.709182984356653,bajo
6.491454052596665,0.6849554079558361,0.0,4.201721604861649,0.058110973162433535,11.256378422100045,20.1709189480667,0.9948582078341215,3.4559821631823344,0.5595727026298333,11.774362157789996,bajo
9.286624051776897,0.5856687974111552,0.3243312025888448,2.591446834952759,0.09825386394815601,20.302091779914647,46.86897152103017,0.9977320836711966,3.280855316504724,0.570828006472112,9.404276582523622,bajo
7.757460032471412,0.49789224380181746,0.09762285330636122,2.1800769687129877,0.09349763161172663,6.60153937425975,14.398460625740249,0.9960127442234407,3.35218472491117,0.5899615156435062,10.40192421782469,bajo
10.844266492404616,0.4511066623101154,0.42740444154007695,1.5370222077003848,0.1457404441540077,34.74044415400769,49.11066623101154,0.9983348088830801,3.38,0.86,9.9,bajo
8.864897206910966,0.9138984356230548,0.04783675976963447,1.7567351953926893,0.07564897206910966,4.783675976963447,17.91837988481723,0.9965580362023873,3.2978367597696345,0.4616324023036554,9.621632402303655,bajo
7.674435486653051,0.8112085246699734,0.1941566826635545,2.0,0.08796347926664722,13.445218899970824,61.219124400116705,0.9965171313399825,3.3307304146670558,0.5855478110002917,9.881739633323608,bajo
7.344361484111455,0.8647087411681114,0.02,2.4443614841114543,0.08041635556541796,6.0,11.597274072430341,0.9971759597085034,3.521809185070124,0.5736183701402477,10.372862223948141,bajo
6.597559851634509,0.8798905929258327,0.06675220506021878,2.340050401376429,0.0831501890051616,5.474968499139732,12.474968499139731,0.9954105258307054,3.5969962198967678,0.6094993699827946,10.677534650946294,bajo
8.669883316024237,0.6269151689168493,0.2895906652819389,2.6178366424339305,0.08695906652819389,15.438599792290836,45.219299896145415,0.9976,3.2730116683975763,0.5152046673590306,9.273976663204847,bajo
6.211880189213185,0.7097586715614246,0.2532909133015206,1.9817024908223289,0.05857305811918767,31.789710561979792,84.51524792431472,0.9954481570573299,3.541556607455332,0.5866454566507603,10.063723131883252,bajo
10.224678245567846,0.5387660877216077,0.3712339122783923,2.189423609042352,0.11802000588875103,26.667459523496095,48.54406829565687,0.9979866983809399,3.3210576390957645,0.6880847806959807,9.605288195478824,bajo
10.08497668080757,0.9327831443630681,0.22036642241932758,3.4348101298361193,0.10481312456614293,10.981678879033621,86.09893405321844,1.0009806528962595,3.4295236508548745,0.639706862064538,11.300732844838656,bajo
6.943589392735314,0.6902563851953797,0.08076925332415834,3.7256414516785465,0.07015384089102972,14.794872296092407,28.69230844413861,0.9955025634610017,3.4058974459218483,0.5138461688827722,10.946154222069305,bajo
7.8902811769628185,0.7948663581343889,0.21635196805315782,2.046338074821562,0.07602533904996264,17.3169037410781,52.21971551070628,0.9972646477007138,3.31,0.5607323850356876,10.075633476249067,bajo
7.377062617064881,0.9203259205255921,0.1267244019249227,2.0,0.08436056168054583,11.622937382935119,65.49174953174048,0.9959780444768465,3.3273762429761073,0.5547524859522143,9.550825046825953,bajo
12.273084443683006,0.4625212839590777,0.4773935802046114,3.7688276518674626,0.0894138864848984,28.521283959077714,49.50425679181554,0.998165553382936,3.133202370649564,0.6431172348132537,9.675638518772331,bajo
8.810459548070147,0.9483756195555733,0.049651348397661756,1.7930269679532351,0.07510459548070147,4.965134839766175,18.825674198830875,0.9962241518948303,3.2996513483976617,0.4434865160233825,9.603486516023382,bajo
7.39492144122784,1.0587829710568943,0.089492144122784,3.005429297105056,0.0870507855877216,4.78984288245568,12.10507855877216,0.9957758319314824,3.5484062847017728,0.6021015711754432,11.231523567631648,bajo
8.34405072656717,0.6923797093731322,0.20118985468656608,2.172025363283585,0.091181648613433,11.0,73.32152179701508,0.997242506525791,3.212588586522387,0.5746139498059716,9.283923910149245,bajo
7.865945678218966,1.0715439507114979,0.06340543217810342,3.2372296293321123,0.08508513580445258,5.457432097773707,11.542567902226292,0.997227188145054,3.5125540741335777,0.5496824692448922,11.108513580445258,bajo
6.339116976608038,0.828326814620614,0.03520527894723418,2.7432225555527214,0.09864679064321519,15.82649070175886,26.73818836256266,0.9953205425315753,3.5547947210527657,0.5969403719296457,11.121766046783923,bajo
7.5,0.8023725311882155,0.07818878124568945,2.663775624913789,0.06564286249597674,5.0,9.818878124568945,0.9961780611250747,3.4236734999770104,0.5636479687428158,10.981887812456895,bajo
9.550289638179416,0.4127987806003558,0.3446646343339263,1.7906707313321475,0.10886585373357052,32.186585373357055,49.56996951500889,0.9971206402463411,3.4038338414165183,0.7074634149342821,9.947667682833037,bajo
7.849119343986995,0.8162432343046966,0.2646748003760116,2.004437666353324,0.07884620674813585,10.866870009400289,63.08875332706647,0.9963815448097763,3.3170697647552743,0.48355013308265893,9.946442989659682,bajo
6.785219353334701,0.7332103279950772,0.08852193533347008,3.663509653355212,0.06785219353334701,15.59122586661197,29.443419399958977,0.9954232800186498,3.4262587113318292,0.5273903233326496,11.0852193533347,bajo
6.782288815790727,0.6920436052623054,0.08681198684233093,3.8326975000047643,0.06853133552627819,15.07084473683709,28.822888157907276,0.9952091825394759,3.4163760263153384,0.5210626710525563,11.103542236841854,bajo
8.573517815408206,0.7617094863463013,0.02683794538520516,1.6987154096109613,0.07997430819221923,4.658102730739742,13.341897269260258,0.9975788142523265,3.3064525682684933,0.5235474317315064,9.7,bajo
11.661569460512908,0.46931589488318987,0.4434205255840505,1.7983904838749294,0.1417323906005622,35.3158948831899,50.86317897663798,0.9983422132669629,3.3574245311452664,0.840160951612507,9.879476846495697,bajo
6.726478734547655,0.9446765556284431,0.08264787345476547,2.7236597527624755,0.06726478734547656,17.940850618093812,31.205637963570357,0.9961516636916091,3.49087339199758,0.5567606327261726,11.026478734547654,bajo
7.796973672404269,1.4224210620765851,0.005627819211550536,2.465808248750785,0.12208627908939101,5.281390960577527,9.562781921155054,0.9959305863960025,3.4943721807884494,0.4253251864519774,10.928139096057754,bajo
6.288510379200514,0.9985248270133248,0.08547683691295932,1.90529818792177,0.0601589456376531,33.42052718117345,85.25264909396088,0.9956190734765183,3.6691522899325166,0.5204238550337416,10.702119275168709,bajo
7.502541069909013,0.3822869629181117,0.47893275063821455,2.5969507161091845,0.07303557497872618,21.944096462001713,83.89327506382145,0.9971965441449238,3.319847535805459,0.6988819292400342,9.601016427963605,bajo
6.921857156414525,0.7139214295347163,0.009128571214507494,1.7782857171399,0.08278285717139901,6.0,12.30428570715025,0.9961905428695585,3.43737142628808,0.5295571419295325,9.8217142828601,bajo
7.0804865673307305,0.4841472386852202,0.0009756716334634619,2.180486567330731,0.06753661939840491,6.951216418326827,13.902432836653654,0.9952104903727887,3.407317537250976,0.5824391790836586,10.853655597410485,bajo
7.754356472838933,0.6529861967153621,0.21358911820973328,5.9804384883595425,0.06704328062082433,3.0,12.130410077603049,0.9969488980969499,3.3439123023280914,0.5386958992239695,11.041315465078627,bajo
7.53030242192636,0.6976891391816633,0.0681060986296025,2.534090224667155,0.05898482871260661,5.037878027407951,9.075756054815901,0.9964184828712607,3.383787802740795,0.547727318355523,10.903787802740796,bajo
7.001478025950991,0.5044826909171529,0.0,2.1890531139945546,0.06623371797961883,6.890531139945546,13.890531139945546,0.9953309192242801,3.4207990834103463,0.5832840658016336,10.801478025950992,bajo
6.589936124257479,0.5563800172579831,0.08050319378712607,3.7206158826457143,0.1194123176529143,13.894479930968068,30.472399654840338,0.996905520069032,3.4862823910258487,0.6478407855032942,10.852271903355295,bajo
7.087213002717572,0.47127869972824277,0.0002557399456485539,2.194032734601534,0.06711082064311438,6.991475335145048,13.991475335145049,0.9951683803136776,3.4022164128622876,0.5803409865941981,10.893180268116039,bajo
9.995421055393301,0.9186979880466027,0.21815448921282296,3.326179568512918,0.10426179568512918,11.0,85.32331271136842,1.000776078024489,3.4158510839649763,0.6369241486880383,11.170814244897606,bajo
6.793674984690031,0.7594145313456873,0.017658125382749225,1.811709373086254,0.07870256238517523,6.0,12.0,0.996084307486221,3.5254103165188666,0.6136068776792446,9.920726567284365,bajo
6.087136783645107,0.9073963494040636,0.046447111839925496,2.854978742757873,0.11634908735101591,8.935683918225534,19.483920979556384,0.9944258504620096,3.475803951022181,0.5187136783645107,10.767841959112767,bajo
5.989807469721802,1.1136399009028013,0.08626054877778319,1.528045884166626,0.16293183078612425,6.81302743888916,19.0,0.9942019303659997,3.481302743888916,0.4762605487777832,9.781302743888917,bajo
7.885812952272383,0.5043175068433235,0.3556824931566765,2.42852757676783,0.08157362116160852,17.284508361115314,80.14187047727617,0.9972685889692928,3.268558273030349,0.6528450836111531,9.428527576767829,bajo
6.504099190904092,0.6785652831835679,0.0,2.1337887989893436,0.06236521592925405,6.337887989893435,13.337887989893435,0.9961433046548567,3.525801281920247,0.5998633603031969,10.304099190904092,bajo
6.666359850390117,0.6015668361996099,0.17175115631989596,2.15437789079974,0.07520737741189856,9.631336723992199,70.437789079974,0.9955533644756697,3.519354764401821,0.576313367239922,10.979262258810142,bajo
7.1406521359077955,0.5668875905802458,0.0,2.477789595369936,0.07106521359077954,6.728985760614697,14.0,0.9953637751811605,3.43116663752931,0.5745797152122939,10.87289857606147,bajo
8.666954959476852,0.6272958552680094,0.28935639675814806,2.613736943267591,0.0869356396758148,15.403459513722211,45.201729756861106,0.9976,3.273304504052315,0.515321801620926,9.27339099189537,bajo
9.29039459314279,0.4430391610797154,0.31733863433984566,2.1521260312180415,0.0699259715711288,12.563780936541244,39.3511778147371,0.9968389599442167,3.2682991750255668,0.5091495875127834,9.252126031218042,bajo
6.394528643241237,0.7306460301362885,0.011865527635360779,3.930850251344331,0.07216150753407209,10.472643216206187,19.86816080405155,0.9947639815075654,3.456591959797423,0.5494528643241238,11.536321608103094,bajo
7.173585659676601,0.9510385149991537,0.03773572338723327,5.344335978229765,0.08567928298382993,3.490571064510669,14.0,0.9977169774122621,3.4564156724187267,0.5249057106451067,10.322642766127666,bajo
6.374127472237979,0.742376703463162,0.014160659373227337,3.859446152832927,0.07509417586579048,10.370637361189896,19.842659340297473,0.9947415402194618,3.4578670329851264,0.547412747223798,11.485318680594949,bajo
8.316040010533008,0.6322180047398532,0.1983959989466993,1.6122800737310505,0.08208520136929094,24.433598314718846,111.94239536547683,0.9972256640168528,3.166416004213203,1.0349879441750618,9.116040010533007,bajo
10.800810654494285,0.45002026636235715,0.42668017757490473,1.5334008878745238,0.14566801775749047,34.668017757490475,49.00202663623571,0.9983333603551499,3.38,0.86,9.9,bajo
8.718095949918371,0.8485415109553561,0.05432140187806105,1.9580350469515264,0.07990952025040814,4.238690031301018,13.522619937397964,0.9974748819311378,3.3496725078252543,0.5543214018780611,10.058035046951526,bajo
6.886018070101948,1.086504517525487,0.06139819298980523,2.1139819298980522,0.061419457896941566,12.48936754643183,31.06990964949026,0.9949174482111437,3.5106990964949025,0.4397873509286366,11.372036140203896,bajo
6.668249771851425,0.9860246121474222,0.08105834093828584,2.469334550125734,0.0729267092544007,18.47082953085708,31.894165906171416,0.9965138669100252,3.5178833181234284,0.5805834093828584,11.0,bajo
7.810706483372289,1.411434813302169,0.006020185239208246,2.491312040548536,0.12104650911609807,5.301009261960412,9.602018523920824,0.9960121985297553,3.4939798147607917,0.4270908335764371,10.930100926196042,bajo
7.583832309677509,0.3991976003441015,0.25135329238710036,2.151377231828005,0.07097365233548512,25.918563062364935,47.62155692042999,0.9961081676332044,3.397832338236549,0.5343233538064499,9.867544922150495,bajo
7.511836286722965,0.7909347661705367,0.06171459929392452,2.45265485310814,0.06735066651114223,5.0,9.0,0.9961353539271217,3.3942035440675578,0.5322455699155526,10.9,bajo
10.052998095102648,0.24160541354452775,0.3591682806917741,2.2657640100856575,0.05955319097979611,14.0,35.80657644092454,0.996165531909798,3.240444872190075,0.49696324812671666,9.365764010085659,bajo
9.655247985968026,0.7705871530256443,0.2851931961412072,1.960358997369005,0.14181624890375205,5.0,17.39641002630995,0.9978918771715852,3.2251658012277975,0.5415606983337031,8.95856401052398,bajo
9.882328664410636,0.8975121588707209,0.21758142960456264,3.17023581243345,0.10197678700570328,12.934856316349894,89.99064115247165,1.0005404716248667,3.3973492996615957,0.6980456894904968,11.03395725650189,bajo
5.01029034150943,1.0197684673160379,0.04,1.4030871024528289,0.04521609717169802,40.850790048113275,84.90738692641513,0.9938095185658963,3.747941931698114,0.48061742049056577,10.494340312169813,bajo
8.58393630088972,0.9054854022872275,0.044598407522243005,1.70997345870405,0.0744598407522243,5.7202123303676,19.1800530825919,0.9962212180480813,3.276593099263053,0.5552339728588159,9.52797876696324,bajo
7.268775613794709,0.46141245154252297,0.1540150452269786,3.51133722540763,0.10791073933935505,14.0,32.14312580762462,0.9966491073933935,3.4382712063882708,0.6288474709255139,10.611337225407631,bajo
5.7369480360959475,0.6063051963904051,0.027261039278081035,1.5639090835114424,0.07881311702050178,6.091298690730632,13.091298690730632,0.9949973467512387,3.6362623404100356,0.6163480523707747,10.173038952584506,bajo
6.799887988851989,0.9098319832779836,0.05995519554079562,1.999775977703978,0.06002016200664197,4.002240222960219,11.001120111480109,0.9959200896089184,3.530022402229602,0.6399887988851989,10.898935894093896,bajo
7.944945388031806,0.9023881597855357,0.01112363470079514,2.7342726025596353,0.084,6.0,11.443818264960242,0.9979435998170875,3.417865442905566,0.49,10.423036255551684,bajo
9.345570991733297,0.9447345678486027,0.17619444468128825,3.0592901252989084,0.10061944446812882,11.243364196215065,81.37608027191376,0.9996980015502493,3.4105308643027947,0.6302654321513974,10.837608027191376,bajo
7.688032496046862,0.884285317641774,0.114672082674477,2.2810818314885357,0.06798458492884352,19.223935007906277,48.22393500790628,0.9971922785818839,3.2970655834651046,0.5396524667720837,9.596524667720837,bajo
7.122746854165083,0.6437338453138067,0.44729622499809935,2.0806867135412705,0.10357082531228617,3.193132864587293,9.386265729174585,0.9969447212619742,3.3686265729174587,0.5835193005211105,10.415879718752377,bajo
6.666360710212806,1.0383180355106403,0.07327214204256123,2.2747705326596046,0.06834557159148776,18.83180355106403,31.327214204256123,0.9963025527463726,3.525886875712759,0.5683180355106403,11.016819644893596,bajo
6.930573430601317,0.8022769197539134,0.21668811672158064,2.032643357650329,0.07762741313117782,3.673566423496707,10.347132846993414,0.9963345706421592,3.464713284699341,0.6171496496447695,10.704139854098024,bajo
7.0598443123088295,0.8795167070852237,0.05598443123088295,2.7038598810779466,0.0904015568769117,4.119688624617659,12.44015568769117,0.995698764191831,3.5752124550152935,0.6088031137538233,11.33204670630735,bajo
7.295740528897769,1.1149144666479442,0.0,4.012520093600472,0.09688415614321966,4.7683122864394845,13.884156143219743,0.9964806808275164,3.628841561432197,0.5492675085424207,10.792675085424206,bajo
10.541184117668646,0.6558815882331354,0.32425404072580855,3.595931131231683,0.06660974174211881,23.739827828079207,49.0,0.9977044698699139,3.147940794116568,0.562466092760264,9.637669536198679,bajo
6.2117941260485425,0.7879938935353993,0.0009072404652724964,2.109072404652725,0.06023588252097085,5.990927595347275,12.990927595347275,0.9966323791800917,3.5895463797673637,0.6099092759534728,10.01088688558327,bajo
7.427471768199936,0.703323634842455,0.0,1.9543961738500475,0.08091755014849732,6.1813205795001585,12.362641159000317,0.9964389531017748,3.350879234770009,0.5063188521550143,9.917584695400189,bajo
6.812844871809319,0.7326639744182085,0.08614653845720426,3.6687923074322555,0.06710085897334767,14.614653845720426,29.25689743618638,0.995183482564039,3.4228448718093194,0.5084396153716128,11.138534615427957,bajo
6.838351601704605,0.9519976924162604,0.0,2.0566685896531163,0.08470005768959349,15.866628206937673,24.566685896531162,0.995341866312551,3.527664551381572,0.5244991346560977,10.746651282775069,bajo
11.520760809425665,0.4793981365564909,0.4328131896920952,1.6092138593691088,0.1454152161885133,35.70515650018852,50.96314456252357,0.998335859688453,3.378710059688325,0.8542874071911526,9.896314456252357,bajo
7.272896313557005,0.593188623409366,0.0,2.0703277648322462,0.07434809332617272,6.567759216107488,13.135518432214976,0.9958399732150334,3.374065552966449,0.5410983294496738,10.381311059328985,bajo
5.399696243146953,0.91767776175438,0.11034653879386375,1.5918541967105375,0.04947659792324587,37.96230855208316,84.84012150274121,0.9943435868906799,3.6812522461787243,0.5151732693969319,10.356109352467097,bajo
7.186279030843843,0.756960756057226,0.007843024228903933,1.8607848788554804,0.08164709273132882,6.0,12.0,0.9964376511277595,3.422351754403491,0.5449011696023275,9.798037802861298,bajo
7.2589550854947165,0.760773795540725,0.03256481263966834,1.3358994646847666,0.08994973234238333,8.641005353152334,19.820502676576165,0.9960512566914405,3.229234116729865,0.9723016059457,9.307698394054299,bajo
8.843864053657647,0.9559355991057059,0.17566579012909345,2.907397668101038,0.09022193004303114,18.389034978484425,85.75369883405052,0.9992266316051637,3.508816373103834,0.6005918134480831,11.102959067240416,bajo
6.821119301812925,0.766589137432995,0.08366420945612232,3.5198525673673395,0.06652164887309521,14.366420945612234,29.422386036258512,0.9951470750720232,3.4311193018129256,0.500992628368367,11.163357905438776,bajo
7.473753475307567,0.5717191844134459,0.06996329932074036,1.6868767376537834,0.0740850417036908,15.957479148154599,42.173753475307564,0.9959475069506152,3.359574791481546,0.4886876737653783,9.034750695061513,bajo
6.447939519395089,0.7279195751957386,0.0222914589145901,1.7312562325622969,0.07845829178291802,6.0,12.22914589145901,0.9957662711907118,3.575206048060491,0.6277085410854099,9.98437188371885,bajo
11.43135324242028,0.5828986161459013,0.6441893664769014,2.1894595776512675,0.07479053167615493,10.263510558718309,47.4216168939493,1.0006234479256586,3.25316212670462,0.57,9.073782956441127,bajo
6.350260171760955,0.5866551034772909,0.00499132760796817,2.0835356891474097,0.09333795860908364,3.499132760796817,13.0,0.9954718372237099,3.626655103477291,0.62,11.267071378294819,bajo
8.453472254352176,0.5991606282987145,0.1761865971365031,3.7129528775964067,0.08256476438798202,6.0,28.312952877596405,0.9975167980108086,3.309005130684962,0.5229015707467864,9.32062199045501,bajo
6.974856797238422,0.6537714804142367,0.08708572004602629,4.045713997698686,0.07324570391715267,12.377148041423665,29.0,0.9958694844700583,3.401257160138079,0.5141714400920526,10.488001209665521,bajo
6.7473573888435086,0.8695134001633682,0.08473573888435089,3.0577182214961414,0.0674735738884351,17.105704446259647,30.579278334694735,0.9958927683783405,3.4679068722721405,0.5463213055782455,11.047357388843508,bajo
9.853663631552962,0.5153489220480816,0.22841590788824034,2.259455677608841,0.10155198848603003,5.884159078882403,14.0,0.9978115840921118,3.33710397697206,0.521158409211176,9.98262386183236,bajo
8.31783614046636,0.6607695741264596,0.33684473049506525,2.0074694417757852,0.08690855630278008,15.37347208878927,54.551833493452875,0.9974201222328968,3.31,0.5685061116448429,10.347713907569503,bajo
9.347314761913104,0.947544753968115,0.19343463865575658,3.1048293183972953,0.09614487955191886,15.427560224040569,85.85241465919864,0.9999373855462301,3.477227309056433,0.6163863454717836,11.181931727358918,bajo
7.4753709318766175,0.3863050414395859,0.4756652840102847,2.5881780473007767,0.07272415443701812,22.187180917737706,84.00985162724935,0.9971665044673522,3.3242361997172214,0.6978326420051423,9.608866464524418,bajo
7.050711162782517,0.705634251709457,0.0,3.6197097400921843,0.06736632777002385,11.647895485626492,21.943686456879473,0.9958259274090147,3.4240841805749405,0.5276052257186755,11.08731496581086,bajo
10.0486832596289,0.5966212507896903,0.4605449905237157,2.532425015793807,0.0817565837018555,13.878291850927749,46.44595830701032,0.999027066582433,3.2555404169298967,0.5367574984206193,9.166212507896905,bajo
9.927764341113896,0.8404614341056199,0.20859186046914158,1.659029457360763,0.07359029457360762,5.352426356598093,21.466984496186647,0.9967767461240467,3.2189419379824384,0.4963882170556948,9.881941085278473,bajo
6.024483312617164,0.9434220952451309,0.053495627330569076,2.6356915941600727,0.1253555238112827,8.62241656308582,19.405604140771455,0.9943569316438788,3.4797197929614274,0.5124483312617164,10.61120828154291,bajo
7.068528582283935,0.8236872414087352,0.06383612260405622,2.191806130202811,0.05923277547918872,4.383612260405622,10.232775479188756,0.9960734449041623,3.4724581609391567,0.6054748965634941,10.9,bajo
11.317807578331744,0.5780312156627796,0.6186555289183718,2.1606243132555925,0.07386874771085197,10.45938301201809,46.671869277129936,1.000458744048215,3.2578751373488815,0.5640936469883387,9.0,bajo
7.896572010592649,0.7603664242148185,0.0,2.574822810444374,0.08328841431703811,12.643025894814881,24.929077684444646,0.9972788178064298,3.3842789642074047,0.47784870525925593,9.99267151570363,bajo
6.374366705847745,0.8898582647664464,0.0,2.8552171172490666,0.07333232823979316,14.768998824567653,22.512665883045102,0.9945596350999117,3.5379433059065786,0.5537183352923873,11.423100117543235,bajo
6.881878564335709,1.0157021137764084,0.06543643069928719,2.4261858419572313,0.062268500496500345,12.54364306992872,30.637571286714188,0.9948797343169229,3.491878564335709,0.4463092920978616,11.345635693007129,bajo
9.208027999002823,0.621112018767139,0.4357526249065147,2.0505017499376765,0.08521236875467426,13.73745625155809,52.97993000249294,0.998295904311456,3.294849475018697,0.57,10.046487750436265,bajo
7.500823583876507,0.7552728121590928,2.058959691266793e-05,1.90154421976845,0.084,6.0,11.998970520154366,0.9967222648556604,3.3401441271783887,0.49,9.701338323799323,bajo
5.684106171672324,1.0489414755288542,0.0804637030033946,1.5,0.15737767793853838,6.841061716723243,18.04637030033946,0.9941557595176113,3.5254301253242812,0.5022513596587459,9.847681484983028,bajo
7.1720224082619906,1.0189494195624402,0.08125842332925663,2.584606641554557,0.07381797516401681,4.531460583231416,11.531460583231416,0.9958562247300122,3.535314605832314,0.6187415766707434,11.059438174969424,bajo
7.461012544470481,0.6975316821344884,0.06944303634957831,2.472151817478915,0.05811139273008425,4.94430363495783,9.11139273008434,0.9962977214539831,3.3883544547563256,0.5550126728537954,10.9,bajo
8.573729153479322,0.6970813092188356,0.19306580859081157,2.322632343632463,0.09422632343632463,11.0,76.12412981663091,0.9977319847756851,3.2235045325295557,0.595109680984686,9.414606601356809,bajo
8.197946842123097,1.101642526301523,0.01708419548923132,3.2104727068000356,0.091726881953537,5.854209774461566,10.708419548923132,0.9983135126617602,3.482915804510769,0.4768788797015409,10.985420977446157,bajo
6.641892771136441,0.7360820482500855,0.028378554227288272,2.1054048192423727,0.07897286746362703,3.472975903788138,12.054048192423725,0.9957355415663258,3.5774321686590675,0.6294595180757627,11.216214457727117,bajo
6.88259207657999,1.0186275139779577,0.0652223770260031,2.413342621560186,0.06221855463940072,12.52223770260031,30.651841531599793,0.994876594863048,3.4925920765799896,0.4456671310780093,11.347776229739969,bajo
6.519349772395997,0.5747561646484989,0.09,3.9,0.10658940629555042,14.298374430989993,30.403251138020014,0.9963345358876556,3.4731463012109005,0.6252438353515012,11.029837443099,bajo
7.3519841494017415,1.1353836210484665,0.008002641766376405,4.482076611224915,0.09459920747008699,4.679894329344943,14.0,0.9968368781962847,3.5931878478746686,0.5367989432934495,10.619973582336236,bajo
6.731636717968071,0.9654774672040332,0.0,2.0454354439966393,0.08436306331989918,16.09129112006722,24.45435443996639,0.9951492178645424,3.540021011603697,0.5295540502015125,10.836516448026886,bajo
7.315957053574853,1.033330942523841,0.0815957053574853,2.800930212059136,0.08415957053574852,5.230053683031434,12.0,0.9958460107366063,3.5423005368303144,0.606901610490943,10.912432896210706,bajo
5.744468639050315,0.6383869176973129,0.02868664873590622,1.5394005379228135,0.07973732974718124,6.0,12.868664873590621,0.9951139618289375,3.6455531360949687,0.6213133512640938,10.080299731038593,bajo
7.18472394845479,0.9301384696609796,0.08222261678966625,2.0,0.08726389135493541,12.395837032403122,65.41665187038751,0.9958875022194419,3.344722172901292,0.5960416296759687,9.531945677467707,bajo
7.981618326720066,0.8134564940480593,0.2777203027775723,2.0220580079359207,0.07974265657408093,11.404396812158549,63.77203027775723,0.9965449990756606,3.291102900396796,0.48808793624317093,9.792647330688027,bajo
8.14365583525447,0.772174421563121,0.002817208237276462,2.2532139333707777,0.09006427866741555,13.031302313747517,26.15651156873758,0.9977686976862525,3.3740693007871774,0.46657348588697845,9.643823239246522,bajo
7.85244381247368,0.4780618979907894,0.06449518392631545,2.2268729933026314,0.07667427758894732,6.731270066973686,14.0,0.9958767597238593,3.383876204018421,0.5638762040184211,10.658143060276318,bajo
9.729050494886055,0.8802623291234302,0.22904754890521817,4.259517145995726,0.10038575005833873,10.547622554739092,88.4428382044089,1.0005222894178043,3.4182381864232165,0.6327619608758255,11.318095097810437,bajo
7.585736009209249,1.4523372824227865,0.0099847935535251,2.1570559631630006,0.12573144727530727,5.0,9.0,0.9949825182563357,3.4828832110511,0.4213959861861252,10.9,bajo
7.506438583189375,1.16459927155537,0.017384968587597804,4.173719015380948,0.10065439135616842,5.0,14.070959055459582,0.9966993426776435,3.613324621966998,0.5431931574956813,10.61839708622148,bajo
7.3,0.5011407305839988,0.19441787490323847,2.0239905921561903,0.06556056447062858,26.08075262750478,48.239905921561906,0.9960694786388148,3.4012112894125717,0.542399059215619,9.92802822353143,bajo
6.319218267333274,0.8380828168285992,0.050193111385718074,1.8096091336666373,0.1255586299500044,7.0,16.788506188095447,0.9945174895519857,3.455770123761909,0.524229876238091,10.286528638619002,bajo
8.834979156277601,0.6024780796198052,0.21101983600795476,3.464144028514609,0.08132072014257304,6.0,28.064144028514608,0.9975590955151524,3.2832948829465094,0.5311951990495131,9.436732786693183,bajo
8.639628629780937,0.6308482781284783,0.2871702903824749,2.5754800816933106,0.08671702903824749,15.075543557371235,45.03777177868562,0.9976,3.2760371370219064,0.5164148548087626,9.267925725956188,bajo
7.940923723817413,0.7577557732738588,0.01102309309543532,1.817326801784235,0.0823465360356847,5.448845345228234,12.551154654771766,0.997072738979054,3.326221133630706,0.5037788663692941,9.7,bajo
7.365819354282335,0.45375110360928933,0.16116563663132996,3.467922920452639,0.10622524279404365,14.0,32.27081493984518,0.9966322524279405,3.4313759932483605,0.6242506621655736,10.56792292045264,bajo
7.439712685161029,1.4457593738223626,0.012021548612922758,2.0799640856451287,0.12157234594674904,4.799640856451287,9.400718287097426,0.9949924166065165,3.5060107743064615,0.44808619445169107,10.9,bajo
9.169256122226514,0.5915371938886743,0.31846280611132566,2.641747376188637,0.09578075400405867,19.50566654367991,46.659385932547345,0.9977002266617473,3.275825262381136,0.5561570152783142,9.379126311905683,bajo
7.300446828141573,1.0565594282414608,0.08859696160808991,2.7864164442224726,0.07858802504525844,4.714924040202248,11.714924040202249,0.9958342091151757,3.5371492404020226,0.6114030383919101,11.114477212060674,bajo
7.887850400880735,0.6076936139868933,0.24696260022018396,6.03765017180603,0.06399199083701171,3.0,11.74899885462647,0.996718144307049,3.332469965638794,0.5425100114537353,11.212950515418088,bajo
6.435766230051256,0.7732116884974372,0.009430649202050254,1.9585402619692462,0.06848758428184523,6.0,12.528467539897488,0.9963382192255343,3.5711387015958995,0.6194306492020503,9.976423376994875,bajo
8.962969841736987,0.8517857668999079,0.04456767194210042,1.6913534388420084,0.07662969841736987,4.456767194210042,16.28383597105021,0.9971595483626535,3.2945676719421004,0.4943232805789958,9.654323280578994,bajo
8.909586362493647,0.6262414843946404,0.40777372148377933,2.031849147655853,0.08661131392581103,14.203771308603677,53.72603409376588,0.9979834732232354,3.300445255703244,0.57,10.17705596640903,bajo
7.601850624638137,0.47166556217432337,0.4372227376519824,2.4777792504342355,0.07442590874493392,19.759286257960984,79.72227376519824,0.9970614831504921,3.3138889625217116,0.6551857251592197,9.640740249855254,bajo
6.336465796162477,1.0218232898081239,0.007293159232495334,2.0273493471218575,0.08154136815350094,17.182328980812382,24.729315923249533,0.994562357074757,3.5836184856715665,0.5518232898081239,11.18176710191876,bajo
5.891950272506114,0.6960607288897508,0.04075606267127789,1.7458528610577804,0.08092194822896667,5.846341961838887,12.846341961838887,0.9951059995912921,3.6415610354206667,0.6169268392367777,10.269023841977223,bajo
8.046306365394717,0.5293026858625056,0.25028110058025677,4.575964188499926,0.05362954907684222,3.9073872692105653,9.546306365394717,0.9959594377988394,3.325369363460528,0.5554630636539473,11.50093700193419,bajo
7.3,0.6841232680488013,0.13923266519163133,2.0530354393728256,0.06381787363763046,23.75716485017395,48.53035439372825,0.9964441571679095,3.3663574727526093,0.5453035439372826,9.840893681881523,bajo
7.351799488187126,0.5442841944069379,0.036073043442628586,1.6107171354869918,0.0717320716128252,16.94641432256504,41.89282864513008,0.9956096454219383,3.3674993350530356,0.4801786189247832,9.005358567743496,bajo
7.889286299194319,0.4849753049164889,0.09908873852623068,1.7219213032815837,0.0689519674179604,16.39039348359208,40.78078696718416,0.9957097291729534,3.341551695900964,0.4820320217213597,9.060960651640793,bajo
5.735419933358695,0.8317324970601742,0.16943390827113028,1.7530015680121735,0.05323670325361738,35.41080850647392,84.70583202665652,0.9948001711093678,3.6235077714623043,0.5447169541355651,10.23524882399087,bajo
8.376570448943875,0.44187788339404227,0.3691426122359689,6.247101620975947,0.05282124688128284,3.0,10.352655860160356,0.995873356795397,3.2905796758048105,0.5564734413983965,11.84130486292784,bajo
7.587004505445511,1.5475112636137776,0.017543917648560003,2.1,0.1362527590631168,4.935022527227556,9.0,0.9948389476294185,3.494476914814342,0.40552308518565783,10.880506758168266,bajo
11.18398095142272,0.6392729437338327,0.4109797401552059,1.3814541125323345,0.07118545887467664,6.556376624029963,24.887246751940076,0.9976485029867059,3.0885458874676655,0.6890202598447941,10.177449350388015,bajo
7.069677832612529,0.9240445382218095,0.05696778326125285,2.400726477995359,0.08169677832612528,5.53790270923434,12.0,0.9959075805418469,3.545379027092343,0.6161370812770302,10.527621613457075,bajo
11.595934943950795,0.5801170243408105,0.6595072659334297,2.1998768164833575,0.07401231835166426,10.001231835166426,46.9950726593343,1.0007960581274673,3.2500739101099856,0.5699507265933429,9.000246367033284,bajo
7.701672734877573,0.6002090918596967,0.1223847290218418,1.8008363674387866,0.07682007281853087,14.589963590734563,42.40167273487757,0.9964033454697552,3.3458996359073456,0.5000836367438787,9.080334546975514,bajo
7.34977097243226,0.7192693551737329,0.054657580343640405,3.2324209620465414,0.0762465645864839,14.214612896525342,27.821919344788014,0.9962452954924476,3.394292257930507,0.4964383868957603,10.510959672394007,bajo
5.1940958934481,0.6326306797995357,0.12277060488362873,2.0752460044396623,0.06216881853491138,8.990159822413501,65.49507991120674,0.9939569649001075,3.7638530244181436,0.569901598224135,12.184102164267511,bajo
6.764952396450081,0.7102682615879565,0.022079366370840105,3.7455556459588073,0.08981777741616473,3.0,13.441587327416801,0.9966783841918161,3.5228507879683035,0.5758412672583197,10.925936474358156,bajo
8.687229928778134,0.6246601092588429,0.2909783943022506,2.642121900289385,0.08709783943022506,15.646759145337587,45.32337957266879,0.9976,3.271277007122187,0.5145108028488747,9.277445985755627,bajo
8.33917453092181,0.5149902103909059,0.351752359276543,5.785358498949792,0.05578971688681485,3.32165093815638,10.321650938156381,0.9956825155656709,3.3218146219603293,0.5664330187631277,11.871339624737448,bajo
7.91212725352317,0.7762865626253093,0.1377279200203397,2.1303038933604532,0.09090911680081358,11.348480533197735,72.21215573441812,0.9967640982882319,3.2522720799796603,0.5934848053319773,9.269696106639547,bajo
6.96962981441917,0.5645183845461017,0.006518509279041498,2.0696298144191703,0.07058518010347282,6.674074536047925,13.34814907209585,0.9954405181350802,3.448888819592811,0.5962962731976037,10.59037080924553,bajo
8.185395908328434,0.5034686241102618,0.2754158363331373,2.472211151108498,0.07939554271659807,21.507096672258154,46.81947212222875,0.9968460856475495,3.329655130389444,0.5222920818334313,9.586815242780064,bajo
8.150129876542517,0.5840051950617007,0.18302337777765298,2.280103901234013,0.0810680520164535,17.0,44.26701300411338,0.9967335065020567,3.307657142386882,0.49700259753085035,9.170025975308503,bajo
7.439121481492741,1.1742807140709892,0.0037556622233030634,4.2194852444356625,0.09709389155558248,5.015648592597096,14.0,0.9966187783111166,3.625461908146842,0.5396870281480581,10.689045985182032,bajo
7.265377421599191,1.0945037111861227,0.0,3.94335968253149,0.09685041935733235,4.700838714664869,13.850419357332434,0.9964459319380524,3.6285041935733244,0.5519664514134053,10.819664514134052,bajo
7.068576772262364,0.467056586007564,0.2642481684037028,7.603575998351764,0.06607956351253107,15.756570529352013,115.78759157981486,0.996407605923021,3.2349561964709865,0.8201752141160538,10.384963368074056,bajo
6.295863012092203,0.7194936084036617,0.0,2.1319543373640677,0.07150356145106429,5.041369879077976,13.0,0.9962980885902044,3.59958630120922,0.6131954337364067,10.479315060461012,bajo
7.5395545083879965,1.039012850072572,0.04231184412840219,2.3417819664480124,0.08924806162651742,5.0,9.0,0.9957029496691472,3.4274654100655964,0.49066823741800475,10.9,bajo
7.47590044438793,1.1704524148256468,0.012397072583361979,4.195604681521983,0.09960591525731885,5.0,14.05060029625862,0.9966708404147621,3.618108930379224,0.5422770133316379,10.641809659302586,bajo
7.18343371162192,0.6688503460322415,0.0,2.770130362749783,0.07534337116219192,6.44377525585387,14.0,0.9955677006920645,3.463965845576805,0.5688755051170774,10.844377525585386,bajo
7.28022259940971,0.7143016142435508,0.059128547180804375,3.3168725578596385,0.07520333899114565,14.313967715128985,27.97095157269348,0.996118121324635,3.39627935430258,0.4994190314538696,10.58547578634674,bajo
6.727117780283367,0.8298295583117037,0.0454235560566734,2.0485881464777553,0.06874586636599596,3.7570592676112233,11.485881464777552,0.9958349707436639,3.55186466591499,0.6351411853522245,11.045764439433267,bajo
9.005297276077433,0.7702086498157411,0.04047351361961283,1.7941405840412608,0.07818940544784513,3.952648638038717,14.0,0.9980037881089568,3.2952086498157414,0.5390529727607744,9.72367568098064,bajo
11.203620207833952,0.5772345595895392,0.6019257513803233,2.144691191790784,0.07381563730596928,10.645269429107518,46.5390932649232,1.00032065699552,3.261061761641843,0.5617036787686176,9.0,bajo
9.458429099435664,0.7222642227595939,0.16407161134311465,1.737857345936794,0.11163719240857775,4.275714691873588,14.551429383747177,0.998386000568623,3.2541570900564336,0.5648143222686229,9.341570900564335,bajo
14.087397094857137,0.24733375521038986,0.5644458507012995,2.3659278009350664,0.08329639004675331,9.585180497662336,25.65927800935066,0.9997803673234805,3.1239265353038963,0.8109626348363634,9.863711203740264,premium
10.4647920222822,0.30179778784207884,0.47,2.3539336352623645,0.07652438077014811,14.820221215792118,32.726592928069294,0.9988871942693134,3.3025845148945514,0.7644570806490082,10.527340707193071,premium
8.911275099330187,0.393798695368398,0.49985241060283314,2.56899347684199,0.0526201304631602,13.0,27.0,0.9950090200794641,3.3166174702009443,0.8966174702009444,13.304161655693424,premium
10.707694891139655,0.30323611881275264,0.469708356438258,2.6729444752510108,0.09115916990135611,16.0,47.0,0.9982401615208385,3.157877734648585,0.9875333703012128,10.694694336621463,premium
10.4,0.256838909178293,0.4918068284478868,1.9870989908699226,0.0766838909178293,5.812901009130077,21.187098990869924,0.9980116177799139,3.2518709899086993,0.9676122825564217,10.87483959634797,premium
7.0000846980141604,0.5600254094042483,0.16995200445864223,1.6998588366430654,0.065,15.0,23.99915301985839,0.9951398475435745,3.4399858836643067,0.6799407113900875,10.549844720307373,premium
8.198318418536951,0.30986547348295623,0.40094168561930654,2.2043721118039232,0.05900894887782826,5.996636837073906,10.0,0.9953661882197841,3.3097982102244345,0.6813452651704379,11.195627888196077,premium
7.0,0.5110863411205255,0.2089136588794745,2.822395612156322,0.0732194975232578,11.22172682241051,28.44456829439737,0.9955152533616705,3.4133036093446307,0.5622061217283416,10.68902512383711,premium
8.969303775445846,0.3638607550891694,0.42310125848194896,3.345886156698562,0.09729430783492808,12.0,24.23101258481949,0.9954230063504024,3.2554113843301438,0.720791132633754,12.300316360265336,premium
5.643030788517317,0.43325622482821724,0.2766281124141087,2.0662811241410863,0.09150289156894185,22.889531459764857,55.220937080470286,0.9949414315917926,3.7573539492517956,0.64386639890823,12.255812583905943,premium
8.755599435848401,0.28150352609322593,0.37104936530516236,1.8353173483903298,0.06069929478135482,5.849647390677411,14.699294781354823,0.9955948321580014,3.2624118476693527,0.74,11.604541607880636,premium
10.630038606687924,0.39279170880824826,0.44279170880824825,2.538693354215561,0.08351591138954081,9.494696203486395,33.25795569477041,0.9970607087968908,3.262261329156888,0.7922613291568879,12.07526518982568,premium
7.605489721779084,0.38,0.2964836759406972,2.0450544135310094,0.06050544135310088,14.098911729379813,29.450544135310093,0.995657131801445,3.23,0.7464836759406972,10.579129383503851,premium
7.8,0.3535814479393887,0.38575304563637214,2.609588409393954,0.09999605813030366,8.129159415151495,17.129159415151495,0.9972528371041212,3.333874782454545,0.7528765228181861,10.806260877272758,premium
10.427569383644768,0.24275693836447665,0.46551387672895334,1.8137846918223834,0.07403507157243316,6.045948972741278,20.908102054517446,0.9976183795890966,3.2527569383644765,1.0135671438162213,10.786215308177617,premium
10.787650731098239,0.3415060292439296,0.5448268194543328,2.757530146219648,0.08815060292439296,13.212349268901761,31.81852390335264,0.9996303087317225,3.2891114342011583,0.7330496878566496,10.618147609664737,premium
6.9429642082551934,0.5188442950093768,0.1720099927704848,2.331407158348961,0.06445728561100693,13.0,29.228642805503462,0.9946170591395748,3.376557866954342,0.6451507086053809,11.242714388993074,premium
7.6075510266087845,0.3852068015223015,0.24837823269799125,2.1343401368811716,0.052596190418318006,35.65659863118829,53.0,0.9945863428623514,3.2962639452475315,0.9279251711014642,12.137360547524686,premium
6.970876944274737,0.44873691671757876,0.24508180087784232,2.1527487038168416,0.059054974076336766,14.236256480915792,29.0,0.9944335961803434,3.302555634313,0.7065379536641054,11.452748703816841,premium
8.856734912786864,0.39432650872131364,0.4028367456393432,2.1851023691802958,0.09046430486885058,6.0,10.71632543606568,0.9957248168081312,3.208795797967225,0.6193978989836124,11.828367456393432,premium
7.204403665959332,0.5591192668081335,0.14611824620591468,2.1432212039001857,0.0798203874184104,13.0,27.88644240780037,0.996297936804749,3.476848114964141,0.6165932722340112,10.32491335141959,premium
9.583808454543762,0.22926402066108006,0.503431463911856,2.2919042272718806,0.0782253896969584,47.95584123966481,85.3725855647424,0.9968689969498598,3.320147195867784,0.76,11.43873051515208,premium
7.631723069186586,0.37479692299096207,0.3008123080361518,2.047969229909621,0.06391876919638483,14.040615401807587,28.959384598192415,0.995707353828102,3.23,0.73,10.53249232144607,premium
5.3,0.47,0.11,2.2,0.048,16.0,89.0,0.99182,3.54,0.88,13.592410613057861,premium
8.995967299777602,0.3472179851223193,0.4236294302001588,2.3360899256115966,0.05727820148776807,13.0,27.0,0.9950767738398221,3.2912098100667193,0.8712098100667196,12.584277951890389,premium
7.385218150031855,0.3570436300063708,0.3385218150031854,1.903472949777022,0.07337399650350394,18.44345549904438,37.85218150031854,0.9935808551493948,3.3755654450095562,0.8637399650350395,13.37827225047781,premium
7.4420553034655965,0.38688558967353087,0.3362288206529383,1.889618632245103,0.07433898115921646,21.89618632245103,55.0,0.9948424576413059,3.4488558967353087,0.7393432309794074,11.58252110959317,premium
8.097500754456618,0.3014686839850459,0.3324375188614154,1.8317186085393842,0.05543906202846457,13.878124056929227,27.878124056929227,0.9942824683822025,3.179515582561815,0.6646405448389843,11.3,premium
7.374007838404993,0.5487665360265835,0.05070431112274615,1.8863424781391585,0.09090311124519186,8.876653602658346,15.24669279468331,0.9947958635514168,3.3314980403987517,0.5972684956278317,11.259027434417476,premium
7.74034828662124,0.41928866049858693,0.44597993759680976,4.508707165530993,0.2599536635103875,5.0,10.403482866212396,0.9976841794394549,3.2984179439454877,0.9226416821771651,9.98069657324248,premium
7.892787817239488,0.5551560406028334,0.18278258883660892,1.786598477154936,0.06446393908619744,3.0,15.597954314648078,0.9961731969543098,3.3945371065943784,0.9441227411211154,10.43299238577468,premium
7.1057565352626675,0.5888486929474664,0.00028782676313338974,2.0913651971059983,0.09105756535262667,9.0,14.02878267631334,0.9948874834958414,3.417985212658066,0.5508634802894002,11.485608661843331,premium
10.889898041453495,0.41,0.5081678432375705,2.6508548983339906,0.09083733334645153,22.734588232979142,41.24486274432638,0.9968480313741309,3.073869803751804,0.7624486274432638,10.561129409681229,premium
8.962030955135347,0.3420309551353465,0.4251876179458614,2.1342166859474254,0.08933114384872473,6.379690448646535,10.75938089729307,0.9950907738783836,3.175562853837584,0.5686092865406039,12.051876179458615,premium
7.118368092760311,0.5008159536198448,0.20846963014710096,1.7295920231900777,0.067663282087107,15.591840463801553,24.0,0.9948588757796943,3.3808159536198445,0.6859184046380156,10.80153219711566,premium
12.757407167698219,0.3021296416150891,0.7357407167698218,2.514814335396436,0.09010182428529505,8.361107515473268,28.21296416150891,0.9992509250869437,3.131851468317149,0.7806482080754455,10.58703583849109,premium
12.627274295117354,0.3086362852441323,0.7227274295117354,2.254548590234708,0.0751365439384957,6.4091144267603095,28.86362852441323,0.9987954600329108,2.9236388721877664,0.8131814262206615,9.936371475586771,premium
5.592727667166058,0.8437457937628108,0.04927276671660591,1.4058178662671528,0.04498545533433212,12.087267994007291,88.0,0.9923879279274956,3.561745359880146,0.8186909800898906,12.910181265967518,premium
10.39482373235802,0.3101175117613194,0.42,1.8701175117613194,0.07489647464716041,6.3505875588065965,21.298824882386807,0.9969198601359153,3.1854588708835383,0.9588472347102848,10.905176267641979,premium
5.217983537370927,0.44949588434273163,0.06489094555400964,2.0359670747418535,0.046359670747418535,16.820164626290733,88.58991768685463,0.9917174794217136,3.5974115238403517,0.8184876530281949,13.580336077104864,premium
7.374570831569812,0.4840941078230723,0.17258737984388223,2.3353464270598394,0.09609917258629652,8.607755954900268,15.176732135299197,0.9958370754700433,3.384698035941024,0.6402161303729385,11.303877977450133,premium
9.368797648154915,0.3787535109166779,0.5406272570178644,3.968757523392881,0.09112505015595254,11.0,24.0,0.9963694369426014,3.2812505015595255,0.8368837772916948,12.043747492202373,premium
8.646653911189999,0.25245936971581273,0.3471247608348124,1.7287523916518754,0.05567088913854376,13.191682611012503,27.09584130550625,0.9940128393921848,3.1486257174955625,0.6034177827708752,11.3,premium
7.70447664010699,0.6670901839304564,0.1314417494474561,2.5,0.0727412773351165,9.3034890659534,15.0447664010699,0.9943247859349195,3.402040805222777,0.7134825546702329,12.18755765383262,premium
7.370984233739716,0.4309430481436548,0.19475642631433565,2.1027978978319624,0.05480414715176265,35.972021021680376,53.0,0.9943876267563413,3.3088808408672152,0.8884973722899527,12.011191591327849,premium
10.132210121659943,0.4667306025482286,0.5880767230578743,2.4865387949035425,0.10743269397451771,6.216346987258857,15.216346987258857,0.9970490374947797,3.1375963371969484,0.6881251083436515,11.8,premium
7.355159895249778,0.3282765774142984,0.3517234225857016,2.037925669392762,0.06105185826518095,4.0,8.79308556464254,0.9931013725145642,3.3481037165303618,0.6094814173481905,12.8,premium
8.011043350113937,0.29488346800911497,0.5058157239361954,2.6912872897037645,0.17137398993163788,5.622086700227873,10.0,0.9960553604715807,3.2873252020136725,0.8311653199088507,10.708712710296235,premium
8.04580023886426,0.30752725825065097,0.4884291285483075,1.772472741749349,0.08676982093237631,32.79781933994792,103.41290887375976,0.9963219275767363,3.333032709900781,0.7321072821370769,10.733981695130533,premium
9.56466443656035,0.3335335563439651,0.5194952062365764,2.2201917505369435,0.07288945372046812,13.0,25.100958752684715,0.9950854568561293,3.3579808249463055,0.7670671126879302,12.450479376342358,premium
5.270585303814192,0.48691345030683936,0.09382191709780582,2.1264632595354813,0.04741170607628385,15.705853038141925,88.55877955721289,0.9919406002543618,3.542941469618581,0.8888244088557423,13.46861767938067,premium
9.636706187419252,0.38367061874192526,0.3166071137354655,2.5073412374838506,0.09570635050064598,15.779762875484483,49.22023712451552,0.9982102777324774,3.192202371245155,0.6955952575096896,10.0,premium
11.950788370692047,0.3538174439619307,0.5736597698235215,2.490539551695446,0.09122407025778384,10.0,21.984232586159077,0.9987810791033909,3.0636597698235213,0.7535020956851123,10.146058146539769,premium
10.760426936165,0.339010673404125,0.6592846885634063,3.760984539891771,0.06522526683510313,8.032977553195833,38.77473316489687,0.9988479512263232,3.2974733164896874,0.6516488776597916,12.845053367020626,premium
7.108172848752348,0.4756012239348001,0.22817284875234772,2.0918271512476525,0.07164185088100349,14.081728487523478,28.0,0.9955723579368527,3.3631493693090957,0.6794950668137912,10.794950668137913,premium
12.009983712357261,0.3878035832814025,0.6576039090342573,2.986022802699834,0.09278035832814024,12.0,29.980032575285477,0.9996019967424715,3.1786022802699834,0.6445762200416018,10.780032575285478,premium
7.986712569187166,0.4372883908622104,0.22167814229679134,1.9029527624028522,0.07917716574417114,8.01476381201426,13.01476381201426,0.9942198917540496,3.3362549240212123,0.55,11.894094475194295,premium
12.919129991891275,0.3576746457367482,0.5876746457367482,2.8041235507412425,0.09782244525022472,10.0,23.328751610287508,1.0000164375805145,3.123699871176999,0.846712483897125,10.00549806765499,premium
6.599797437049823,0.4130141794065124,0.22429754721213535,1.8,0.061596758992797165,30.56619401978292,92.86558633093239,0.993036254788668,3.426680170863345,0.7943380598021708,12.71690299010854,premium
8.708247551922929,0.35641601806560125,0.4368101933144735,2.3960582475112773,0.07168101933144735,9.480291237556386,19.759854381221807,0.9947498970623075,3.3439781571832707,0.736379613371053,12.435839819343988,premium
6.404830985893393,0.3869654668756535,0.42772410015674006,2.1213813249738624,0.07395866979623789,13.848273343782672,24.0,0.9943717946270115,3.433310067816094,0.8571032342215271,11.26069066248693,premium
5.754655666292779,0.6213360834268052,0.04124151101140775,2.1484481112357403,0.08442240556178701,3.128879721910649,10.613360834268052,0.9936536978725276,3.664892097331273,0.6196896222471481,12.8,premium
8.548781664416891,0.40591495771464503,0.39128045838957776,1.851218335583109,0.06671954161042226,6.0,11.743908322084454,0.9951856091677916,3.3448781664416893,0.6887195416104223,11.635977080521114,premium
6.95695569038033,0.38012788885905713,0.2798721111409429,1.7759513467561472,0.06494947003131965,3.0,12.696194612975411,0.9956627760204027,3.302913292885901,1.0286057340492216,10.425327541834424,premium
9.380475324444232,0.32527098899143514,0.40164815179482305,2.304120379487058,0.08413660538802817,11.13882717264941,30.72234565470118,0.996268003096752,3.3175055544615533,0.8447290110085649,11.958351848205178,premium
10.25416303591325,0.47380993875277155,0.4090075561432928,2.543650102078714,0.08612699795842571,35.0,67.0,0.9982773757655903,3.2943650102078714,0.7982337984873893,11.440874744803216,premium
7.190940042199572,0.616372612237876,0.0036376016879828966,2.172752033759658,0.0873623983120171,9.181880084399145,14.0,0.9949709400421995,3.436369207595923,0.5791008135038632,11.53637601687983,premium
5.230866543335227,0.5097517375822442,0.07197659883437504,2.0271663583380684,0.04661733086670455,15.308665433352274,87.96299815002841,0.9921034471723256,3.546913345666477,0.9007400369994317,13.336221811117445,premium
12.08256927207519,0.3952868395730271,0.7496788409906012,4.365138544150382,0.06775459703159781,7.0,38.41284636037595,1.0005857808621692,3.204518261485902,0.6134175067122184,12.690365229718036,premium
5.3473961640262875,0.6429959986959484,0.09578115079211383,1.7260383597371276,0.047052076719474256,14.578115079211383,90.89584656105148,0.9920948977513525,3.5542188492078863,0.8657811507921138,13.298088403851056,premium
9.332174939922664,0.37991980353310756,0.45983960706621513,3.766221130739486,0.10401603929337849,11.667557738521028,24.0,0.9961415868324988,3.2499465356887383,0.7964082558289021,12.0,premium
8.441247819682282,0.2806783845441956,0.33483040386395113,2.5,0.07696335703763749,16.0,47.34463974240326,0.9963294429089157,3.3638128270476577,0.7662144103038696,11.075984167437882,premium
12.119277452978324,0.31,0.6488530630407918,2.084626588714798,0.072576867056426,6.576867056426012,28.807710981191327,0.9983192677427589,2.9492240467711213,0.8219228901880866,10.069204626332139,premium
7.304086861626648,0.6381481012827211,0.01226058487994366,1.2245211697598872,0.06536781754639831,15.081737232532959,21.122605848799438,0.9945832438673308,3.383869707560028,0.4793997817412901,10.05721606277307,premium
8.516893506307216,0.18675740252288658,0.4846597405391753,1.7753402594608247,0.06981745455849485,46.35148050457732,86.1417143062062,0.9953751480504578,3.353650908830103,0.778582856937938,11.66485194954227,premium
10.79707477948495,0.27392951695159795,0.48656915931616496,1.9114361356127836,0.0673783255925845,6.0,10.0,0.996398829911794,3.2306449372935155,0.7088563864387216,10.478590339031959,premium
9.871722016981169,0.5175174837735808,0.36894230654088433,2.470804193710699,0.08758391612578602,35.0,67.0,0.9977310314528303,3.28708041937107,0.7636319920125819,11.622989515723255,premium
5.790291148531045,0.44128860810169335,0.28064430405084667,2.106443040508467,0.09120167719618649,22.822594932485888,55.354810135028224,0.995081663616442,3.743631961159607,0.6462091773629939,12.229037972994357,premium
9.401589677751502,0.2584445109770421,0.3653335329311262,2.0965086968804805,0.072206358711006,43.79364128899399,67.0,0.9979927960364625,3.425523695467928,0.8672381522660361,10.27238152266036,premium
8.253922123196727,0.2938233630409818,0.44313769855738194,2.1460778768032727,0.07687274311885456,6.0,11.078442463934548,0.9946697968230819,3.2830389384016363,0.6476467260819636,11.84706547836073,premium
8.941266743681158,0.37730329097536286,0.47285993068695736,2.486516454876814,0.054269670902463714,13.0,27.0,0.995033013394945,3.3076199768956522,0.8876199768956524,13.049232678710153,premium
7.2,0.3763573013895192,0.3136426986104808,2.0,0.05818561916628839,15.0,28.635730138951924,0.9947127146027791,3.23,0.7490719041685577,11.3,premium
9.256492814624227,0.37047841791967995,0.5353075543769371,3.951025181256457,0.09100683454170971,11.0,24.0,0.9962234406590115,3.280068345417097,0.8161960447991999,12.049658272914515,premium
10.695368274193015,0.31523158629034925,0.49238420685482537,2.00711844858881,0.05788249825604205,5.3096051713706345,9.309605171370634,0.9952673234804428,3.2,0.699288155141119,11.511750174395793,premium
8.082555493666307,0.5813513292349582,0.1670761851713978,1.8235872839046594,0.06578624279682198,3.078624279682198,16.039312139841098,0.9962247666480999,3.410171965039725,0.9093857222429034,10.50393121398411,premium
6.4206485612000535,0.44215329628364897,0.34374647153088833,1.839528319127234,0.06979646239345424,14.200589601090957,23.398231196727128,0.9943441886723492,3.4379646239345427,0.7897641595636171,10.95929247869085,premium
7.6046406231854515,0.5197708013596369,0.2560441402167268,2.4255800778981813,0.06841850584236361,30.116298831527278,48.0,0.9952502320311593,3.3944199221018185,0.7609281246370905,12.362790038949091,premium
5.335212030990375,0.41509445808306766,0.25226385479233077,1.9836481936102257,0.06,19.163518063897744,50.40879515974436,0.9919657168538338,3.6758501227476095,0.7465407225559098,13.754722904153384,premium
7.3517056510718675,0.46609364865174546,0.11551169532156019,5.095451597141687,0.0857130442267762,10.252842751786446,18.126421375893223,0.9966705953563031,3.3447157248213557,0.696434778866119,11.2,premium
9.78199347877683,0.32870403594150055,0.48503424389895544,1.5345169190959176,0.060193762771813805,9.079127599468187,23.920872400531813,0.997191339178378,3.214461068037227,0.8223738279840456,10.30791275994682,premium
9.740479307666186,0.326718575584035,0.4816048123724241,1.5038325317532684,0.05923713187230768,9.061077959854863,23.938922040145137,0.9971362877775574,3.2157245428101597,0.8218323387956459,10.306107795985486,premium
8.387628707406085,0.30723122351852794,0.4804565412961924,2.2938143537030427,0.1783446398519803,5.276877648147204,16.276877648147202,0.9943607949677751,3.15,0.8404565412961924,12.278497881482236,premium
10.5,0.2561240255958612,0.460310063989653,1.880620127979306,0.07780620127979306,6.0,23.612402559586123,0.9976,3.1858139616062084,1.0419379872020693,10.880620127979306,premium
5.574825969038366,0.7593734885381169,0.044965193807673165,1.5006961238465366,0.04474825969038366,16.027844953861468,87.74825969038366,0.9919972155046138,3.5448955814230194,0.82,13.176914340577977,premium
11.301793247737782,0.3152383184514898,0.4623218470965434,3.141670572901072,0.08894053757415969,52.3393108257926,77.6012267483671,0.9997368522414155,3.3258329427098925,0.7784521019356377,10.60773949032181,premium
7.116260270665316,0.5030284255670381,0.0679065067666329,5.604674661668355,0.0829288696232354,10.20934932333671,18.0,0.9967060164330644,3.3783739729334683,0.6611585608996962,11.116260270665315,premium
8.766849785024487,0.37891330466993167,0.4377991415861902,2.2740944205582765,0.06467124462561219,33.14763948604309,52.62952789720862,0.9957779914158619,3.2403622317766896,0.9173819743021545,12.103622317766895,premium
9.819646566640404,0.4426784477786532,0.46928620888538725,3.085597134060651,0.07520593671862941,9.422614925955106,36.54643104442694,0.9986557172533123,3.2975236776305636,0.6096904597038204,11.304169551831425,premium
7.529047137081823,0.45834102082560824,0.2078415268896947,2.5,0.06934443319857586,19.473019086121184,37.381745228469704,0.9956199197513167,3.346182547715303,0.7585476431459088,11.947301908612118,premium
7.241760452301159,0.3032022275612795,0.33262172720860456,2.1155431802151137,0.05627153187268613,4.0,8.0,0.9942514986289895,3.385243454417209,0.6067977724387205,11.66404455122559,premium
7.832562489039667,0.4334875021920668,0.226382984710624,1.9687326419334261,0.07004902794827186,13.0,27.53746528386685,0.9953696576550859,3.344236807869404,0.6061239585160055,10.708788187746462,premium
8.705058123732487,0.2951517437119746,0.4202023249492995,2.324241281440127,0.052,4.252529061866244,9.747470938133757,0.9938175796431036,3.2971712219573885,0.6974747093813375,12.62322965669363,premium
6.858693124624956,0.35596484768203424,0.32256782420234187,1.8073366405781197,0.06604623672484446,4.0,8.073366405781195,0.992838884195064,3.3566985117398462,0.5558693124624957,12.788995039132821,premium
9.861209943982495,0.37970756667871747,0.49582856107696704,5.341714389230329,0.07951462166606413,24.495126111311958,42.25243694434402,0.9961330419163352,3.189512611131196,0.7472806750090382,12.297075666787174,premium
8.898689420238375,0.42172813251694324,0.3238738177892031,1.7866504141154476,0.0630196586964244,18.426699171769105,37.28665041411545,0.9953583785466323,3.2258640662584717,0.8470024378826828,11.271990248469269,premium
7.703007179101443,0.3746710427237921,0.47362311110066413,2.0266447863810395,0.0738952068376872,23.895206837687198,43.790413675374396,0.995618749811752,3.3496992820898557,0.8321851624068238,10.947603418843599,premium
9.002335488423133,0.2121019395808199,0.42953290231537333,1.9023354884231332,0.07141825790519034,10.0,22.535032326347,0.9953716135417864,3.338365158103807,0.8060509697904099,11.797664511576867,premium
10.491747530844911,0.39889843779959,0.4198170227897974,2.5128453941061264,0.094,13.192680911591893,46.06422697053063,0.9986187154605894,3.176146381768162,0.8234876638114326,10.178902136738783,premium
7.721434402267955,0.3196536441957172,0.26892011671146493,2.053586005669888,0.06371475218143642,17.892827988660223,34.4286880453591,0.9953178892124738,3.2864303206803864,0.8828524781856358,11.342868804535911,premium
8.7843072070116,0.5370951556306054,0.2565943283882091,6.089482473364691,0.095313855859768,5.447412366823455,12.342237100470363,0.9977825709337836,3.2984140213082473,0.600517526635309,10.860601023599873,premium
6.729316114116414,0.4667382733544977,0.16989258996825346,2.2336913667724883,0.07448886473989427,19.467382733544977,49.53261726645502,0.9944575581279154,3.542394561252909,0.7960859280253972,12.410898705947078,premium
7.663705755452095,0.4918070791276649,0.10456349641754456,2.0424705036347297,0.09687952805815567,8.515058992730541,15.24247050363473,0.9953824705036347,3.340301179854611,0.6309188057632932,11.193976402907785,premium
5.392302707620248,0.5155781069401911,0.02192270307151857,1.773075676905062,0.044,24.230594766708666,86.73075676905061,0.9912954075449468,3.516154593856963,0.8523091877139257,13.703832445955682,premium
9.93994968233966,0.3911357918447689,0.5098172669516302,1.7263704978627736,0.08707703257480293,22.754568326209245,42.13185248931387,0.9965916588321597,3.1633679819797567,0.793955574679416,10.315012579415086,premium
8.728099676888815,0.4765878963777865,0.30100355988888633,2.775914562666728,0.06618064077999954,9.979928802222274,28.0,0.9964064227832888,3.3281935922000048,0.6732113916444362,11.2,premium
7.071168333766729,0.5154287082141495,0.06677920834416821,5.661039582791589,0.07965970419808782,10.322079165583178,18.0,0.9966338693340268,3.382883166623327,0.6510128750975139,11.071168333766728,premium
8.026868804197926,0.2957710398600691,0.6546262391604147,6.92558795452246,0.058880816293854873,36.97137998250864,249.6706706986427,0.9939508155461672,3.071319922028998,0.5607475216791707,11.919393587406221,premium
7.6807412621871185,0.5046756089990796,0.13789904678404927,1.8362513239110427,0.060690010591288306,35.03501588693251,51.03501588693251,0.9947290420035773,3.3205252383039876,0.7796498411306749,11.272502647822085,premium
9.1479048527277,0.28712626086396786,0.3388023786818075,2.0479048527277004,0.07315571837274651,43.80237868180749,67.0,0.9976313165554085,3.42083805890892,0.8444309228634973,10.3916194109108,premium
9.871581842219683,0.2943789087704042,0.4724843649183832,2.5014745526659055,0.05921894543852021,4.78105456147979,13.0,0.9974248436491838,3.0697050894668187,0.7794101789336378,10.445263640369948,premium
8.121418115306742,0.4275378111470283,0.3158855096728361,1.825126037156761,0.08260367542609492,21.438445278675708,36.59359245355405,0.9950653455847537,3.297858188469326,0.8168466416397288,11.18128150928919,premium
7.735820463828897,0.45317253755503684,0.30522297404068566,2.6358204638288982,0.09341037653176815,8.64179536171102,16.03730695743347,0.9966974584991403,3.387761582553992,0.7575371623401143,11.224628376598858,premium
8.46866300911413,0.3,0.47313369908858705,3.4205082294932088,0.08536176724936144,10.789171238607338,24.0,0.9950327071903481,3.27,0.6842740398924589,12.015668495442934,premium
9.045793937108455,0.5785515157228864,0.2894703476358795,2.000623120428377,0.1091059304728241,6.501557801070943,22.003115602141886,0.9969981306387149,3.300155780107094,0.8344236136037513,10.499065319357435,premium
11.556623193355215,0.2704304345704909,0.5104387683103834,1.8521521728524541,0.07378144921879755,6.0,10.0,0.9967339405810536,3.1939155798338805,0.7078311596677607,10.34776448974862,premium
12.429685233454839,0.34166041123633073,0.7029685233454839,2.785157383272581,0.0940742130836371,10.388680374544357,28.925786916362906,0.9994925786916363,3.1907421308363713,0.7051949158545967,10.8,premium
12.330527105583297,0.3528157006218791,0.6930527105583297,2.8347364472083516,0.09382631776395824,10.760523354062638,29.17368223604176,0.9995173682236042,3.1882631776395827,0.6878422434770769,10.8,premium
10.75638473614194,0.3494527369021196,0.4752736315489402,2.0236318422552992,0.09559950264808288,6.0,10.0,0.9966807296841305,3.140364842065254,0.6678192368070969,11.392703158694928,premium
8.220153137836391,0.3470502136131096,0.3874825500852648,1.670502136131096,0.06723012816786578,18.431659546229678,37.56834045377032,0.9940251880376658,3.293668090754064,0.8843165954622968,12.5208511344258,premium
7.2806766661502405,0.38851777274839927,0.3251032121118226,3.421387576086211,0.06329644545032015,9.255160605591128,29.25516060559113,0.9944138848025632,3.286379015139778,0.5372047120343586,11.389306211956896,premium
8.839174221017577,0.3397286268118214,0.5155398315218852,3.885132771739617,0.09056755181159745,11.0,24.0,0.9956809264873229,3.2756755181159747,0.7393215670295535,12.071622409420128,premium
10.90831521495809,0.3364301244321638,0.4817849377839181,1.9910753110804096,0.09201828421884503,6.0,10.0,0.9966980931674237,3.149046583711891,0.6754157607479044,11.219068325762183,premium
11.701940689736277,0.48904613794033774,0.5372757241469958,3.765360689805456,0.08429183448266321,8.291834482663202,36.832662069347194,0.9990737605519551,3.1798059310263724,0.755836689653264,11.356426206796362,premium
8.45662264373513,0.31,0.4214610847665544,2.4995448132682383,0.15492672140042643,6.141556609337824,16.0,0.9950411924599525,3.241324528747026,0.7985844339066218,12.100455186731763,premium
7.671219345179569,0.5872198587523938,0.16956062487709542,2.5712193451795695,0.08275119195462892,9.287806548204308,15.06829017769354,0.9960708276482418,3.4459025893383877,0.7349267708128492,11.450732291871507,premium
8.989212199034384,0.378651524879298,0.40986515248792976,2.4,0.10231227768844195,5.97303049758596,10.0,0.9960065578170066,3.132696950241404,0.5816181701448424,11.912136276086319,premium
7.457690072257245,0.3163464891614133,0.3181732445807066,2.3028874096784437,0.06321154963871377,19.81732445807066,35.81732445807066,0.9952,3.322404237354982,0.8212492734836047,11.78461985548551,premium
9.081386604132001,0.3503285545951191,0.3457663924958403,2.342336075041597,0.07591605170743207,10.762773208264006,30.288319624792017,0.996209306697934,3.33,0.814926909570161,11.810218566611205,premium
11.541978873208183,0.38526737089306057,0.6989305164277577,3.9659003129730714,0.06793386697978768,7.508912363102018,37.69465258213879,1.0000335830985665,3.236285195619265,0.6020356494524081,12.643761345828587,premium
11.35542537730507,0.5116569032978802,0.6278995807712903,4.039790804920047,0.1133570430407834,6.0,14.0,0.9976807698714363,3.074457462269493,0.701785215203917,11.5458577417553,premium
8.447574637030705,0.3122978864192254,0.46786380444539427,3.7508084543230984,0.09491915456769016,11.245957728384509,24.0,0.995105438441476,3.26016169086462,0.6547574637030705,12.075404227161549,premium
8.803591176044266,0.3419659313370222,0.41446132359336,3.632136274651911,0.10678637253480888,11.839318626740445,24.0,0.9954080524996376,3.236427254930382,0.6903591176044266,12.016068137325956,premium
8.203730964938526,0.8058582909299862,0.21514918226616592,2.3119402144307837,0.13199254558097295,6.626865951897388,22.813432975948693,0.9970343278817744,3.3332089678353825,0.6667910321646175,10.386567024051304,premium
7.2,0.3728509516869385,0.3171490483130615,2.0,0.06028942898783689,15.0,28.285095168693847,0.9947057019033739,3.23,0.7385528550608154,11.3,premium
7.394735112001083,0.5414553933174686,0.06934943811790194,2.2213615167063283,0.09412072471530558,8.65325280941049,14.34674719058951,0.9950984507300714,3.400928904517577,0.5916096628707412,11.552012078588426,premium
12.448382712313213,0.29135580329109323,0.552388149044829,2.372264202761502,0.08313558032910924,12.0,29.103234575373573,0.9996896765424627,3.11722642027615,1.2846387599772906,9.903234575373576,premium
8.572210371095478,0.2816046749132329,0.36684908658894483,1.7882571202278064,0.06252444116757121,6.0,15.160467491323285,0.9953330711449675,3.2879649381507536,0.7544420742190956,11.791976625433836,premium
9.691669362269433,0.41490227791405093,0.5258827334968611,2.590195444171898,0.10795097722085949,6.475488610429745,15.475488610429746,0.9967484332119015,3.194607494294544,0.7218135193558669,11.8,premium
8.771682538408271,0.3,0.4428317461591729,2.7387142885813907,0.07702873019377256,10.410396826989661,24.0,0.9951274007932526,3.27,0.763816666332171,11.864158730795864,premium
10.075330063672048,0.3129956351255369,0.3491189308454303,1.6211456597096725,0.07484140755217746,9.017621383091393,28.0,0.9967143611574109,3.2415859244782257,0.827180578705377,11.2,premium
9.988796109783195,0.4209533866314311,0.49,2.9576894749865206,0.07756019451084024,10.775922195663895,18.775922195663895,0.9961364232028346,3.225518443913278,0.6176757207615142,11.700835011951247,premium
9.223645481622238,0.4504288801908517,0.4983859921717665,2.439785559904574,0.08544074361813091,29.60214440095426,50.40857760381704,0.9963759028097368,3.241721227875946,0.807742671885489,11.918284479236593,premium
10.009158870017389,0.4072523389947832,0.45,6.206105913344927,0.07106105913344926,5.969470433275369,13.969470433275369,0.9970377071487003,3.2106105913344924,0.5000747570191283,11.824423653379705,premium
8.115188598569631,0.6150318527324349,0.0637971496424079,3.3607543942785263,0.07678956413304583,17.13449287410602,38.13449287410602,0.9966079886817028,3.333275356294699,0.7494145011874214,11.592405700715183,premium
8.071950449664495,0.3026828828379712,0.3890243242569568,2.218292792905072,0.05653657656759416,5.63414414189856,9.63414414189856,0.9953124387384469,3.326463513614565,0.6726828828379713,11.163414414189855,premium
8.125790282704493,0.30031611308179756,0.3677370848113482,2.277370848113482,0.054705473503168435,33.45258303773036,51.7104858647753,0.9950722127915725,3.282895141352247,0.9764726324841578,12.4,premium
5.565822482521987,0.847436686189149,0.05512662762170198,1.3658224825219867,0.04517088758739007,12.170887587390066,88.85443793695033,0.9924,3.561708875873901,0.825126627621702,12.917088758739007,premium
6.798814068045341,0.4970422117856419,0.1996442204136024,2.2674572879697723,0.06333728643984886,13.662713560151138,28.66864321992443,0.9942118904494552,3.3570422117856418,0.6564492458083125,11.567457287969772,premium
8.729375989127586,0.31070624010872416,0.4028249604348966,2.7929375989127583,0.10864687994563793,7.0706240108724145,16.070624010872415,0.9962233363328294,3.3114124802174483,0.7892937598912759,11.743500791302068,premium
8.242150503273534,0.3467028867904179,0.38875608176846776,1.667028867904179,0.06702173207425073,18.44323710698607,37.55676289301393,0.9940446383397366,3.291352578602786,0.8844323710698607,12.491907232534825,premium
12.68567746210602,0.305716126894699,0.7285677462106019,2.3713549242120404,0.0818529081421923,7.2851619315903005,28.5716126894699,0.9989998711173711,3.0170839393696323,0.7985806344734949,10.2283873105301,premium
9.388008362535887,0.4732064809653119,0.33279979093660284,2.2880083625358862,0.08396037631411488,37.79979093660284,67.0,0.9973371897558935,3.3247966549856454,0.7663972821758369,11.352033450143546,premium
9.777630919618229,0.3955922700954426,0.3816275972852586,1.8922028267232254,0.09067448054294829,6.230507066808063,21.461014133616125,0.9973233915198303,3.2730507066808063,0.9347123852810166,10.661695759915162,premium
6.930930623990267,0.3431660626298229,0.32374087497115045,1.8935218742787616,0.0638202562745221,4.0,8.0,0.9932302006216823,3.367481749942301,0.5668339373701772,12.463321252596458,premium
8.094207541842547,0.29352641527191514,0.6411584916314909,6.196084963372416,0.06359452792897824,36.69080190898939,228.79566202881068,0.9943705603441519,3.1038669785572304,0.5876830167370185,11.717377374472361,premium
9.63421441049045,0.3464039835043883,0.5725885177119258,4.571720560433661,0.06974563561383583,44.381546579246255,76.42543643861642,0.9977407081416955,3.297630931584925,0.8585087287723283,11.574563561383583,premium
10.565981795237356,0.43817350911573083,0.4416742833105801,2.6030441514737817,0.08493911697052436,35.0,67.0,0.9987228311360533,3.300304415147378,0.8264459719500464,11.292389621315547,premium
12.65147017048675,0.3766698588686823,0.6066698588686824,2.8818312408264277,0.10075806909788727,10.0,23.24240973241508,1.0000121204866208,3.1306072214067933,0.8475759026758491,10.109108321101903,premium
10.881810032995514,0.4073679492786876,0.45736794927868757,2.5983234288673582,0.08431097905156479,9.229673649478407,33.655489525782386,0.9972210474420656,3.2503353142265285,0.7803353142265284,12.088516317526079,premium
12.852209809012653,0.5231856887529673,0.5829201876919266,3.058848955436286,0.09084069936337552,7.831860127324898,37.50441961802531,0.9996339789521409,3.127079812308074,0.734955803819747,11.749558038197469,premium
8.513410834027923,0.3795917225463642,0.415976749791623,1.8865891659720768,0.0752157638310064,6.0,12.0,0.9948482790025005,3.324023250208377,0.669795861273182,11.902041387268179,premium
12.674371466426784,0.29162476442845225,0.6562476442845224,2.4743714664267835,0.08955609687849392,10.256285335732162,28.418761778577387,0.9995256285335732,3.162311439928035,1.0170694493606587,10.381238221422613,premium
8.792617629164521,0.4038254913890319,0.4146308814582261,5.489931509738669,0.07182549138903191,24.38254913890319,42.0,0.995293825491389,3.24,0.7761745086109682,12.322147112506435,premium
9.373596142596744,0.398206182684681,0.3240570050927409,2.222631877774219,0.07033026091669335,9.518859898145182,28.0,0.9965539648325935,3.2866973908330666,0.7469824162967708,11.2,premium
10.340223170234523,0.3465178865103172,0.42,1.9065178865103172,0.07380446340469048,6.532589432551585,20.93482113489683,0.9965667765008499,3.172718739721389,0.9115267475365877,10.959776829765476,premium
8.314011781009338,0.3136276475775699,0.40310941220934565,2.1948176463177576,0.06038388269383154,6.0,10.0,0.9954263341271328,3.300153528003739,0.6784452938953273,11.231094122093456,premium
9.294112299250942,0.32980374330836476,0.37326791443612156,1.7356229947357444,0.054633957218060726,32.34641711277568,49.019625669163524,0.9961675764703787,3.263366042781939,0.8839548128568449,11.205887700749058,premium
5.473117064612205,0.4873117064612205,0.040753174155117936,1.8537658707755897,0.044537658707755896,26.387023876732307,87.26882935387795,0.9909371029704778,3.505376587077559,0.8280648806163384,13.94623412922441,premium
11.40493754429085,0.5317612538385402,0.6935225076770803,4.514074946850982,0.1206411265649433,6.0,14.936625029527232,0.9983125425407475,3.022674994094553,0.8084525100392589,11.8,premium
10.20200795352201,0.43799204647798906,0.4204015907044022,1.997992046477989,0.07104015907044021,6.9899602323899455,20.010039767610056,0.9956794771491635,3.141104374437106,0.7923091465503126,11.096988069716984,premium
10.467764615502528,0.25355292310050553,0.46677646155025276,1.8677646155025276,0.07703293846507583,6.0,23.03293846507583,0.9976,3.2025647691482306,1.0335529231005056,10.867764615502528,premium
8.053573115905758,0.49711129987308283,0.2448635892978441,2.590861890440098,0.06371849335025562,9.049372229273175,27.809874445854636,0.9958296233375639,3.3756301329948877,0.702321344204712,11.447163220388974,premium
7.054640654763764,0.5212470232137838,0.15676344881023024,5.15968583927958,0.0712041888096056,10.236078035708708,17.745359345236235,0.9964851975333354,3.389628747618899,0.6383817244051151,10.850928130952754,premium
9.246590199993854,0.3481502722223929,0.34051448277745344,1.9726010888895718,0.06217803266668715,14.273989111104283,30.636994555552143,0.9968191098366666,3.2045202177779144,0.7108901633334358,9.986647549998462,premium
7.2,0.3723977214011031,0.3176022785988969,2.0,0.060561367159338096,15.0,28.239772140110315,0.9947047954428022,3.23,0.7371931642033094,11.3,premium
7.444797385331372,0.5110405229337257,0.18469780150274492,2.1595638740607845,0.07612585859033336,13.0,28.80872251878431,0.9966808722518785,3.4027352347762747,0.6644797385331371,9.99781937030392,premium
6.234108573739809,0.5014728565650475,0.16909561966394931,1.9886304754200634,0.07643152377100317,3.5284238114498416,9.414728565650474,0.9932621446647791,3.5250516659925553,0.5877260950840127,12.8,premium
10.723293166143467,0.21410545373643705,0.47352636343410925,1.8588159085852731,0.07441184091414726,10.0,21.0,0.9967433708985737,3.1570915930833254,0.7011840914147269,10.723681828294538,premium
6.958055680333913,0.3627962879777391,0.45672430941248304,5.962582614161931,0.05139547306617198,31.045937068954586,217.9946581546048,0.9929995205973903,3.1949001812677875,0.5483755093197294,12.2651131733457,premium
10.244964117345218,0.3750670400973478,0.4557717486548696,2.1070470855752177,0.10075834063539998,6.0,10.0,0.9965497973046372,3.133389462592913,0.6521141256725652,11.757717486548696,premium
9.032247763115091,0.32218231252033147,0.3249185822336319,2.177035444159203,0.06350814177663681,12.491858223363188,27.16938059221227,0.9953700319343433,3.2718566414548587,0.8112052993239139,11.615309703893864,premium
12.02797847146679,0.38685242195998615,0.662797847146679,2.986010764266605,0.09306994617866697,11.895080731999538,29.930053821333026,0.9995930053821334,3.18069946178667,0.6348962325066883,10.8,premium
6.786445835228316,0.537626499772602,0.15740161128797628,2.3627108329543365,0.06424859444697109,13.0,29.124297223485545,0.9943217611424641,3.3963835275377465,0.6336726945834099,11.45140555302891,premium
10.34221927231672,0.35116072326425507,0.40459180595112537,2.3192602425610933,0.07665689173131297,5.538265049592711,17.538265049592713,0.9971448850540118,3.2076785534714896,0.7119004807031618,10.573086747520364,premium
8.738340456821039,0.3491144583854783,0.3908855416145217,5.906165954317896,0.0755897008135164,6.876680913642076,12.876680913642076,0.9966922203685857,3.304316168022527,0.6243161680225273,11.976680913642076,premium
10.27184959924849,0.43356029860153583,0.49712059720307167,5.873780480901812,0.08060535250677998,6.0,14.18123306616566,0.9972701016313086,3.173753386766868,0.5516192424963244,11.8,premium
9.005882829887176,0.4020204479159867,0.4326087309047043,5.9739126909529565,0.07839897760420067,24.867007465266447,42.06649626736678,0.9955194376823103,3.2267007465266446,0.76401533593699,12.520204479159867,premium
10.034017168722105,0.4355327610425964,0.5668034337444212,2.911168097393509,0.10305603246450287,11.482241298580117,28.74112064929006,0.996844672389574,3.263299141563895,0.7292896519432047,11.57056032464503,premium
9.646815047133884,0.4017025801861921,0.5034051603723841,3.8872365565899556,0.09965948396276159,11.425526886820087,24.0,0.9966159673018326,3.264468386790795,0.8665972028221745,12.0,premium
5.263793813455974,0.39311089204890626,0.05852335259943936,2.163268489296691,0.05037256834862592,15.20914388379136,41.84182877675827,0.9919907879862389,3.6799474675840718,0.7494902733945037,13.746926042813236,premium
9.053749614288918,0.16472716052041264,0.45559089506505157,1.9257951389636605,0.07527954475325258,10.13977237662629,20.72045524674742,0.9956290224537685,3.384840972207268,0.7418295910385824,11.858068287012113,premium
8.136213849487913,0.3107099032210165,0.4431481161347802,2.120473268814011,0.08665328666765659,6.0,12.0,0.9942581174386819,3.2968518838652194,0.640473268814011,12.215740580673902,premium
7.442766444081165,0.5335443503866315,0.08065092801909782,2.2411391240334213,0.0946292917608594,8.59674535990451,14.40325464009549,0.9951340504232602,3.397820994794748,0.5983905568114587,11.560488196014324,premium
8.169075245707438,0.3045483914298557,0.45054193028417316,2.1163655942865707,0.08792666577116316,6.0,12.0,0.9942223806702931,3.2894580697158267,0.6363655942865705,12.252709651420867,premium
8.665706319172397,0.41342936808276026,0.3932853159586199,1.8985594787585958,0.07374930292758476,6.0,11.671468404138015,0.9953045539021793,3.3138615244551817,0.6719307622275907,11.732853159586199,premium
5.3,0.47,0.11,2.2,0.048,16.0,89.0,0.99182,3.54,0.88,13.593819157341052,premium
5.16696055586076,0.43674013896519,0.036828305723417984,1.93392111172152,0.0453392111172152,17.3303944413924,88.3348027793038,0.991653700694826,3.633127610897468,0.78022041689557,13.588839907356551,premium
5.9969495230310255,0.33892112221075027,0.17646579283542585,2.2907738300923524,0.05515401862846321,13.615327123845596,41.52306542476912,0.992899263539408,3.619382430706133,0.7686160745138528,13.236904679630591,premium
7.789427065071705,0.3677052564288848,0.3343532193649401,3.0976373222270968,0.06745894871422305,9.717660968247005,29.717660968247007,0.9948740726634058,3.297941524206175,0.622767279125696,11.551181338886453,premium
6.950880216325244,0.5901760432650487,0.11508802163252432,2.2245598918373783,0.08140360703057041,13.0,27.754401081626217,0.9962291456332556,3.505264064897573,0.6322799459186892,10.48243875612985,premium
10.775865274412466,0.4141868257814325,0.4636620763670203,2.6430219570309457,0.08413956085938108,35.0,67.0,0.999022664677732,3.3043021957030945,0.8454354295896993,11.192445107422635,premium
5.436680112105685,0.8377510084079263,0.07449798318414731,1.2366801121056845,0.04581659943947158,12.816599439471577,92.08299719735788,0.9924,3.5681659943947155,0.8444979831841473,12.981659943947157,premium
6.189989710288498,0.3246529344569371,0.20752008382901918,2.324346036571913,0.056412976371446724,13.195674542851092,41.43913490857022,0.9931384655105748,3.6034356326283414,0.7736519054857869,13.102615853712349,premium
12.498444456460074,0.5226486147908976,0.6976944429424907,5.196888912920148,0.07659194469977658,7.0,40.49222228230037,1.0015215000270352,3.126541664413736,0.6809972241747619,11.130833288274722,premium
10.307464042866078,0.36149280857321575,0.46925359571339215,2.1,0.07994065114518047,5.537320214330394,9.537320214330393,0.9956868796415206,3.1570143828535686,0.6685071914267843,11.938803935700882,premium
8.753444685410354,0.3702755748328284,0.507261796091187,2.1904133622492425,0.1831498117161085,5.301377874164142,15.698622125835858,0.9947011256918906,3.1319173275501515,0.7647933188753787,12.289035488085101,premium
9.228107805770874,0.3727151557841374,0.44543031156827484,3.7261953099118745,0.10545696884317252,11.74760938017625,24.0,0.9959846856148545,3.2451434371894248,0.7731932797488872,12.0,premium
9.305984858203454,0.34519042730647354,0.43016322340554874,2.1497279609907523,0.081125137944254,6.0,10.0,0.9960034820993183,3.214483125882429,0.6649183882972257,11.501632234055487,premium
9.482017148735729,0.33606723829119095,0.3753557460970637,1.6625488866027722,0.05567787304853175,31.92885078058727,48.3932761708809,0.9963513056565416,3.262322126951468,0.8641204120778953,11.017982851264271,premium
10.20919168922168,0.41388938905138783,0.707906406120405,6.067957951717928,0.0736987237198237,38.70297798707802,77.20510512070518,0.9986224003955124,3.186068068276069,0.8409617115947111,11.979914914654914,premium
13.373430916035375,0.6139801240459559,0.5987656870232512,3.162552290077504,0.09769665267176074,7.535564885492846,43.76778244274642,1.0014494560305383,3.0613284541982315,0.6492887022901431,10.624163167940182,premium
9.112894277772021,0.3236934141665804,0.4365157711108809,2.154355286111399,0.05526131716668387,5.543552861113989,9.543552861113989,0.995003971231669,3.259790814722539,0.6845644713888601,11.61080242499741,premium
11.684885855218457,0.41971193220610015,0.6422297010832639,2.94100258863973,0.10404302188112098,9.906472110964547,23.093527889035453,0.9997147399384418,3.156546952232482,0.8471941633289364,10.390647211096455,premium
12.300609603268807,0.3561814196322593,0.6900609603268807,2.849695198365597,0.09375152400817202,10.872713987741976,29.248475991827984,0.9995248475991828,3.18751524008172,0.6826066805720411,10.8,premium
11.37916705344989,0.2658449020354182,0.5059722351149963,1.8467592162833457,0.06948032547079125,6.0,10.0,0.9966316668213799,3.21285878447792,0.7153240783716655,10.316898040708363,premium
8.739832123613477,0.3486520416798227,0.3913479583201772,5.906016787638653,0.07552705080823405,6.87966424722695,12.87966424722695,0.9966895055350234,3.3042117513470566,0.6242117513470568,11.97966424722695,premium
9.440251008942894,0.34277080530714177,0.3507354699164306,1.9510832212285671,0.06153249663685702,14.48916778771433,30.744583893857165,0.9968223375168157,3.2002166442457134,0.707662483184285,10.035062752235723,premium
9.001415053191376,0.473113213948008,0.16367923522455896,2.5,0.09267452807328543,18.660377541371655,49.0,0.9978009433687943,3.289764157801437,0.8064151016548662,10.399056631205749,premium
10.155708829065354,0.38949809017287423,0.3817816217990162,2.4,0.08806398559859452,5.139272072663387,16.721455854673227,0.9968954578741518,3.158858234186929,0.6513927207266339,10.767126487196064,premium
9.364779848583762,0.31,0.38265722918026746,2.282389924291882,0.08023584886437822,11.617924432189112,31.411949621459407,0.9968709118375539,3.336179244321891,0.8476415113562178,11.691037783905443,premium
9.906094582707068,0.36781382362641757,0.5818283748121202,4.821331039474737,0.07286021826778553,40.65949070850041,72.58065480335662,0.9985022953102664,3.272580355899301,0.8537992724407149,11.316130960671323,premium
10.84607897690892,0.35401533103715854,0.5686232287280506,4.613767712719493,0.08079923344814208,24.06692218395264,42.46653890802368,0.9968395783964782,3.1466922183952644,0.7280114982778689,12.040153310371586,premium
8.931832225084714,0.40106107416949044,0.5089389258305096,2.5893892583050957,0.05231832225084712,12.893892583050958,26.787785166101916,0.9950212214833898,3.322122148338981,0.8883281841356053,13.389389258305096,premium
11.102370797040951,0.29828958168367964,0.4942280557755094,3.0511853985204755,0.08834913864693968,52.09737490102078,81.69122231020376,0.9991514421676737,3.3063420836632638,0.76,10.932543067653016,premium
7.5606699518931,0.4942152704454323,0.20550246391982535,2.157847295545677,0.08393827584187075,12.455024639198253,35.303349759465505,0.9968758374398664,3.3754497536080175,0.6564019711358603,10.00052710311808,premium
7.424688827118219,0.32129667593226713,0.32064833796613357,2.344138966102226,0.0633765558644089,20.064833796613357,36.06483379661336,0.9952,3.3281794552543116,0.8105238688134213,11.850622345763561,premium
10.124244569907233,0.43484891398144654,0.4972129365647485,5.25574126870503,0.07994560903332076,6.0,14.248489139814465,0.997089576959148,3.180181303222264,0.5322431537684592,11.8,premium
10.770942204348849,0.4641524809601748,0.556713018034448,1.579237595199126,0.07325605370742731,23.256053707427323,42.51210741485465,0.9973188971382433,3.042905779565115,0.723529130262645,10.628026853713662,premium
7.386587026105689,0.36670648694715585,0.2956407834843487,1.7966467565264221,0.07369820808737798,16.932935130528442,24.0,0.994221855812999,3.246706486947156,0.6993293513052844,11.371497430474587,premium
8.697845558819843,0.33860220630257365,0.45430110315128686,2.4032316617702354,0.06603231661770236,17.279558739485267,37.0,0.9959778559310986,3.253118753571876,0.8770966905461395,11.831187535718762,premium
11.219933897185104,0.5014950422888829,0.610116324005545,4.255730351361239,0.10912293428703453,6.0,14.0,0.9976147177748778,3.0880066102814894,0.6806146714351726,11.571262394277793,premium
9.4507062547047,0.5217973473961424,0.3312323436323825,2.3507062547046997,0.08678178146171149,36.23234363238251,67.0,0.9972603848379867,3.29971749811812,0.7460204672209726,11.6028250188188,premium
8.892126426155682,0.37237100764125014,0.49657918251284094,2.9447062733306795,0.06697286120505676,11.657918251284093,24.65791825128409,0.9951247420152824,3.3160542775898865,0.7386877376926139,12.889501901540912,premium
10.417874269532799,0.31391315742048115,0.5924640339811227,2.621257304672013,0.0827488011327041,5.178742695327987,22.0,0.9994067660702785,3.2510628652336004,0.795410235551676,11.128502921868805,premium
10.934052394567189,0.3177442215868645,0.4700862873480627,2.677873652608959,0.09422126347391041,16.0,47.22126347391041,0.9985557473052179,3.1277442215868647,0.9845978441743337,10.533620957826875,premium
9.061807062561066,0.39310975209079696,0.49846452291734517,2.6996120207451266,0.06037416978929186,11.846452291734519,24.84645229173452,0.9951662195041816,3.329251660421416,0.7669678437601778,13.115742750081422,premium
12.194027210403242,0.2838246598699595,0.5157771541569234,2.210757936367612,0.08110757936367605,11.617534013004052,28.87251133766802,0.9993200837862507,3.1265735261031575,1.2924310089640494,9.978484127264776,premium
5.21918618716811,0.6843218226400918,0.03178298324482938,1.5013563547198163,0.04479457458112073,13.602712709439633,88.78101103392257,0.9925446510502655,3.5639728729056035,0.9042441438495669,12.939728729056037,premium
10.014861194981153,0.38729679510268394,0.6854049804715018,5.577017755741857,0.07339188609733865,39.41893243954313,78.43245561064535,0.9982378305753311,3.2024327414752713,0.8317565829201599,11.95945907315591,premium
12.425041286325612,0.29649091700836516,0.5579900912818528,2.4049421991441413,0.08364909170083643,12.0,29.149917427348775,0.9996850082572651,3.120494219914414,1.2505602780353953,9.949917427348774,premium
7.308299441906944,0.4058502790465283,0.2701973186197566,1.777074860476736,0.07193673744290623,16.541497209534718,24.0,0.994407788825471,3.2858502790465285,0.6954149720953472,11.205136314052256,premium
9.905576797875145,0.3505576797875146,0.40110443495352543,2.5110989726427735,0.08361126284196534,5.277747431606934,17.0,0.996710568604409,3.1644450513678613,0.7249918065338721,10.905522174767627,premium
8.391948848835495,0.30720036536546075,0.4807959809799318,2.2959744244177482,0.1779249689702661,5.279963463453925,16.279963463453925,0.9943694969669401,3.15,0.8407959809799319,12.27602922923686,premium
11.461721449327946,0.40076557101344107,0.66,2.982057381644265,0.10125360444363812,12.0,29.641147632885296,0.9986669838455018,3.2015311420268824,0.6730622840537643,11.122967130403232,premium
10.00391857772567,0.354484124442632,0.47754463999796104,1.5,0.0686299591102502,19.9181546665987,38.2242062221316,0.995705342186613,3.1310317511147363,0.8502132977807231,10.73273813336052,premium
13.157740004935818,0.541178022512887,0.6026099114291971,3.130139334485024,0.09185913334978607,7.628173330042788,38.11548000987163,1.00003048925085,3.1073900885708032,0.7288451999012837,11.688451999012836,premium
11.574820094109304,0.5325179905890696,0.6725899529453476,3.8388492941802146,0.12175539717672086,6.0,14.251799058906952,0.9979510794353442,3.0399280376437217,0.7626619153016257,11.575539717672086,premium
11.104899214940986,0.39197344071456885,0.5943177612342553,2.5123168110433367,0.09067811234429224,9.65430400649608,23.34569599350392,0.9989456272198131,3.1741987195452745,0.8396291201948823,10.36543040064961,premium
10.145763196478004,0.38,0.4509201141599287,2.154479315040428,0.10381840228319857,6.0,10.0,0.9965310413699191,3.1218159771680143,0.6372881598239002,11.818159771680143,premium
9.245070336800177,0.37366197754665487,0.43725351684000885,2.0211274178653102,0.04166197754665486,21.366197754665485,42.0,0.9952636619775467,3.24,0.8063380224533452,10.96478898959947,premium
6.883532102204811,0.35582690257572674,0.227522799958787,2.275017538429836,0.06550175384298361,16.583391794766122,42.58339179476612,0.9932318362048217,3.476643282093552,0.7575017538429836,13.124912307850819,premium
8.540936558440004,0.3519404008265452,0.3120681133410912,2.140085141676364,0.07121106841792732,12.19829716647272,30.40085141676364,0.9965394465791036,3.270085141676364,0.7821106841792732,10.621958258556372,premium
8.124619152025637,0.613617156214375,0.19170203127544644,1.9303953570846937,0.058537994196355816,31.537994196355868,47.53799419635587,0.9959207290536848,3.3998784910525255,0.6801215089474745,11.514590133804974,premium
8.610381677340085,0.47578266716894524,0.3010543332077637,2.8421733283105475,0.06573641669805907,9.947283339611815,28.052716660388185,0.9962819146807305,3.327364166980591,0.6605110011301267,11.205271666038819,premium
9.461983737195528,0.40146919643625123,0.27626269131446235,2.5,0.0952332429844196,16.61340561246432,49.0,0.9981079891581304,3.213002710467412,0.7245362244985728,10.092010841869648,premium
8.720721764823516,0.33827540335966405,0.45413770167983203,2.3689173527647256,0.06568917352764726,17.34491932806719,37.0,0.995939946789721,3.2503409285571445,0.8775868949605039,11.803409285571444,premium
12.247055660557766,0.3356477546772913,0.600706641466136,2.654122075219126,0.08756477546772908,12.0,29.505888678884467,0.9996494111321116,3.145412207521913,0.9907012644143398,10.305888678884466,premium
8.128635588586619,0.379365525850031,0.23286355885866195,2.185991017597873,0.06571982035195748,13.0,26.611454235434646,0.9945460976919868,3.314396407039149,0.7933745082521577,12.010836611652282,premium
7.750708514698354,0.9027756259209327,0.12543305514625214,2.192755926471664,0.14180472786782453,6.98188981617916,22.98188981617916,0.9964217322205849,3.3474645742650826,0.6572440735283362,10.210866110292503,premium
12.10230087284468,0.40132964230868284,0.7472123908944152,4.404601745689358,0.06817389354794942,7.0,38.51150436422339,1.0006301769639006,3.2008185863416228,0.6166238918372603,12.616371726832455,premium
8.367881717516388,0.31407290305098323,0.39339408587581937,2.34569462598689,0.07528473129934449,17.27152687006555,42.932118282483614,0.9944956630083635,3.3052482797738527,0.7727152687006555,12.384601080222142,premium
8.282566591794604,0.41480871308734524,0.2673753048819497,1.743486681641079,0.06273946726564317,4.695399550767627,15.434866816410791,0.9956574721437543,3.3521840179692948,0.8182760269539424,11.234673138665972,premium
9.23368409373542,0.21707173635939447,0.4621339670449243,2.073014258510797,0.07560669835224622,10.303349176123108,20.393301647753784,0.995756612357376,3.3553971482978406,0.720564607103996,11.808995247163068,premium
7.306999257412755,0.36232501856468113,0.31007508044695153,1.815500123764541,0.07376749814353188,16.76749814353189,24.0,0.994196975055694,3.256275129952768,0.7131751051998597,11.38449987623546,premium
8.368418185098562,0.36171045462746404,0.44536193171566996,5.151635238138987,0.07536514770882059,15.878284097059804,37.5855227313732,0.9976776621617357,3.332434318058804,0.84536193171567,12.243753405195458,premium
8.115253904291425,0.2961015617165704,0.3645761712874278,2.2457617128742786,0.05196601511577079,34.084765742514435,52.23730478542869,0.995042710932016,3.277626952145713,0.990169924421146,12.4,premium
8.233917196183494,0.3676288360166813,0.3803401852116769,4.632266932617209,0.0796948465593327,25.423711639833186,39.034018521167695,0.9945627417466902,3.2315257672033364,0.6937319048300263,12.557628836016681,premium
9.79208708348914,0.4435970972170286,0.5184174166978281,2.8910072569574283,0.09633575231914274,11.213430092765712,28.606715046382856,0.9967640290278297,3.2753956458255433,0.7185372037106285,11.503357523191427,premium
12.33930453704191,0.35182823958278525,0.6939304537041909,2.8303477314790455,0.09384826134260477,10.727607986092842,29.151738657395228,0.9995151738657395,3.1884826134260478,0.6893782939823341,10.8,premium
5.1,0.4634867011219207,0.0,1.7736444235624722,0.044,16.94577694249889,87.47288847124945,0.9918520046678815,3.6483733082749668,0.7853467105188081,13.415510964937306,premium
8.172196283754083,0.37540569103383103,0.28525063881847884,2.1065632985230986,0.0668532288080028,12.868734029538029,30.065632985230984,0.9967573385595999,3.2365632985230985,0.738532288080028,9.850955866031265,premium
7.988352769360164,0.31158513125703485,0.3346932943883039,2.1851137025813556,0.04904204081930513,35.14886297418645,53.0,0.9949062163262625,3.275954518967458,0.9913921282266941,12.340454810325422,premium
7.147481885787604,0.3197602051352809,0.2935971017260166,1.7725419685702066,0.05882733697208843,37.33573068612975,87.54916062859587,0.9932382731909657,3.4066426931387026,0.787050362284248,12.79184661708909,premium
5.183095114601889,0.4132057172495547,0.03850093558585679,2.0660285862477736,0.05105742723770039,16.226476091681512,41.547047816636976,0.9917392989606797,3.6726314448725508,0.7558533264177058,13.954704781663699,premium
10.486357079066101,0.2609095280622599,0.47,1.8924205994811671,0.07766650637717136,6.045476403112996,24.0,0.9975901467793256,3.1806063520415067,1.0366650637717136,10.890904719377401,premium
8.928881530843253,0.25449917221986595,0.37738732530419117,1.780550956777033,0.05806093635752725,13.0,26.677796172891867,0.9941252672005872,3.1754424209818946,0.6173873253041912,11.477212104909473,premium
7.9371289493235935,0.6200539710074773,0.15360495291740475,5.750674637593466,0.11325472246315425,4.750674637593466,10.875337318796733,0.9980833567897437,3.3500539710074775,0.6775337318796733,10.349325362406534,premium
10.407915811738263,0.24158316234765254,0.4607915811738263,1.8079158117382628,0.07523747435214788,6.0,21.237474352147885,0.9976,3.244458931783216,1.0215831623476526,10.807915811738264,premium
9.62678236033047,0.3786228003463318,0.3422699449980172,1.6040829103502974,0.058910725465565014,31.390310913813614,46.73979272412426,0.9964230315777409,3.2860207275875744,0.8095917089649702,10.87321763966953,premium
6.8075352228504284,0.5615070445700858,0.10075352228504289,2.2962323885747855,0.07674489474263894,13.0,27.037676114252143,0.9951468909325207,3.4622605668551287,0.6681161942873928,11.306672468610033,premium
8.936510174297972,0.42539593028081135,0.2673826307234788,2.0861071949785495,0.07267046149190719,20.59127543574493,52.54765261446958,0.996033120095276,3.2453959302808113,0.8363489825702028,10.836510174297972,premium
5.360099729612987,0.6893640130874024,0.09197008111610391,1.5990027038701302,0.04679800540774026,14.19700811161039,91.40398918451947,0.9921685784317553,3.558029918883896,0.8619700811161038,13.226101532193086,premium
14.704287150361031,0.21602378027042343,0.44164284916466096,2.156190688942375,0.0739595288623814,9.945238361177969,24.0,0.9998802389196518,3.0782142458233044,0.8389047672235593,9.260237802704234,premium
8.16759862082295,0.48608885508977073,0.22368747591272117,1.76648027583541,0.0636592110334164,4.005591724937703,15.6648027583541,0.99587821064802,3.3797763310024918,0.8596644965037379,10.935756414139671,premium
8.880285344859802,0.3684565517756818,0.4784565517756818,2.4225681037382105,0.052591439654205964,13.0,27.0,0.994791024655514,3.2845136207476417,0.8388845690653836,12.985992242055824,premium
7.2032424161032225,0.25046320230046026,0.37041688207041423,2.5050952253050633,0.06306948034506904,11.01852809201841,40.981471907981586,0.9944034791869434,3.5192125560892173,0.8002779213802762,12.401852809201841,premium
8.733399668676457,0.4066600331323542,0.39666998343382287,2.0000995030146864,0.07967247100919005,6.0,11.33300165661771,0.9954534792710883,3.276630182227948,0.6533150911139741,11.766699834338228,premium
8.938901216154566,0.39407325225636225,0.4219450608077283,4.368424009481661,0.06207325225636227,23.407325225636228,42.0,0.9952840732522563,3.24,0.7859267477436378,11.883296351536302,premium
12.429916482350338,0.34163439573558696,0.7029916482350338,2.785041758824831,0.09407479120587585,10.38781319118623,28.925208794124153,0.9994925208794124,3.1907479120587587,0.7052353844113092,10.8,premium
7.659566849238281,0.6315667917749349,0.009198556164127606,2.467942246565104,0.0755956684923828,16.91985561641276,38.320577534348956,0.9959185127341247,3.3696534219272785,0.74,11.884332082250651,premium
11.103404212958289,0.39190194061974426,0.5941942610704674,2.511211809577866,0.09064366229860402,9.653654005634039,23.34634599436596,0.9989436447171838,3.174244219605617,0.8396096201690211,10.365365400563403,premium
11.110179556776412,0.29040859605688685,0.47,2.012257881706605,0.06475554925878306,15.959140394311317,32.34695320189623,0.9978279994332905,3.2228601723982075,0.7151039162465096,10.565304679810376,premium
5.104999500756101,0.42,0.24787496255670755,2.0,0.06839996006048805,20.049995007561005,51.31249375945126,0.9924901212431897,3.7357499251134154,0.7137501248109748,13.553752121786573,premium
7.857338470932231,0.4197439734978788,0.26720154127966944,3.747097410847383,0.07475766646313499,11.095564118220386,18.547782059110194,0.9961059720407923,3.2604435881779614,0.7512116676843251,11.2,premium
12.19356697806205,0.3022460482293998,0.652404119053407,2.3753951770600183,0.09050790354120036,9.0,28.0,0.9987980590745208,3.2089841929175993,0.7834762893763989,10.889841929175994,premium
7.074026209690966,0.39285362903203835,0.3242927419359232,1.9095120967734613,0.07752193548375381,22.095120967734612,55.0,0.9948185854838718,3.508536290320384,0.7214391129038848,11.711828629027499,premium
9.102800171468282,0.332817140407596,0.451408570203798,1.7957997427975796,0.0599579974279758,18.4365719184808,37.0,0.9953067882872811,3.2039456934645663,0.885774289388606,11.339456934645659,premium
8.341109589204978,0.29763869865062237,0.40176386986506224,2.4,0.060995736311817386,4.352773973012447,10.0,0.9939974397265354,3.2947226026987555,0.6788335616192531,12.641251712144399,premium
7.349836777273948,0.3499673554547896,0.3349836777273948,2.151142559082364,0.06948204550013427,19.50489668178156,37.49836777273948,0.994253101231795,3.3649510331821846,0.8248204550013428,12.84755165910922,premium
8.102710539405457,0.5569566839605671,0.1791916708117282,2.6256776348513644,0.08691916708117281,8.743223651486357,14.837850899009096,0.9956983833416235,3.42621491009909,0.7435140359603638,11.741892544950455,premium
7.88296918021362,0.6184929833951971,0.034694688690251,2.45742295053405,0.0766375344170896,17.0851540989319,37.6593836042724,0.9962063304911749,3.334890754064086,0.753624655829104,11.665938360427239,premium
7.79589986708489,0.49664940320317436,0.15046180368198792,1.8188030504416834,0.06055042440353343,34.825636605300204,50.825636605300204,0.9948344295753322,3.317384549079503,0.781743633946998,11.237606100883367,premium
9.91282369038926,0.36547648553614565,0.5215941555917544,2.572529515250239,0.09377118256473624,12.419411649721956,28.161176700556087,0.9962282825645116,3.248388232994439,0.7877470484749761,11.7,premium
10.586472150134451,0.2748396431879296,0.4973547142416094,2.793236075067225,0.08490981433422967,50.690378591275774,82.94188569664375,0.9983760308680809,3.311032071362414,0.76,11.104509283288516,premium
15.541074945352499,0.6815299690040917,0.7562026075893833,3.68625082058225,0.099803583151175,6.039283369765001,42.882149890704994,1.0031235283735243,2.953797392410617,0.6811785010929501,11.2117850109295,premium
9.190612116050131,0.3034585051193316,0.43616597952267366,2.2971836348150396,0.059672925255966576,4.327074744033421,13.0,0.9970616597952268,3.110563273036992,0.8611265460739842,10.331768686008356,premium
5.1,0.449375934533509,0.0,1.7821964033130249,0.044,17.287856132520993,87.6439280662605,0.9917604984845506,3.6586356839756298,0.7673875530426477,13.475374823191174,premium
8.737712507951128,0.24545015555427627,0.3484428126987782,1.7116789047591634,0.05503892968253054,13.077859365061089,27.07785936506109,0.9939703651523739,3.1435036714277493,0.5966180460301926,11.3,premium
9.086418906785058,0.6243209453392529,0.36770059083703305,3.0216047266962645,0.0795807572616784,20.702674544493775,57.662035450221985,0.9978296283601776,3.4220319547135896,0.7144598818325933,11.871656819382782,premium
10.336601402036763,0.3,0.5717075175254596,2.3902368866089168,0.06478022721690262,6.585375876272976,18.170751752545954,0.9973366014020367,3.243660140203676,0.896584964949081,10.997548948472428,premium
7.708534966807864,0.3015793771890982,0.6304971925143866,3.7133741701966096,0.33726003065688953,5.0,10.085349668078644,0.9973024196016943,3.2602419601694375,1.0467136294493289,9.917069933615728,premium
10.40468862223108,0.3311408980762292,0.6296874251845948,2.8018754488924316,0.08413753291877832,5.0062514963081055,21.99687425184595,0.9997981245511076,3.259718682666135,0.7403125748154052,11.203125748154052,premium
9.399560997933753,0.35986829938012543,0.4300878004132497,5.183756923548805,0.06297365987602509,18.502195010331242,37.995609979337516,0.9967770760127042,3.2347585488635633,0.8501756008264995,11.000439002066248,premium
7.847383972287931,0.31740005225160567,0.33213844948039867,1.8786155051960132,0.05916769512124031,14.190770034640087,27.595385017320044,0.9943924926131633,3.1935846515588038,0.6733539024248061,11.3,premium
7.94756825025454,0.5706092931656201,0.05152594437256092,2.0469535341718994,0.0732683059095537,9.134152954776855,18.067076477388426,0.9967664617613058,3.3512800579395043,0.5740245886433056,9.640860602515698,premium
7.624972329279425,0.38751067299222197,0.32998260697563825,2.549976282239507,0.1007494861151893,8.250039529600823,16.249881411197535,0.996709903547774,3.352503557664074,0.7224909081918109,11.125019764800411,premium
9.475236017261036,0.354080174550073,0.4049292661403684,2.45306608483309,0.085,13.580188813808828,33.41981118619117,0.9990517690596776,3.3641981118619118,0.7622169932427946,10.290094406904414,premium
10.15291856583893,0.42325294237270716,0.47650588474541444,6.016497720993285,0.07640312265964216,6.0,14.101945710559287,0.9971606850805719,3.189610857888143,0.5246615415901573,11.8,premium
7.346122970698581,0.33692513528676127,0.5487106300915154,6.925564408770553,0.050820558561928034,33.70491665108287,251.4594457917927,0.9930656357653783,3.118724009455464,0.5325653604530208,12.2794860359518,premium
8.8572063161991,0.24953438603318331,0.34618624558672667,1.7667407022322832,0.056525501765309336,13.0,27.0,0.9941726390192097,3.16288252647964,0.6376719301659166,11.376275088265468,premium
7.303654966784809,0.34073099335696194,0.330365496678481,2.4744152325063338,0.06440204634632904,20.890350996455716,37.03654966784809,0.9951305556310885,3.351096490035443,0.7740204634632905,12.154824501772142,premium
10.755307112175998,0.46664803341319994,0.5491340584730998,4.996229289969502,0.09460334725549996,6.0,14.0,0.9973882122171858,3.1344692887824,0.6080167362774997,11.658379916467,premium
10.313833620148506,0.4044381280169721,0.6252738300106075,3.496254186779814,0.09914699013644487,6.0,16.129682266525233,0.9972703177334747,3.0890777586567664,0.8808357019936355,11.743515886673737,premium
8.839425183657012,0.3093429136057165,0.4105133823085364,2.8,0.10709444945657778,6.934291360571647,16.06570863942835,0.9961570842462514,3.2994866176914637,0.7985421231256858,11.793429136057165,premium
7.130633140034013,0.36673417149914966,0.3291814098296486,1.8448944766609978,0.07332658285008503,16.326582850085032,24.0,0.9942102025144974,3.287139200494048,0.7381603051618482,11.355105523339002,premium
5.1,0.5102073422665754,0.0,1.7453288834748029,0.044,15.813155338992111,86.90657766949606,0.9921549809468195,3.6143946601697636,0.8448093447029141,13.21730218432362,premium
11.614634161596548,0.6593292701995684,0.5965853622941388,4.256097515210356,0.10802439131175837,6.52439026932758,20.04878053865516,0.999009756107731,3.1937804865336212,0.768658540399137,12.770731676806903,premium
8.237449219182635,0.34677711759185315,0.3884839021632051,1.6677711759185316,0.0670662705551119,18.44076274693823,37.559237253061774,0.9940404814148562,3.2918474506123543,0.8844076274693823,12.498093132654429,premium
9.019847387824935,0.33408393669628583,0.4021373509575587,2.270419683481429,0.058591606330371415,13.0,27.0,0.99509587791026,3.284045783652519,0.8640457836525195,12.381297203488053,premium
7.1275324307006835,0.4077043039206168,0.22073525963547921,2.1321079006075347,0.08754086078412336,21.082517680842475,34.88071933738357,0.9951955964033131,3.3636683370514384,0.8163316629485614,11.3,premium
7.213711704883146,0.36465720737792134,0.32018123197099263,1.8310480491861425,0.07353427926220786,16.534279262207864,24.0,0.9942039716221338,3.2726004516454497,0.7263908418082211,11.368951950813857,premium
8.690964065247636,0.22545784391485812,0.35636143739009457,1.918192813049527,0.0652734969134669,51.544574956037835,75.18071869504729,0.9963401814153172,3.464542156085142,0.8681807186950473,10.854457495603784,premium
9.9,0.37487858821756687,0.40626073200743174,1.6243929410878344,0.0628375032645268,30.861785621013517,47.69107189493241,0.9968069928888554,3.250324993470946,0.811707137260811,10.738214378986482,premium
10.365288655334082,0.4992230924267266,0.6297619378053902,2.38383463864009,0.11287341462743403,5.9461154621336325,15.053884537866367,0.997099549519137,3.093233072271982,0.6680826806799551,11.837719176506457,premium
7.5400360255803704,0.49532012395386416,0.23680792562768155,2.2373309316279753,0.05210640247907728,33.88007205116074,51.133453418601235,0.9950746618632559,3.3633273290699384,0.8420108076741112,12.362669068372025,premium
11.923138317141115,0.31,0.6198244709368851,2.0375531961138678,0.07281223401943065,6.812234019430662,28.729255326856446,0.9981639255471758,2.9774680823316793,0.8227074467314355,10.179042542400975,premium
7.172799451886819,0.4025601187578559,0.26167989951258347,2.428799908647803,0.09552801735691734,25.643999543239016,35.35600045676098,0.9941402807445204,3.3090001141902463,0.6327200548113181,12.07279945188682,premium
10.754759497341142,0.2754759497341142,0.5309518994682284,1.977379748670571,0.06258341759306002,6.5912658289019035,19.817468342196193,0.9978365063315607,3.2854759497341144,0.9372227839537335,10.62262025132943,premium
11.264459102075518,0.6111147755188793,0.6654304559811379,5.194922728867931,0.08589845457735862,6.076159066981035,18.94922728867931,0.9986994700315851,3.21923840933019,0.6856843195377413,13.37715227990569,premium
12.124922077892952,0.37594626623704286,0.6724922077892953,2.937538961053524,0.09331230519473238,11.53154220790143,29.68769480526762,0.9995687694805268,3.183123051947324,0.6518613636312667,10.8,premium
8.354444433844165,0.36136111084610406,0.4457986114423699,5.1053471871087925,0.07544375005962659,15.852083313457808,37.5680555423052,0.9976663958247868,3.332958333730844,0.8457986114423699,12.260347234810055,premium
7.563569576764061,0.30046456348539097,0.31023228174269546,2.1705380290449243,0.0626821521161797,19.023228174269548,35.02322817426955,0.9952,3.3038753240662895,0.8556601124483197,11.57286084647188,premium
12.434969617991639,0.28081287977510455,0.5348517614243382,2.2810328052475612,0.08181032805247553,11.918712022489549,28.972904007496517,0.9996192539423396,3.1135224790254528,1.3456391239731538,9.837934389504877,premium
9.144169378126245,0.19103109181854383,0.458878886477318,1.9997749457396545,0.07544394432386589,10.22197216193295,20.5560556761341,0.9956931382863077,3.370045010852069,0.7311436189487166,11.833408351420115,premium
9.923901950787794,0.4000397235564493,0.4746612194882107,1.5537850406823859,0.04608761788058249,21.462149593176143,42.0,0.9958931449426514,3.1660560650918175,0.7799602764435508,10.73067756102358,premium
12.426539433321654,0.43109747615573296,0.6424971610242034,1.8593501589617802,0.07660917982041399,23.0,42.328107256401275,0.9981968643538408,2.9593728707681524,0.68,10.795296530761144,premium
9.976347354694763,0.40842315697965087,0.44921157848982546,6.194086838673691,0.07103942107550872,6.0197105377543645,13.980289462245636,0.997011327363388,3.2117739483978927,0.49256236990806734,11.805913161326309,premium
12.08328686558766,0.3806302276213884,0.668328686558766,2.9583565672061707,0.09320821716396915,11.687674254046279,29.79178283603085,0.9995791782836031,3.1820821716396916,0.6445752014778403,10.8,premium
5.200041957313405,0.5060360832895285,0.01000419573134053,1.7199664341492757,0.044200083914626806,16.799496512239138,88.0,0.9917360696491402,3.655989930244783,0.7480075523164129,13.459941259761232,premium
9.528582135178267,0.3442835729643467,0.5164291067589133,2.2535633986163,0.07060765142096766,12.821455337945666,25.0,0.995109639912826,3.356429106758913,0.76535633986163,12.5606901958489,premium
8.904176167644438,0.25736269460740624,0.3430549221570375,1.8215388622518438,0.057778031137185,13.0,27.0,0.9943636497484207,3.181670467057775,0.6768134730370313,11.43890155685925,premium
7.809453775162619,0.5280724769278511,0.2004910727779435,1.7761817218953273,0.0640472688758131,3.0,15.28545165685982,0.9961523634437907,3.374745271601122,0.9628729005884108,10.380908609476636,premium
5.767933153209578,0.41403351643443925,0.2819329671311214,1.980111721448131,0.08881787543170096,22.80111721448131,55.0,0.9947338659342623,3.7203351643443927,0.6578994506966821,12.170726189412852,premium
5.713392724699072,0.5286607275300927,0.08538337920983076,2.162027162898963,0.05570220533699618,5.972688763997816,27.486344381998908,0.9935848108651596,3.4994800646101583,0.754889733150191,12.208193370800656,premium
9.02226693185566,0.35333601591133956,0.426113346592783,1.8221864545154727,0.04910932272577363,19.889067727422635,42.27773306814434,0.9950322588841216,3.259441314770104,0.7988906772742264,11.27214621584538,premium
8.659746357408686,0.2629873178704343,0.4029873178704343,2.0144303531893715,0.04258733885083077,4.144303531893714,9.855696468106286,0.9939638985429634,3.25989875276744,0.7071139293621257,12.442278587242514,premium
8.516978013543302,0.18679120541732033,0.4845329796850487,1.7754670203149512,0.06981153905196893,46.358241083464065,86.1324185102369,0.9953758241083465,3.3537692189606214,0.7786758148976309,11.664175891653594,premium
8.539718352961845,0.3356056941465837,0.3658873411847382,1.7397183529618454,0.06378028470732919,6.0,13.808449411144636,0.9952082253176305,3.319859176480923,0.7201408235190773,11.760281647038155,premium
9.33148932245816,0.3798723377086418,0.4597446754172837,3.7659574317146767,0.10402553245827163,11.668085136570646,24.0,0.9961405531323215,3.249914891805761,0.7962553103945126,12.0,premium
10.548473302206895,0.4379501570458418,0.5963987436332656,3.895015704584179,0.09548473302206896,10.795015704584179,23.79501570458418,0.9979727099533103,3.261302198641785,0.961302198641785,11.672025127334686,premium
8.593147730261014,0.32758886381566077,0.40465738651305067,2.1654818157911895,0.06627409078955947,18.172590921044055,42.70685226973899,0.9946803811388141,3.289479658881729,0.7817259092104406,12.001648858556278,premium
5.279267163704223,0.464816790926056,0.09859694003732318,2.1585343274084483,0.04758534327408448,16.20732836295776,88.89633581852112,0.9917940839546303,3.5545129854070434,0.8644503727781679,13.6,premium
10.5,0.2597399615297853,0.4693499038244632,1.8986998076489263,0.07798699807648926,6.0,23.97399615297853,0.9976,3.1803900577053223,1.0401300192351075,10.898699807648926,premium
7.342754265427234,0.5303330379034724,0.04676866826742127,1.8769576777690213,0.09394059383939915,8.914491469145531,15.171017061708936,0.9953264085972627,3.3482898293829106,0.5971017061708935,11.0,premium
6.7247317530876165,0.5205016115222548,0.17741952592628493,2.316845497941589,0.06358422748970795,13.415772510292054,28.79211374485397,0.9941217569662566,3.380501611522255,0.642867488066063,11.616845497941588,premium
15.377129487459914,0.6734584913148884,0.7496524404892103,3.6681613553514163,0.09901830845666867,6.132661019369099,42.94693559225236,1.0029662512838717,2.9651233562080774,0.6831838644648585,11.231838644648583,premium
5.444306305269392,0.4072995195437142,0.08346030014130677,2.372153152634696,0.05344306305269392,15.818564564910202,41.092822824551014,0.9925850681061172,3.644683243367673,0.7617722522107757,13.782277477892244,premium
9.034617131733354,0.3808479219515154,0.49335667512242465,1.8498249365818153,0.08275612721963646,23.166083121939383,42.74912468290908,0.9961780864624509,3.241555793168483,0.8124737404872723,10.541345717066662,premium
5.3,0.47,0.11,2.2,0.048,16.0,89.0,0.99182,3.54,0.88,13.580714151686434,premium
10.179572760184335,0.30819388821846727,0.4667801513323092,1.4858626311384202,0.05803923748953739,9.107328288923025,24.0,0.9972827176956613,3.2039007566615463,0.8221465657784605,10.181938882184673,premium
7.373022575304623,0.3290466137043065,0.32452330685215325,2.4087217808692203,0.06363488712347688,20.452330685215323,36.45233068521532,0.9952,3.3372210493216907,0.7937323369740027,11.953954849390753,premium
9.860727853811486,0.34607278538114866,0.41519981737353273,2.5367269406791504,0.08329091324151063,5.341817351697876,17.0,0.9966830185387698,3.1631636529660425,0.7422906849584265,10.975999086867663,premium
10.303769373372516,0.4192461253254966,0.45891351501469385,2.0778270300293875,0.07515077493490067,6.740576566568707,20.0,0.9959453657767744,3.14,0.7718403596598096,11.1,premium
8.664676702032013,0.37101537959163666,0.3796246073466186,6.4699685877294915,0.06710153795916367,19.1390772245018,38.24061518366547,0.997302842736313,3.312781544490036,0.7948123036733094,11.35563088980072,premium
11.12426264371298,0.31,0.5015908712695212,1.8458230344911155,0.07377088482754442,7.770884827544423,28.40970505748519,0.9975312160138208,3.092506179305331,0.8259029494251481,10.62641291952073,premium
12.746387271835426,0.30268063640822873,0.7346387271835425,2.4927745436708495,0.08883453626107385,8.195809077531372,28.268063640822877,0.999212355451424,3.1142196349366795,0.7834031820411438,10.531936359177124,premium
9.523468034128442,0.3061734017064221,0.44617340170642206,2.0624148907849134,0.047865637986340435,4.6241489078491345,9.375851092150866,0.9943093872136514,3.2263095764505607,0.6975170218430172,12.250340436860347,premium
9.018117669561752,0.320470582609562,0.4059058834780876,2.655058643505985,0.08519528939203211,10.81882330438248,24.0,0.9953364470295697,3.2536235339123505,0.7885882521713139,11.822823495657373,premium
7.886433026596386,0.29208188723407924,0.37312283085111886,2.244795281914802,0.05441637744681579,5.104094361703961,9.104094361703961,0.9952435322670216,3.3503157537233217,0.6620818872340792,11.110409436170396,premium
8.469162041259406,0.35894228592105565,0.4292513876221785,1.930837958740595,0.07890316322838292,6.0,12.0,0.9946889833485338,3.3107486123778216,0.6594711429605278,12.005288570394722,premium
9.028854784732932,0.4665610974808986,0.2922136961832329,7.015419138931727,0.07165019183587726,17.705534240458082,38.705534240458086,0.997915673410649,3.304723287977096,0.7893873968320658,11.135572607633534,premium
10.61855739398704,0.4138143968354588,0.6641237354430275,2.931958657436755,0.1149175194462052,11.84535992088647,28.948453306962158,0.9971237120632909,3.2379381322784866,0.7510309338607568,11.65360797626594,premium
9.287245214743784,0.4796259700143187,0.33709182617520717,2.2818028970798805,0.08309014485399402,39.255095705124305,69.36394205840239,0.9969257827212253,3.324914899109645,0.7630951888176335,11.610884635327809,premium
7.823615202394062,0.3254124493343098,0.33535586145108354,2.357966047270064,0.07379660472700643,16.85988682423355,42.85988682423355,0.9940336717902772,3.366045270306581,0.7657966047270064,12.710169763649679,premium
6.357838428922505,0.3860540392769374,0.4129008368667286,1.9736935951795826,0.07139459607230625,14.39459607230626,24.0,0.9942681621178309,3.422378274938562,0.8476395559026452,11.226306404820416,premium
8.2,0.2946229359474854,0.4,2.3025137603500974,0.05492458718949703,4.974862396499027,10.0,0.9944373761568491,3.3202513760350096,0.6902513760350097,12.020110082800779,premium
11.789104453788182,0.2968716436969454,0.49,1.9843582184847268,0.07431634331931772,10.105447773105908,20.789104453788184,0.9974629178949623,3.006361943276477,0.6568365668068228,10.079261214280045,premium
7.500217116079027,0.37000723720263423,0.4499927627973658,2.9205934506160083,0.07480057897621073,24.200144744052686,43.59971051189463,0.9953319942102379,3.3679768409515702,0.8339884204757853,11.320231590484296,premium
7.814957299106154,0.32023505468715363,0.3919658392849227,2.9196583928492266,0.07119658392849226,16.2756405134077,35.7243594865923,0.9964070516406146,3.3202350546871537,0.8770085401787694,12.16217974329615,premium
8.432592075039647,0.2847185547472247,0.5480912665903378,1.8,0.09092147320063436,34.842714841759175,102.64049106687813,0.9967629372192472,3.304493861664023,0.7515728515824082,10.57864257912041,premium
9.267100185906667,0.33418096234464517,0.3419396792184516,2.1373547187698922,0.07123851696861075,9.0,28.268677359384945,0.9960321859599746,3.2507470943753978,0.7386496978091183,11.226867735938495,premium
10.933385256542612,0.30333073717286935,0.4983346314135653,1.96249026439826,0.060708949921443524,5.458365785339133,9.458365785339133,0.9955975720434529,3.2,0.7037509735601739,11.229105007855647,premium
9.283260890086925,0.30733043560347706,0.43199130681043113,1.7800869318956885,0.06360173863791373,9.633478219826147,24.0,0.995860417461899,3.2516739109913075,0.8390043465947844,11.186869507756606,premium
6.6,0.5496844925826719,0.12452673887400788,2.4,0.06554732611259921,13.0,28.226336943700392,0.9938694238026811,3.414842246291336,0.6457887685433202,11.906310148346561,premium
5.558193177778152,0.7970446918523268,0.05836136444436945,1.5114848592582593,0.04541806822221847,12.557424296291297,88.13935607407282,0.9923191734770377,3.5572128785185435,0.8283613644443694,12.997549251850977,premium
9.954311639358108,0.4265658114724101,0.5458144207676425,2.700958142079579,0.09373911602884136,5.3301395264014015,22.1650697632007,0.9992387628051176,3.274856278688063,0.7251437213119369,11.034930236799298,premium
10.204679345788934,0.4368804361407104,0.42,1.9968804361407104,0.07109358691577868,6.984402180703552,20.031195638592894,0.9956902597694351,3.1410918473507516,0.7940554330170765,11.095320654211065,premium
9.725690182302685,0.4257707054690806,0.5420552145842148,3.3411042916842972,0.07445053674519937,11.474309817697314,24.474309817697314,0.996382802910181,3.313715490884866,0.8951380364605371,12.616602763006508,premium
9.245488642736527,0.29656641428303393,0.5239473499718563,2.611152785566866,0.07673809356888224,6.0,16.65664142830339,0.9962008520284159,3.1757518928772455,0.8890977285473054,11.71716792858483,premium
7.736615604088379,0.5427230732651938,0.2501385822486083,2.3093848714364418,0.08062922455082927,8.27230732651937,16.45538534696126,0.993109737440989,3.2408460989779053,0.6818769742872883,12.528154614309326,premium
10.231264150130693,0.4398160932345253,0.5814712541237973,4.081609323452533,0.09231264150130693,10.981609323452533,23.981609323452535,0.997496896225196,3.287425305283355,0.9874253052833546,11.970574917524054,premium
7.1828597613121,0.3897112744910852,0.3028597613120998,2.0171402386879,0.06379972506222953,14.828597613120998,28.0,0.9948628322675351,3.2548533460974554,0.7205728687216548,11.20572868721655,premium
9.771004331560565,0.3605799133687887,0.47650283569594376,1.7413012994681694,0.043416549812946494,21.235502165780282,42.11775108289014,0.9956532886168531,3.216449783421972,0.7946923592242817,10.870650649734085,premium
9.64947141816853,0.4018864827962828,0.5037729655925656,3.8882582377571264,0.09962270344074343,11.423483524485746,24.0,0.9966199722920079,3.264590988530855,0.8671897778991335,12.0,premium
12.74518895586256,0.30274055220687207,0.7345188955862558,2.4903779117251177,0.08869672992419426,8.177834337938382,28.274055220687206,0.9992081613455189,3.112302329380094,0.7837027610343603,10.525944779312795,premium
10.098760202264215,0.2867493198490524,0.47,1.6770890012578965,0.06819191605534741,7.3374659924526195,24.0,0.9973102157016352,3.1978328798993685,0.9419191605534746,10.632506801509477,premium
7.955994271846304,0.3518295533977763,0.3651420388351864,2.2,0.05939431844659248,6.0,10.697159223296271,0.9952170823592242,3.3553153495142576,0.6939431844659254,11.30457388349444,premium
8.825431968155844,0.32532323766635185,0.35318967214828806,2.438361474809918,0.07593535246672962,10.659483607414403,30.659483607414405,0.9958111861893774,3.32148709018536,0.7970044673716645,11.880819262595042,premium
9.703210635880302,0.39032106358803015,0.3285779144584543,2.5206421271760604,0.0951743149129576,15.38073618471819,49.61926381528181,0.9982288989780465,3.196192638152818,0.6876147236943638,10.0,premium
9.625290405914505,0.32120954115243283,0.4720892074451113,1.4186929087194167,0.05658277891889937,9.01099582865848,23.98900417134152,0.9969835372774084,3.2192302919939064,0.8203298748597544,10.301099582865849,premium
8.08327976419266,0.8226021997035551,0.16106568902064217,2.1452457479724774,0.1339655484154587,6.863114369931193,22.863114369931193,0.9965642627560826,3.330836011790367,0.704754252027523,10.282131378041283,premium
8.779966444673411,0.24199589879341687,0.3969931025162011,2.3649133154063104,0.06499981358151895,51.500279627721575,76.9000186418481,0.9963359448201297,3.4400055925544315,0.8680003728369621,11.099981358151895,premium
11.314386868143725,0.4445914348753095,0.4939608852631221,3.047246255678077,0.08474778015512503,8.74778015512503,35.00887937949988,0.9979703720245975,3.218561313185628,0.7649556031025007,11.835169162881282,premium
13.685691175225323,0.2637671791953277,0.6192239306510925,2.4389652408681233,0.08694826204340617,9.402586897829691,26.389652408681233,0.9996616814835894,3.14766370328214,0.7981810828480784,10.155860963472493,premium
8.461085406910673,0.3660051686043365,0.44798966279132696,1.7997415697831733,0.052381393024388476,22.19844941869904,42.79896627913269,0.9952919586511654,3.3039173023306154,0.8259793255826539,10.87989662791327,premium
10.238875306542731,0.28665036674546257,0.40034229834528634,2.133740831363436,0.06936430318362112,12.665036674546256,27.669926650907488,0.99668073349756,3.209755501181938,1.0141809292359472,11.063569681637885,premium
6.557834150761105,0.5296646059166066,0.1568279685109244,2.33507425572469,0.11017920839708682,24.2985148855062,36.17537127862345,0.9951917537127862,3.4489554465651864,0.720522276717407,11.44029702289876,premium
5.557205972962479,0.8273191656701143,0.04572059729624799,1.425676416222512,0.04491441194592496,12.17117610815008,87.82882389184992,0.992420541132978,3.56,0.8302705664890048,12.9,premium
8.593139367424453,0.32187705248920734,0.45068606325755484,2.225631157467622,0.09718770524892073,6.0,11.162458950215854,0.9949007902287884,3.20555983176403,0.6032491790043171,12.190614737553965,premium
8.33831385282495,0.34532554112997993,0.423831385282495,2.3,0.06731803030225353,10.149415584748493,19.616861471750504,0.9947350917750294,3.2995409090676056,0.7853255411299799,12.125292207625753,premium
14.147030425208055,0.6486757606302014,0.7081082294717163,4.789727181093959,0.09117839901019177,6.5189177052828375,42.48108229471716,1.0026810822947172,3.0122701246339405,0.7059458852641419,10.577298753660594,premium
8.265752353485077,0.2656359160130066,0.33859102099674837,2.5,0.07408021723582627,16.0,47.09393193355011,0.9960461430849117,3.3901371469772386,0.7762427226579957,11.23894424319243,premium
11.65057494686588,0.6343065704040309,0.546628336875608,3.3002299787463523,0.12068353177473251,6.667433262487841,21.16628336875608,0.9992997700212536,3.184965503188047,0.823371663124392,12.03371663124392,premium
5.1,0.46322445328964884,0.0,1.773803361642637,0.044,16.95213446570548,87.47606723285274,0.9918503040304237,3.6485640339711645,0.7850129405504622,13.416623531498459,premium
5.116559733585025,0.5754781531886104,0.009107853471763912,1.7413993339625633,0.044331194671700505,14.165597335850252,86.24839600377538,0.9925721050923013,3.5583440266414974,0.9350320799244923,12.955199111950087,premium
9.11747831242689,0.27571631014802506,0.41746414139071397,1.898423945266806,0.06254010992013863,13.0,26.206304218932775,0.9943963750741137,3.2273065359173945,0.657464141390714,11.736532679586974,premium
10.026395267095603,0.44717443767769244,0.3852790534191208,2.526395267095604,0.09249069821936264,12.263952670956037,50.28255623223075,0.9984136047329044,3.2249069821936267,0.6301860356127472,9.926395267095604,premium
8.354986140341232,0.3383943421062965,0.3916056578937035,1.8946478070209882,0.06505352192979012,6.610704385958023,12.0,0.9940889068157992,3.3239661666679754,0.616180254387136,11.988563508766418,premium
12.35565313161465,0.311756311044777,0.574643248412484,2.5020856157394897,0.08517563110447764,12.0,29.2886937367707,0.999671130626323,3.1302085615739488,1.149253572157389,10.0886937367707,premium
9.873719964334331,0.4420105444818454,0.47402108896369083,4.492770960968244,0.07622163641767525,24.2886545670701,42.0,0.9962603163344553,3.1261847307312163,0.7379894555181546,11.853087295423606,premium
9.096667866371028,0.3443809181036849,0.43371449137789053,3.2066642672579437,0.09988565258663284,12.280954094815755,24.280954094815755,0.9953776183620737,3.266524032326048,0.7168572456889453,12.112381637926301,premium
9.84345394125219,0.351884868624927,0.4592014799063777,2.1891365146869526,0.06715320749678193,5.297121715623175,9.297121715623176,0.9950137977048099,3.1792014799063777,0.6573166112814507,12.040575656875365,premium
7.473438143881241,0.31398427841781384,0.3169921392089069,2.2832023201484484,0.0631328092805938,19.699213920890692,35.69921392089069,0.9952,3.3196483248207826,0.8263673967614034,11.753123712237517,premium
9.73352943692126,0.38,0.43619747989004504,2.24281512065973,0.1035239495978009,6.0,10.0,0.9963543697586805,3.124760504021991,0.616676471846063,11.84760504021991,premium
7.970860368492293,0.3795506748043972,0.3504493251956028,2.031835582681324,0.06368164417318677,6.336328834637352,12.0,0.9944757763431613,3.3760975214189033,0.6628240981116502,11.769063067709881,premium
10.4,0.32431467653922824,0.6192610556852088,2.736829739324758,0.08343146765392283,5.063170260675242,21.936829739324757,0.9996610254265145,3.259368297393247,0.7576876729890678,11.174731895729902,premium
7.326742790278975,0.5724459081909726,0.08022837083692491,1.3604567416738498,0.06740685112510775,15.5348558055795,21.80228370836925,0.9944903545598562,3.349885814581538,0.5315084176416424,10.37439906390565,premium
12.107470189295379,0.3663565583550168,0.6342071545691093,2.8495417349864702,0.09063565583550165,12.0,29.785059621409243,0.9996214940378592,3.1649541734986473,0.7869064763712524,10.585059621409243,premium
15.419137816644549,0.6792311200136624,0.7469030832742605,3.6563436109142016,0.09981290118963229,6.124732540245139,43.06236627012257,1.0030578049041206,2.959043109167773,0.6775053491950973,11.153225297408072,premium
9.468867977850087,0.319509438228007,0.47016983158303327,2.1606603933550264,0.07111509551270193,13.0,25.52452808859965,0.995108358483101,3.333773595570017,0.780981123543986,12.216415168990123,premium
7.77427400096926,0.571901558614005,0.14552584148292103,2.161968827719898,0.07293289587109311,36.19015586140051,58.66890897019643,0.9951410303597771,3.321655455149018,0.7478523379210077,11.68098441385995,premium
10.074287093257874,0.42742870932578747,0.3953716767864175,2.594857418651575,0.092205703253937,13.15427744045275,51.84572255954725,0.9983328003861122,3.218457225595473,0.643085548809055,10.0,premium
12.443822620242102,0.3504360503358516,0.6442369119122596,2.145276121361607,0.0895399712807864,22.496366247201237,41.992732494402475,0.9979704578090015,3.029927324944025,0.7202907002239011,10.644549370801855,premium
7.238737139566756,0.44063143021662216,0.2475895703591956,1.759684284891689,0.070371585640252,16.19368569783378,24.0,0.9945729992935289,3.3206314302166224,0.6919368569783377,11.057316421579356,premium
9.000273167245089,0.4033424389081696,0.5066575610918304,2.5665756109183038,0.053002731672450884,12.66575610918304,26.33151221836608,0.9950668487781634,3.326684877816339,0.8632331720101344,13.366575610918304,premium
10.577091220374582,0.33250946444949864,0.5356368305618733,2.185456101872911,0.08470912203745821,6.0,20.458175592508358,0.9969524337488535,3.1560361457377923,0.7955989727638788,11.031273661123747,premium
7.417258078447149,0.620152489122544,0.045837248847521876,1.317258078447149,0.06478680349373246,14.680205240598685,20.786803493732457,0.9946959384278204,3.3665483843105704,0.5062434060654823,10.127917903760526,premium
10.584972443652838,0.35098346619170295,0.561734844009061,2.2624311091320957,0.08609834661917029,6.0,20.07513778173581,0.996823115736658,3.148265155990939,0.7425413345207426,11.077458665479258,premium
8.390267870657476,0.33436224875927933,0.4353354616935316,2.834897990074235,0.06531875094602341,3.728188756203603,10.0,0.9941851658607317,3.2973826507444324,0.6701007631823963,12.609732129342524,premium
10.29819652648248,0.4393687842688678,0.4886473948618596,2.4,0.09590080895653637,5.4954913162061985,16.009017367587603,0.997062880918617,3.130360694703504,0.654954913162062,11.194589579447438,premium
8.041313529645112,0.4145645032498245,0.20087099350035087,5.344201198213868,0.08681881677499412,9.688402396427737,17.688402396427737,0.9962168047928555,3.3139124313569925,0.6301443834284378,11.605076884643942,premium
5.9001028787886165,0.34607935243736315,0.1608861152833861,2.2739309354414985,0.05452241007905619,13.825863306981269,41.565172661396254,0.9927792579150206,3.627382805665288,0.7660896403162248,13.304276258234006,premium
5.223201016619553,0.6502965388083632,0.012320101661955341,1.626079390028268,0.0442464020332391,13.507195933521785,86.49280406647821,0.9925808635120226,3.56,0.9104317560113071,12.9,premium
7.3808976823258,0.354573069530226,0.447337162237194,2.17235907293032,0.074,24.904488411629004,44.723590729303204,0.9953291461390604,3.385528185413936,0.855426930469774,11.253256755256121,premium
8.59941587896898,0.3120058412103102,0.40802336484124085,2.779941587896898,0.10799707939484489,7.200584121031021,16.20058412103102,0.9963766892628166,3.3140116824206203,0.7879941587896898,11.639532703175185,premium
5.391591058743671,0.5860153410753178,0.0916817882512656,1.9557571766835415,0.04708408941256328,14.778785883417708,88.69469647085442,0.9919970760469045,3.5461060705829115,0.8616817882512656,13.36313098056964,premium
11.173425835324045,0.48012806980940825,0.6392422643202097,4.9442902744599255,0.1101205980012719,5.727854862770037,14.455709725540075,0.998182283890216,3.0698719301905917,0.8272785486277003,12.01771610978397,premium
9.475576667172717,0.4280461333738174,0.5621438267051265,2.277069200060726,0.1516648573112695,5.590230666869087,15.409769333130914,0.995775658080753,3.1145861599878546,0.721465399969637,12.086838533191639,premium
9.774629521738072,0.40580451835740566,0.518292169082008,5.35853915458996,0.09140966874394137,6.639026103059973,13.721947793880053,0.9972369724924308,3.195317569887392,0.6958045183574056,11.991707830917992,premium
6.4824238659939715,0.548936123134874,0.13923223539859317,2.318316414665327,0.11487140389370848,24.633671706693463,36.091582073326634,0.9951909158207333,3.459010151200804,0.715494924399598,11.373265658661309,premium
5.381133843428374,0.408423900564714,0.04630439774114403,1.8,0.04796894837781234,19.40566921714187,89.24029636806635,0.9920107186427862,3.6485791586756524,0.7316537284907552,13.343672083932953,premium
6.364182357102754,0.3858954410724312,0.41221357798053504,1.9726362738162078,0.07141045589275688,14.410455892756884,24.0,0.9942676863232174,3.4212680875070185,0.8467408327437765,11.22736372618379,premium
8.624881323089598,0.22149287938537593,0.35900474707641605,1.9049762646179196,0.06434833852325439,52.60189883056642,76.50237353820802,0.9961221083661957,3.4685071206146243,0.869502373538208,10.960189883056643,premium
8.356804618366365,0.31,0.4276997113521022,2.412204041070569,0.16827738229349873,5.892011545915912,16.0,0.9947217747787724,3.2213609236732728,0.8010798845408409,12.187795958929431,premium
9.310938665167445,0.42666196359547576,0.4433239271909515,5.311361941574626,0.0770743353558069,24.62973414232276,42.0,0.9957998589078643,3.1807574627716417,0.7533380364045242,12.211220849438899,premium
7.332958484194626,0.6063694831629627,0.1949156589437911,2.3916198105243285,0.06587148578932463,30.625702842135073,48.0,0.9952366479242097,3.4283801894756714,0.7065916968389254,12.345809905262165,premium
6.6508216656494366,0.5650821665649437,0.1374589167175282,2.3745891671752815,0.06641402911834825,13.0,28.872945835876408,0.994304152451645,3.432705416412359,0.62,11.50941875381461,premium
11.526777511359043,0.5373222488640956,0.696611244320478,4.199168664807171,0.12319667465922868,6.0,14.732224886409561,0.9982393349318457,3.0207110045436174,0.8059002397768604,11.71966746592287,premium
9.500339558370493,0.32740949669246955,0.3441968344358435,1.9868777042771006,0.07229185607006029,9.0,28.19343885213855,0.9962247965385254,3.247737554085542,0.7642307902728929,11.219343885213855,premium
8.288175050066076,0.3918919919894278,0.26692551301717976,2.4587833667107173,0.10354053386737147,7.682433266578565,15.658783366710717,0.9957987833667108,3.3236486653315716,0.7183445070092507,11.527026693368574,premium
8.346138282258925,0.3753942649994657,0.29153254725839195,1.7307723435482147,0.06223089374192859,5.076829693553558,15.307723435482147,0.9955354144980628,3.3369268122578575,0.7953902183867866,11.399959533873208,premium
9.264276086408788,0.2969839130313064,0.5283310868287171,2.634115216721851,0.07713471737974106,6.0,16.698391303130638,0.9962250669558157,3.172620652265202,0.8928552172817575,11.715080434843468,premium
7.199468814174698,0.535073038050979,0.1523771632778988,5.076228367221012,0.060749004026577555,11.249668008859185,18.249668008859185,0.9960252323937986,3.3500796778737953,0.6449269619490209,10.899867203543675,premium
7.602115007271372,0.27,0.5135955123613323,2.9126900436282313,0.2072571111979127,4.51057503635686,9.02115007271372,0.9961722075763494,3.323413744546471,0.8646530159970183,10.438367460007456,premium
7.699088497637642,0.26557581116360796,0.3510604720909801,2.2336371674541193,0.04800911502362356,4.0,8.442418883639204,0.9948257002921437,3.3712427725634515,0.6554846609273721,11.331814162729403,premium
10.024663984006706,0.31098655936026826,0.47234307848063706,2.604932796801341,0.08509865593602683,13.975336015993294,32.96300402398994,0.9996493834003999,3.3577802414393965,0.7979035613594301,10.503699597601006,premium
11.804900877467244,0.6807351316200864,0.5238465273655275,3.3216830755612587,0.12481138236213696,7.0,20.944059339686614,0.9990019700624906,3.1683217801905985,0.8372029669843306,12.138465273655275,premium
8.172401232042045,0.3147312173642207,0.39605731886314943,2.2,0.05815770724547393,6.0,10.078853622737011,0.9953438350073389,3.315125485477906,0.6815770724547403,11.21182804341055,premium
5.1,0.4685800965349114,0.0,1.7705575172515688,0.044,16.822300690062754,87.41115034503137,0.9918850345654082,3.644669020701883,0.7918292137717053,13.393902620760981,premium
8.240198653932534,0.29121275238765015,0.46654469713481983,2.1074751682584334,0.09068269783988564,6.0,12.0,0.9941450339638483,3.27345530286518,0.6274751682584334,12.3327234856741,premium
10.270863017691001,0.4334747948665533,0.4969495897331067,5.8749643787708,0.08057049329174867,6.0,14.180575345127334,0.9972691939762758,3.173884930974533,0.5513956173432933,11.8,premium
7.7888492925026345,0.33839726152763144,0.36160273847236857,2.059232861668422,0.07629616430834212,17.56794523055263,40.16027384723685,0.99379254243717,3.349756166138684,0.8324739753607893,13.124739753607892,premium
11.849292978552825,0.6886616223191031,0.5418316383376742,3.5521210643415246,0.12445050849869776,6.915488297588042,20.830976595176082,0.9991661953190352,3.174225585120598,0.8273232446382063,12.301414042894349,premium
8.708627131474556,0.22373405764443788,0.36441297721615384,1.9509189678786982,0.06498443337898817,53.0339459785858,77.1018379357574,0.996181215270917,3.4642291836404144,0.8662659423555621,10.98981620642426,premium
11.969742026724685,0.32538695991297406,0.5414385545680372,2.263095679303792,0.0845902906463606,10.0,21.60515946550632,0.9983261913586076,3.0314385545680373,0.7174901492231004,10.05128986637658,premium
6.846214838337264,0.4778218077145092,0.14678054339137336,1.75946980147451,0.06113637617694122,5.297349007372551,26.10795297788235,0.9946488658309647,3.454033887124705,0.8994698014745102,12.02424158820392,premium
9.916835814914183,0.41580678252048975,0.4869758478150612,2.6319565758388777,0.07684879239075305,10.92439619537653,19.15120760924694,0.9962410290323936,3.2436086848322248,0.6398284946010511,11.62268114138704,premium
8.197105824516536,0.3288423298066147,0.38913174735496103,2.49131747354961,0.07324751437429956,29.173650529007794,48.14470877417316,0.9952718963086463,3.3185529122582684,0.8837624281285021,12.4,premium
11.438372818428958,0.41,0.5327546435847464,1.7619475011668602,0.09405253031492838,22.1672005326597,41.05573351088657,0.9972357463026825,3.0322613723950447,0.7605573351088657,10.050480479393729,premium
7.311321324986196,0.47464144100165656,0.20638999033204494,2.2577357350027607,0.06494842843331493,13.0,29.474214216657465,0.9953120262331406,3.3298992988350817,0.672163563832321,10.751571566685072,premium
5.358612795296795,0.777747700160565,0.06896341207914508,1.282774409406412,0.04572408530197863,13.689786745053432,92.31021325494656,0.9922854954003211,3.5851753083911753,0.8334451181187176,13.082774409406412,premium
9.658008676777154,0.4457536383369338,0.39559228948727465,6.168909879707014,0.07783982646445689,5.8445493985350705,13.533648195605211,0.9972345218300216,3.2348720962343886,0.5210901202929858,11.53573397750962,premium
5.531910047324326,0.604876170367572,0.03638200946486511,1.6723598107026978,0.04431910047324325,22.89439242810791,87.31910047324325,0.9913105607571892,3.5191460283945952,0.82,13.64898947943242,premium
8.227711314623306,0.5852529517282168,0.15987958404726293,6.068433810339729,0.10781444991432845,5.0,11.342169051698646,0.9982631323793205,3.346048166381095,0.7122409883604119,10.527711314623307,premium
8.877795419170704,0.34814961826422536,0.40333068712439435,3.607401526943099,0.10925984730569015,11.962992365284506,24.0,0.9954711261062951,3.2314803053886196,0.6977795419170704,12.00370076347155,premium
7.269555659749749,0.41552934982235823,0.23254525260800069,2.0807460243035893,0.0595715855898255,3.596269878482053,10.403730121517947,0.9938277015902786,3.447641253467897,0.6777015902785642,12.621119036455385,premium
7.5060194420329465,0.3792992046441067,0.3292003534915081,3.277987627797216,0.06514015907117865,9.460017674575406,29.460017674575408,0.9946177175862025,3.291500441864385,0.5751032697964501,11.461006186101393,premium
8.203546491378178,0.2980850328665918,0.4582979605600898,2.112056688577728,0.08926242654090435,6.0,12.0,0.9941848931906262,3.28170203943991,0.6320566885777279,12.291489802800449,premium
9.146093596741583,0.3307695320162921,0.4407656158044949,1.5769532016292092,0.057538672411404465,19.153906403258418,37.0,0.9949969297043584,3.1930820442769656,0.8807656158044949,11.176953201629209,premium
8.351855612060929,0.3389649182716837,0.26407219396953496,2.5,0.07846680203419348,17.214844896487442,47.60742244824372,0.9964441606320423,3.3817773265526885,0.8042968979297488,11.087402143114698,premium
5.233987496376806,0.4766012503623193,0.06379124746376463,1.8039249782608398,0.051960750217391605,17.980375108695803,100.22212561594287,0.9924009100318841,3.54,0.7083674905796972,12.664495783816367,premium
7.634860062917257,0.36403731655539817,0.33816370546564173,3.470653039719468,0.09987150157293141,8.550466456942477,17.27523322847124,0.9971878880503338,3.3410093291388496,0.7524766771528761,11.055046645694247,premium
9.637248315677779,0.5443144782082538,0.34437839497576733,2.4261425363195768,0.08847714927360846,35.0,67.0,0.9973960690223967,3.2826142536319574,0.742417704751799,11.734643659201058,premium
11.121651594603268,0.47063612567726576,0.6280245121640413,5.030580675661221,0.10792019277063887,5.684709662169389,14.369419324338779,0.9981477677297355,3.079363874322734,0.8268470966216939,12.052232270264488,premium
8.577643904662736,0.3878982584750674,0.47013386800879386,3.2631860678005395,0.07843507332639146,3.460508707624663,10.0,0.9948008299724632,3.2652610449149595,0.6406559578387129,12.422356095337264,premium
12.632578531871172,0.5637271753855461,0.6809276835161037,5.465157063742342,0.07944229380226238,7.0,41.162892659355855,1.0018233016967102,3.1013915252741553,0.7027940114290653,10.627830505483109,premium
9.617496996481517,0.3844997997654344,0.43724989988271723,6.104374249120379,0.07163750500586413,6.31875250293207,13.68124749706793,0.9968797488987099,3.2386877252638864,0.5314378253811691,11.89562575087962,premium
10.989906716379926,0.4513658789368112,0.5338837064655514,1.474821724712598,0.059906198175295314,22.251782752874018,42.0,0.9969749423714375,3.039714759540157,0.7286341210631888,10.612232587068897,premium
7.291217801411051,0.3596457854585914,0.31061621720015187,1.7114022251763812,0.06145608900705525,3.0,13.34206675529144,0.9960228044503527,3.2516642278351244,1.0794759946825137,10.057011125881907,premium
9.023172637636462,0.2308553738728148,0.4253654724727078,1.9231726376364608,0.07068895768272387,10.0,22.847589564546915,0.9953413996754271,3.3237791536544776,0.8154276869364074,11.776827362363539,premium
6.827264840394186,0.40687662666869917,0.25312337333130086,1.816479737376817,0.06705694634359448,3.0,12.534081050492732,0.995482829966047,3.341820547881744,0.9905090468657922,10.652286529310175,premium
11.76095874950954,0.2619520625245231,0.5190239687377385,1.8073202344669614,0.07053638515042578,5.975599218443462,9.975599218443461,0.9967458302649445,3.2,0.7192679765533039,10.246361484957422,premium
9.192158198241488,0.30259802252198137,0.5444118648681117,2.787009887390093,0.08311762702637768,6.25980225219814,17.0,0.996519509036011,3.1733822026978324,0.9018138423461303,11.60906921173065,premium
10.070222824809457,0.43191424697653485,0.39340648263638,2.5978730589149612,0.09197873058914961,13.14888587595271,51.93619176744884,0.9983242606359707,3.222552329302047,0.6446792703870852,10.012761646510233,premium
10.9747016726842,0.32503579927789605,0.47872315054157794,2.6874701672684203,0.0937494033453684,15.624105018052598,47.626491636579004,0.9985674224348979,3.13252983273158,0.9723866356199957,10.52482100361052,premium
9.969449121665308,0.4089232018542855,0.30157485361088476,2.6057874268054424,0.09258681140208164,17.884251463891154,47.94212573194557,0.9981289371340273,3.2236338305140135,0.944629941444354,10.6,premium
7.481720309553869,0.503548278598482,0.1727957833122918,1.936559380892262,0.08365948936728372,11.939067698512897,35.365593808922625,0.9966531531534161,3.3885305222081943,0.6309678142676787,9.676703674312602,premium
9.681095087803701,0.5358539882928399,0.41048670569053386,3.235049571539288,0.08598174853660498,35.603650292679006,68.810950878037,0.9975621901756074,3.257866155935103,0.7541460117071601,11.840243352845267,premium
9.295661632120009,0.36997934110533337,0.44004131778933325,1.6010329447333314,0.03807437202079985,21.006197668399988,42.00413177893333,0.9952601652711573,3.240330542314666,0.8100826355786666,10.800413177893333,premium
7.424644092274145,0.684146786759502,0.012985763690965798,2.359715273819316,0.0780142363090342,9.64928818454829,14.0,0.9952046440922742,3.478435936609346,0.6538861095277264,11.629857636909657,premium
10.5,0.24465623422137744,0.43164058555344365,1.8232811711068873,0.07723281171106887,6.0,22.465623422137746,0.9976,3.2030156486679338,1.0476718828893112,10.823281171106888,premium
10.714786533255047,0.29784552691126065,0.4297103629586137,2.837296720947061,0.08415751990059667,50.38262177751682,74.77489812307985,0.9991911534068407,3.356270327905294,0.8001930913609242,10.499034543195378,premium
10.304024875939218,0.38278631823343,0.5292261197361792,2.4160995037568727,0.07776161693604919,5.959751240607818,21.04024875939218,0.9978133149319418,3.202414925563531,0.7639937810151954,11.152012437969608,premium
7.535245083103467,0.38,0.2988251638965511,2.037249453678163,0.05972494536781624,14.25501092643674,29.37249453678163,0.9954947886365059,3.23,0.7488251638965511,10.704008741149392,premium
5.150529154325464,0.4288426020069563,0.003789686574409836,1.8,0.044,19.263228858136614,87.87367711418634,0.9914727313779235,3.6572618805535413,0.7413690597232295,13.650529154325465,premium
9.093633387679718,0.3625466449281127,0.3852250407597886,1.8111415715604935,0.06049341245482185,20.984083469199295,54.904500815195775,0.9949921788066218,3.182546644928113,0.8206366612320282,10.993633387679719,premium
10.57076253781677,0.28304820241593553,0.49695179758406444,2.4146187310916147,0.06178071903362578,5.231726586135482,12.304820241593553,0.9974146187310916,3.0847589879203223,0.7353654682772903,10.430482024159355,premium
7.341776678216734,0.3483553356433467,0.33417766782167335,2.2075632524828666,0.06859543460384067,19.746699653498,37.417766782167334,0.994406243113882,3.36253300346502,0.8159543460384068,12.726650173251,premium
7.9,0.3,0.68,8.3,0.05,37.5,282.6349270250478,0.99316,3.01,0.51,12.3,premium
7.478725309523333,0.3390065841271113,0.32950329206355566,1.8524835396822217,0.07158856992065558,18.0,36.95032920635557,0.9937985936269811,3.353758230158889,0.8852483539682222,12.99643929365445,premium
7.056733712539018,0.4229798862382944,0.26940788521938863,2.0955108583073208,0.05791021716614634,14.522445708463396,29.0,0.9945409171406738,3.2753676576959774,0.7265711995924377,11.395510858307322,premium
9.07790517737372,0.30215215244445337,0.34988534036365104,2.110760762222267,0.061784784755554656,13.0,27.0,0.9951423241418991,3.2666284467878834,0.8466284467878836,11.88780599232337,premium
5.277311078820388,0.5724875277855339,0.017731107882038827,1.6581511369436894,0.04435462215764077,15.87226705415534,88.0,0.9918643363908418,3.637445341083107,0.7619159941876699,13.351764489651456,premium
12.229791193323265,0.36414849075113265,0.6829791193323266,2.8851044033383673,0.09357447798330816,11.138283025037754,29.425522016691836,0.9995425522016692,3.185744779833082,0.6702134588315715,10.8,premium
7.3703691879544015,0.3540738375908802,0.3370369187954401,2.0074156843191933,0.0717406106749841,18.88892436136797,37.70369187954401,0.9938629854288663,3.37111075638632,0.8474061067498411,13.155537819316015,premium
12.116803875524955,0.3643031473845099,0.6319670698740109,2.836474574265063,0.09043031473845096,12.0,29.76639224895009,0.999623360775105,3.1636474574265065,0.8005336582664343,10.566392248950091,premium
6.663139784454542,0.5524232258654549,0.1458930465490907,2.3873720431090915,0.06408418637927273,13.0,29.04209318963636,0.9940891237266709,3.412002293969091,0.6246302508599998,11.615813620727275,premium
6.610724360840048,0.5566039524006514,0.1432173082520145,2.3928504261066346,0.06396425213053317,13.035747869466828,28.982126065266588,0.9939830479723554,3.4166039524006515,0.6219661328206755,11.692850426106634,premium
10.20368328307919,0.4375444779472063,0.42,1.9975444779472062,0.07107366566158381,6.987722389736032,20.024555220527937,0.9956838185639121,3.140859432718478,0.7931921786686318,11.096316716920809,premium
8.81556298602262,0.37288907465056553,0.4313886566867931,6.632802391199929,0.07284995820362276,16.71668059879241,38.14445373252828,0.9980381726574807,3.3156663880241517,0.8313886566867932,11.71276895409814,premium
8.146269341136128,0.41070859590353315,0.38925386822722546,2.3768653294319364,0.0723059598829581,8.615673352840318,18.847020058520954,0.993525936103925,3.3108212035112574,0.7507836676420159,12.853730658863872,premium
9.035929456538614,0.3160176358653465,0.4067964728269307,2.5125643476910886,0.08145481412689107,10.64070543461386,24.0,0.9953132917064997,3.257185891307723,0.8019470924039604,11.796105815192078,premium
7.652777721505545,0.27873015551460256,0.3530952332719039,2.2781746112134935,0.051746031102920496,4.436507775730128,8.436507775730128,0.9951567460108449,3.380357150092144,0.6487301555146026,11.043650777573013,premium
6.445034934444798,0.5584910723085518,0.13050815137045269,2.310007763209955,0.11719782630121262,24.799844735800903,36.05003881604978,0.9951905003881605,3.463995342074027,0.7130023289629864,11.340031052839821,premium
9.100883020181772,0.3021365498558445,0.5364979515857108,2.6504415100908862,0.10905707803948492,5.786345014415552,16.786345014415552,0.9957974929406518,3.15,0.8964979515857108,11.870923988467558,premium
8.891058899768774,0.3856942396300385,0.4956942396300385,2.5195300979189663,0.052268233006936775,13.0,27.0,0.994905224337549,3.3039060195837933,0.8722825892831996,13.212236895144255,premium
7.9,0.5247257672645215,0.19791134910321778,2.959338853363421,0.078,16.164838448430142,37.58241922421507,0.9967175807757849,3.3441758077578494,0.7901096930941914,12.15933885336342,premium
5.3,0.47,0.11,2.2,0.048,16.0,89.0,0.99182,3.54,0.88,13.570696056414622,premium
10.288428764333743,0.2883419606687423,0.4916580393312577,2.5557856178331284,0.05966321573250307,5.055267977708589,12.834196066874231,0.9975557856178332,3.058290196656288,0.7388946404458282,10.483419606687423,premium
7.093480302249974,0.49249765241252996,0.21348030224997394,2.1065196977500262,0.07318456826375273,13.93480302249974,28.0,0.9957119371286253,3.384453561737538,0.6714141662374856,10.714141662374857,premium
8.629387972447496,0.40268227784214156,0.479743480597392,3.381458222737132,0.0820571580713246,3.386588610789292,10.0,0.9949708461951846,3.256390633294715,0.6325247471868221,12.370612027552504,premium
5.566593210781584,0.8474944908086188,0.05501101838276226,1.3665932107815848,0.045167033946092075,12.167033946092076,88.83516973046038,0.9924,3.5616703394609206,0.8250110183827623,12.916703394609208,premium
10.384103527046559,0.43805709775013485,0.7267323916706814,6.5089341115369415,0.07391168626136976,38.13247060794535,76.00883137386302,0.9989738591333654,3.172649412158907,0.8501766274772604,11.991168626136977,premium
10.385337361106755,0.40756596180631793,0.4570674722213509,2.0231671701383442,0.06706158107648146,7.0,19.768328298616556,0.9962021117812373,3.1793841892351855,0.81085045312451,10.960996979169934,premium
9.922468499818889,0.31515414032783867,0.34828195322405375,1.7145364517297488,0.07419824483789175,9.0,28.057268225864874,0.996573393341786,3.242290729034595,0.8105288032059427,11.205726822586486,premium
8.329929329798473,0.26051060053022895,0.39350353351007633,2.1401413404030527,0.04485388686108388,4.0,10.0,0.9937548939946977,3.291021201060458,0.7064964664899236,12.60510600530229,premium
8.411605192318289,0.39961316025605703,0.3668510474366745,2.321547358975772,0.08691720859003321,6.0,10.784526410242282,0.995612433106418,3.2516015935875537,0.6349168487169596,11.743094717951545,premium
9.622839319829716,0.44923868933900946,0.4845678639659431,2.8769032766524765,0.09163442555082538,11.025377022033018,28.51268851101651,0.9967076131066099,3.283858034008514,0.7110150808813207,11.456344255508254,premium
9.277191508362051,0.31844066046072933,0.39311867907854137,5.115334905858879,0.08361468868202424,9.230669811717759,17.23066981171776,0.9953013396234355,3.2315205661091966,0.5569071698748415,12.200129244766913,premium
9.370513558392839,0.36764303775961443,0.32412224256044064,2.482347196799449,0.09282249542390085,16.176528032005507,47.94083180796695,0.9975362545996592,3.211183363840661,0.7123569622403856,10.44132008001377,premium
6.7953127644894735,0.381180551637193,0.42338541372789473,2.3527779345122806,0.07959896215373684,13.559027581859649,24.0,0.9945467883129749,3.4014930340045617,0.8325173444580701,11.37638896725614,premium
8.381356173785575,0.3625424695142298,0.42813561737855743,2.3,0.06430506783500978,11.440685213567237,19.186438262144254,0.9952688165549411,3.2091520350502933,0.8025424695142299,11.479657393216382,premium
8.577958447356675,0.38914182629934546,0.3811833789426701,1.7779584473566754,0.06645709131496727,6.0,12.661246579299739,0.9951776332421147,3.3389792236783378,0.7010207763216623,11.722041552643324,premium
9.9,0.4130225466500114,0.44652379924167873,1.8151127332500572,0.0702543840708355,30.64987474083327,48.75062629583365,0.9968790425881167,3.2354912318583287,0.7989924844499962,10.950125259166729,premium
7.198332550157773,0.573804050562249,0.02313707062535855,2.1404898735943774,0.09204116817814113,8.884314646873207,14.115685353126793,0.9949528817724699,3.4136373055780265,0.5638822423752152,11.517352802969018,premium
8.309269210957757,0.28432563178028647,0.477219236712673,2.0907307890422433,0.09222756575352029,6.0,12.0,0.9941133691594479,3.262780763287327,0.6221628158901432,12.378371841098568,premium
9.802436004437824,0.42721644734597686,0.4818650119474398,2.6535143539853703,0.07618650119474397,10.767571769926851,19.116214115036573,0.9960629232053254,3.247432117255486,0.6462699761051204,11.72783552654023,premium
9.1988531964733,0.3314449543360958,0.45072247716804786,1.6517202052900528,0.05851720205290053,18.711009132780852,37.0,0.9951476147029871,3.192282111856814,0.8878325684958563,11.222821118568138,premium
11.486251121145376,0.5389306427557514,0.7084723467939306,4.4076382660303475,0.1237402989549682,6.005092177353565,14.98981564529287,0.9983907322372164,3.0114767314325337,0.8289306427557513,11.80152765320607,premium
12.13911619937559,0.37434942757024614,0.673911619937559,2.9304419003122053,0.09334779049843897,11.478314252341539,29.652209501561025,0.9995652209501561,3.18347790498439,0.6543453348907282,10.8,premium
8.279248403780532,0.26811273943292024,0.39603757981097343,2.2415031924389366,0.04764133779207071,4.0,10.0,0.9936788726056708,3.3062254788658407,0.7039624201890265,12.681127394329202,premium
7.548352304859182,0.39131815611265464,0.3918693792324453,2.5142899815846813,0.13356141119158896,5.758238475704092,11.516476951408183,0.9954939634296658,3.3940653103837772,0.8070341487465271,11.113181561126545,premium
10.008806185416137,0.4999152578476278,0.39696020618053796,2.782387629167725,0.08926418556248412,15.431835055569662,54.12785567362346,0.9985102284538899,3.2655969072919313,0.6612785567362346,10.455969072919311,premium
8.66149368429413,0.3453960584581667,0.3907662456196087,2.7538312280980435,0.10392143509078479,7.153895906339855,16.153895906339855,0.995556734514972,3.293071450302616,0.7792272865562102,12.000064678241813,premium
8.568499624983112,0.33709173125290853,0.367124906245778,1.7736667500037528,0.07142000500022518,7.368333750018764,12.368333750018765,0.9937867836125126,3.281308368751595,0.55,12.152666499992495,premium
5.6630979442446465,0.3953115370979673,0.08753182301629767,2.1673321715509983,0.05473321715509982,16.22444057183666,42.22444057183666,0.9921908776583263,3.620223771265336,0.7467332171550998,13.66333914224501,premium
8.213344660751673,0.34552364770354754,0.4577618238517738,3.1299830088724914,0.07329983008872491,15.895270459290492,37.0,0.9967807431336115,3.311951005480154,0.8667145284446787,12.419510054801542,premium
9.663025577106586,0.4238907673131976,0.5370420461685269,3.240840923370538,0.0721319463529437,11.536974422893413,24.536974422893415,0.9962418075484898,3.3168487211446704,0.8826051154213173,12.698066749761438,premium
8.195532143348252,0.36035300325791486,0.36256480521266377,5.1051844170131,0.06603530032579148,19.77881980452511,37.814120130316596,0.9965799336208866,3.325576396090502,0.7862824026063319,11.611527921810044,premium
8.490043103918905,0.41082241403783093,0.19497844804054723,2.5,0.0834415517410806,18.320344831351246,48.160172415675625,0.9969029431050108,3.365194827529731,0.8264068966270249,10.893939654513533,premium
8.927446051219327,0.35548921024386526,0.40914868373977553,3.4993644788624696,0.10496822394312348,12.0,24.091486837397756,0.9954634688171546,3.240063552113753,0.7082338153657979,12.118932888617081,premium
9.569144329102027,0.29573321884762016,0.43853356230475976,5.06126956868481,0.08285777396158725,9.12253913736962,17.12253913736962,0.9950850782747391,3.2120570447265315,0.5396062619791392,12.340699121419494,premium
10.47343999574113,0.24,0.43062400170354825,1.8,0.07646879991482258,6.0,21.734399957411295,0.9976,3.2206240017035483,1.0420319987223388,10.8,premium
8.303611937026243,0.2929514921282804,0.40129514921282805,2.4,0.05860526098542301,4.259029842565608,10.0,0.9938811970047814,3.304097015743439,0.6844582094460635,12.683436570845476,premium
7.577876344091716,0.41664976958427724,0.3111251920131023,2.2,0.0615549923194759,6.0,11.777496159737954,0.9949956132872537,3.425537250382967,0.7155499231947591,11.466624423960694,premium
10.4,0.3260086348406778,0.622460754699058,2.7556514982297533,0.08360086348406778,5.044348501770247,21.955651498229752,0.9997024332961055,3.259556514982297,0.752417580495669,11.1822605992919,premium
9.445021136975987,0.5368936191367275,0.4941701894959978,2.34485104690618,0.08872595613522896,30.965106679141847,52.13787238273455,0.9966367487940119,3.212059581237528,0.76,11.6,premium
5.076193570110049,0.42,0.24571451775825365,2.0,0.0660954856088039,19.761935701100487,50.95241962637561,0.9922733566150781,3.7314290355165074,0.7209516074724878,13.676177327032292,premium
9.086088632913663,0.28344758019360977,0.39826612271053696,2.0102822174248804,0.06031048396127804,5.655241980639022,14.310483961278043,0.9960536289256919,3.2138104951597555,0.74,11.351814574830728,premium
9.601714741218279,0.40669719524010206,0.5097486374766504,2.0856001594263973,0.08633943904802041,6.0,15.0,0.9963747661834548,3.1843199521720806,0.6959314103512688,11.8,premium
8.743493379955705,0.46521225081506024,0.3052192055946846,2.7478079440531538,0.06713082787884833,10.08698675991141,28.26096027973423,0.996378253310022,3.33,0.6865274843831679,11.269589407929127,premium
5.181690642614139,0.5380278804968697,0.044929853437776855,1.9042266065353495,0.045633812852282796,14.816906426141397,87.2253596392121,0.992305068365282,3.551830935738586,0.9154928072157581,13.185917249149488,premium
7.949075406804925,0.4805547559170446,0.20180655510369422,2.3745377034024626,0.06835419665311082,32.13655741493843,46.11806555103694,0.9945836842538837,3.407823607618276,0.792176392381724,12.588193444896305,premium
7.885729162136358,0.33597537837603264,0.35818276486322287,3.461088999913207,0.08096098486495863,25.740246216239672,36.81827648632228,0.994011971583743,3.225195075675207,0.6367556810768586,12.525975378376032,premium
10.472342011368859,0.2793605920417991,0.5142527818098264,2.1489218976802733,0.07965947931786849,5.723420113688585,23.44684022737717,0.9982084757498851,3.202126390904913,0.9570260341065755,10.982973965893425,premium
10.163610074240056,0.2556186397381844,0.4999175147015754,2.581805037120028,0.08209073382826704,49.53711838429106,83.96700588063017,0.9977404563540093,3.3148762720523632,0.76,11.245463308586649,premium
7.935163027273882,0.5689279838640116,0.17377785670430015,1.7918953784092353,0.06467581513636941,3.0,15.756861352277056,0.9961837907568184,3.4046012189775468,0.9345883188633767,10.459476892046176,premium
8.447706876880302,0.2686238162534755,0.34339450394150567,1.7660549605849434,0.05654128241364868,13.440366403899622,27.220183201949812,0.9941073392334819,3.1598164881754833,0.6208256482729736,11.3,premium
10.001808349046769,0.4013571956289293,0.5948415359974445,3.5601789672169697,0.08190044741804242,6.0,17.633482472680807,0.997160178967217,3.172171886543828,0.847149515641707,12.238460101778687,premium
9.648768163682009,0.5536005664419931,0.5288893358752379,2.3923869140509697,0.09041155077732979,30.1522617189806,51.6954765620388,0.9969553513669684,3.215123183631799,0.7447738281019399,11.65329160164321,premium
8.552948246117094,0.34636723945463543,0.4304155160165862,2.359517234380492,0.07104155160165862,9.297586171902463,19.85120691404877,0.9945635378953406,3.3576810371073154,0.7491689679668276,12.536327605453645,premium
5.249514652701397,0.47504853472986025,0.07466025689097822,1.8970879162083847,0.05102912083791616,17.514560418958077,97.58250904076243,0.9922642710562277,3.54,0.7487380970236334,12.87670025358578,premium
5.151941342267335,0.4511648053604011,0.02077653690693408,1.6961173154653297,0.04919413422673352,18.519413422673352,97.34944160812034,0.9921569371676209,3.607282120825731,0.6728645235059313,12.872821208257307,premium
7.463036886136193,0.31554446707957107,0.3177722335397855,2.2962038923297587,0.06318481556931904,19.777223353978552,35.777223353978556,0.9952,3.3214685449261663,0.8229869879942627,11.773926227727614,premium
10.4,0.31422128693326346,0.6001957642072754,2.624680965925149,0.08242212869332635,5.1753190340748505,21.82468096592515,0.9994142981250353,3.2582468096592514,0.7890893295409582,11.129872386370058,premium
9.134780920790218,0.33173710494826314,0.38912756534337284,2.206514143555987,0.060217526336782456,12.652190792097807,26.304381584195614,0.9951739123683161,3.2878247366321753,0.8226095396048904,12.256494732643509,premium
10.825388693208655,0.4437158003346435,0.6021983847440936,3.2337531575787155,0.08667801615255906,6.0,19.678016152559064,0.9974168470487795,3.165758707795275,0.7103404845767719,11.840562849114153,premium
6.485670090010522,0.6026666007377481,0.3405608216025254,4.283303055629884,0.04773707214401684,23.639566882103118,178.11653505682494,0.9927300437073632,3.326809899837643,0.702348867758569,12.696012374797053,premium
6.601627215762396,0.44937310971863637,0.35010848105082637,2.1068113080677686,0.09226702827016942,24.869197891185948,54.198915189491736,0.9953481975657049,3.6224533206000413,0.6720433924203306,12.113080210881405,premium
5.312137001364484,0.5143000549803673,0.10635889959065474,2.0786299863551583,0.04775725997271032,15.635889959065473,89.48548005457937,0.9918903946079141,3.5436411004093453,0.8763588995906547,13.497890325601285,premium
9.6672071395006,0.32633461719109935,0.4606434945982679,2.2228313762323793,0.07630553311411595,10.0,23.797426021606928,0.9961962778769349,3.2456911225928313,0.85,11.436653828089007,premium
7.853522935453481,0.2875702981875732,0.3660916284260898,1.9316903669316852,0.04988025229888087,4.0,9.31690366931685,0.9934979589447379,3.300739334880742,0.6553522935453481,12.602464449602472,premium
8.389650962543456,0.29862216310979084,0.42448254812717273,2.2252908645471208,0.0707470913545288,9.149418270905759,20.14941827090576,0.9944482670213413,3.3844825481271728,0.7685058172909425,12.580465383275392,premium
9.708047242111565,0.45857881186562766,0.4276282744511071,2.607105940671862,0.0764691768038392,10.734588401919606,18.8672942009598,0.99636635289952,3.2472517538752257,0.6220376520575881,11.321317822015585,premium
7.141672595343007,0.437076515355542,0.26167259534300696,2.058327404656993,0.06812437748898427,14.41672595343007,28.0,0.9952541103442415,3.3145747367526397,0.6979199274386538,10.979199274386538,premium
9.988117326872773,0.38784426507637504,0.42488960014908983,1.9674026656727344,0.0716519466865453,7.488960014908984,20.16298667163633,0.9956371818659709,3.184006401341809,0.7851103998509102,11.230389337309061,premium
5.239494292333856,0.5047907819080324,0.0767218607836212,2.048735730834642,0.046789885846677134,15.394942923338567,88.09241438500786,0.9920680734014312,3.5460505707666146,0.8981517122998429,13.364980974446212,premium
7.12794369129588,0.4960281543520601,0.21158169967116097,1.73198592282397,0.0678787330541573,15.639718456479399,24.0,0.9948361337331723,3.3760281543520603,0.686397184564794,10.821880344003745,premium
9.306027003175965,0.27906943108924076,0.39720829326772233,2.576277724356963,0.08100916105748113,16.0,47.0,0.9969544937339476,3.2932111859002515,0.8715332692283557,11.03302796475063,premium
9.053803295380698,0.30247283360442356,0.5327988303513406,2.6269016476903486,0.11363053702016078,5.752716639557641,16.75271663955764,0.9957026609235525,3.15,0.8927988303513406,11.897826688353886,premium
9.66479174217407,0.37634420421172293,0.4558605105293074,1.5841394894706926,0.0470404910017052,21.158605105293073,41.84139489470692,0.9955914846700625,3.205106876835524,0.8020697447353463,10.657255405236235,premium
6.6,0.8090263973917213,0.028808707591989283,2.2642612277596785,0.05935738772240321,32.595646204005355,48.595646204005355,0.9950260713084305,3.499748029063818,0.5838258481602143,12.21660953143925,premium
11.24116187768665,0.5043687055490464,0.6279608819363081,3.938352062573228,0.11484848933177114,6.128156472254768,13.871843527745233,0.9976436491038492,3.0820391180636917,0.7246212233294278,11.576893883352861,premium
8.061419294372573,0.5835655977323969,0.16526451094622066,1.8175483698207355,0.06558494566069119,3.0584945660691183,16.029247283034557,0.9962184257883118,3.41268817924136,0.912103233580669,10.502924728303455,premium
9.008398425621237,0.3221928274604666,0.346065340045181,2.1825816750564764,0.07673561775734192,11.348366498870474,30.825816750564762,0.9962632191121329,3.3125816750564763,0.8373561775734192,11.599378526298954,premium
7.693304801210168,0.4235565066263277,0.31417568542207897,2.225773973494689,0.06728366456641126,6.0,11.74226026505311,0.995090468155546,3.400050341083232,0.7019582185537176,11.551547946989379,premium
12.730297947759459,0.330214262511097,0.6796250406055802,2.3643454894631155,0.08768630739685057,22.664881145740857,42.329762291481714,0.9981811014321761,3.033297622914817,0.7068095083407314,10.897321718611288,premium
7.653577245762306,0.33129834874167846,0.42662429327163603,1.7487016512583216,0.0822533137390811,30.896132100665724,103.76947523112517,0.9958227346764248,3.361558018490014,0.716656073317909,10.936035964304267,premium
7.969492343040583,0.31215197920966165,0.47640485405487976,1.7678480207903384,0.08589112395016428,32.42784166322707,103.48227968814493,0.9962248084365971,3.338582375051594,0.7291012135137199,10.773291823282124,premium
12.135934048238123,0.3054846166233313,0.5618439571057126,2.4183214343226096,0.08818912117995178,12.0,29.0,0.9992085109651215,3.133664286864522,1.248959884712628,10.145862654173783,premium
9.68249392457042,0.6096402533873226,0.39,2.964987849140839,0.07913908609302807,21.0,58.32853671183097,0.9982369300029331,3.338105493811971,0.7284652404246483,11.41606708897887,premium
8.38357098572616,0.3646266133119582,0.3694025812991331,5.652206503930648,0.06646266133119583,19.522403201282508,37.985064532478326,0.9968696843825507,3.3204480640256504,0.7897012906495666,11.508961280513004,premium
10.201277174343366,0.3402554348686734,0.47987228256566333,2.1,0.05233206532927535,5.006385871716834,9.006385871716834,0.9945931548957367,3.1994891302626534,0.6897445651313266,12.09808423848495,premium
6.42963050653993,0.4387964826397352,0.35537008537452264,1.9138885600475262,0.06927777120095052,14.287038133174914,24.0,0.9945268527945305,3.447129618668251,0.8154627546967665,11.013425213436307,premium
8.789531546923664,0.3819375395898219,0.4404453471410941,2.2766146163248515,0.0652382886730916,33.08463459187871,52.61692691837574,0.9958044534714109,3.2393541534700594,0.9142317295939355,12.093541534700593,premium
8.33198349735338,0.33206952041698345,0.42131696753808034,2.3075255287890304,0.07013169675380804,9.037627643945154,19.981186178027425,0.994298380196824,3.3771779267041135,0.7673660649238393,12.679304795830165,premium
9.579533817541671,0.43636270540333366,0.570044570133167,2.2895440581050006,0.14713232555518313,5.631813527016669,15.368186472983332,0.995930346320502,3.112091188379,0.7152279709474998,12.057730531088332,premium
14.093139229827873,0.6369363375031305,0.6508824959530529,3.336274986510176,0.09844117851361504,7.039214324256639,43.51960716212832,1.0020152956703474,3.0253430385086064,0.6592157135148673,10.81029462840376,premium
8.012392015660545,0.3751008554649417,0.3548991445350583,2.017002851549806,0.06382997148450194,6.365994296900388,12.0,0.9944339480413704,3.370461083588926,0.6577809695269339,11.792795437520311,premium
5.261995613914757,0.7199963449289638,0.04319883037726844,1.4300073101420723,0.04507997075943171,13.460014620284145,89.779897658011,0.9925104035088681,3.5653998537971585,0.8914013158255729,12.953998537971586,premium
12.75596907903023,0.30220154604848853,0.7355969079030229,2.5119381580604574,0.0899364440884763,8.339536185453431,28.220154604848858,0.9992458917766057,3.129550526448366,0.7810077302424429,10.579845395151144,premium
7.2,0.3789301936117304,0.3110698063882696,2.0,0.05664188383296166,15.0,28.893019361173042,0.9947178603872235,3.23,0.7567905808351912,11.3,premium
7.8,0.3821327453494727,0.33963171905085177,2.53271953175142,0.09659186497756286,8.238972097497973,17.23897209749797,0.9971957345093011,3.337169162924939,0.7298158595254258,10.641541853753042,premium
14.315546420293108,0.6528886605073277,0.7141266578676111,4.663340184780169,0.09220153183749388,6.45873342132389,42.54126657867611,1.0027412665786761,3.0050480105588666,0.7029366710661945,10.649519894411332,premium
5.107401599228201,0.42185039980705025,0.004070879575510583,1.8148031984564021,0.04414803198456402,17.92598400771799,88.037007996141,0.9915792519990352,3.6748188805402595,0.7355511994211508,13.598766400128634,premium
12.602561649811607,0.2868374433207737,0.6083744332077372,2.402561649811606,0.08644433815850286,10.974383501883942,28.658127833961313,0.9995974383501884,3.1407684949434818,1.1582954220371753,10.141872166038686,premium
10.310213432059815,0.36652437862678966,0.42,1.9265243786267896,0.07320426864119631,6.6326218931339485,20.734756213732105,0.9963727135273202,3.1657164674806237,0.8855183077851735,10.989786567940184,premium
7.879608431653006,0.5532545194255466,0.3182489937632056,2.5,0.07566014052755009,8.135943788979965,16.796084316530052,0.9925559548403046,3.2210712872918945,0.7193202810551002,13.004839347714023,premium
9.069247081602796,0.284874513600466,0.3320501945598136,2.014121595203262,0.06217992217607456,13.0,27.0,0.9950349381318514,3.2476988326411185,0.8143725680023302,11.658996108803727,premium
8.881168546170935,0.28878801178689684,0.4462337092341871,1.7062771512763548,0.06706277151276355,6.937228487236451,12.0,0.9936416898506769,3.256277151276355,0.5587880117868969,12.262337092341872,premium
8.024845711079674,0.4744560016831708,0.36496914221593496,2.4375771444601626,0.07412731433380489,8.312114277699187,17.93634283309756,0.9929461382704055,3.2561805699858537,0.7356057138849593,12.975154288920326,premium
9.174620765015689,0.30949718827472406,0.42153230004787917,2.142457824120861,0.06962808941852414,10.067837059105171,24.0,0.9953805982712134,3.2713567411821036,0.8594971882747241,11.720351117731552,premium
9.38932550313723,0.33601927133893633,0.48388437196638207,2.621348993725543,0.08483468841008539,12.699036433053184,24.699036433053184,0.9952103854267788,3.320874736296914,0.7419421859831911,12.279614573221274,premium
7.449806506374338,0.5729182791135471,0.06957204620516971,2.2124516265935843,0.06412451626593585,34.875483734064154,47.33462329083775,0.9940445139981174,3.427898929750981,0.7458365582270944,12.37898929750981,premium
8.80570915794372,0.29010259022031576,0.4398974097796843,1.733675300734386,0.06666324699265615,6.932649398531228,12.0,0.993634964348071,3.2627966142790665,0.5614496022496912,12.246119518824983,premium
10.722557966370173,0.42027908955769444,0.45807750123878016,2.6328681840705093,0.08434263631858982,35.0,67.0,0.9989465113805288,3.303286818407051,0.840612387433492,11.217829539823727,premium
12.0044689690082,0.3415059668343548,0.7123293554437635,2.721059069933535,0.10226354419601205,10.03764917085887,28.345883056952957,0.9985698806633129,3.2138353222781184,0.7630823388609409,11.111294751257661,premium
8.420915517767478,0.4475161894920821,0.2924838105079179,5.9379084482232525,0.08892154825376596,6.241831035534954,12.241831035534954,0.9972699337576632,3.3265359137562767,0.6465359137562766,11.341831035534954,premium
9.817664339137478,0.5190219118849969,0.5603941728993722,2.3908515932374974,0.09094160847843692,30.228710169062563,52.045742033812516,0.9970039417289938,3.193659362705001,0.7714355084531282,11.63659362705001,premium
10.358690486767614,0.483022729291999,0.6297229444921901,2.4513852775390492,0.10353149376611416,6.0,15.256926387695248,0.9971843831255371,3.097707791630857,0.6934004304003822,11.787153680615239,premium
9.997348896917739,0.43549312476015745,0.49,2.760975370891987,0.077132555154113,10.946977938354793,18.946977938354795,0.996261293894999,3.2289395587670957,0.6270837866095137,11.623859927740343,premium
10.490663356585708,0.5031531281628521,0.6353316782928538,2.4062244289428616,0.10550613705371319,5.968877855285691,14.937755710571382,0.9973093366434143,3.0887551142114273,0.6624897715771447,11.7595412118714,premium
10.074547381265802,0.39243384803115566,0.6323642143797406,5.410915834430307,0.07324895549522877,39.75243717779953,73.74686648568633,0.9986720438995832,3.2375940054294103,0.8525034816825707,11.549373297137265,premium
8.904068992104506,0.2517077616117569,0.3721146608222074,1.765043120065316,0.05747163856248201,13.0,26.739827519738736,0.9940895991761503,3.1686189728287393,0.6121146608222074,11.443094864143696,premium
7.9,0.3,0.68,8.3,0.05,37.5,286.34089515521924,0.99316,3.01,0.51,12.3,premium
8.802458691645882,0.24393390663340822,0.35393390663340824,1.7221282248129213,0.05492623925062359,13.0,27.0,0.9939660621314463,3.1444256449625843,0.5976219441022285,11.351632524563485,premium
5.1,0.5813496139977155,0.0,1.7022123551528996,0.044,14.088494206115989,86.044247103058,0.992616327799864,3.5626548261834796,0.9353540541789105,12.915486486070298,premium
7.902642189146698,0.37941661314897246,0.35116677370205507,1.8647220438299084,0.07035552701278532,21.647220438299083,55.0,0.9948723335474041,3.3741661314897247,0.7617501605530825,11.420693284894403,premium
8.037507509445133,0.42511356809595335,0.3439778871364199,2.0045427238381337,0.064931859142428,6.0,12.0,0.995052615069985,3.39602211286358,0.70534070428786,11.597728638080932,premium
8.57704074178078,0.21081629671231172,0.39443888732883103,1.8655611126711689,0.06560714807534544,51.16325934246235,79.52551840411428,0.9958563259342462,3.437857038493091,0.8447448159588573,11.183674065753765,premium
7.014965838945855,0.4128420633805038,0.26349202908736613,2.436659075321301,0.08173545891003571,22.26681849357398,36.6832953766065,0.995196832953766,3.3880045548072193,0.7509977225963903,11.846636301285205,premium
9.502624871478147,0.45324583761739506,0.46052497429562944,2.8668854059565123,0.08829513531883737,10.891805412753497,28.44590270637675,0.996667541623826,3.2898687564260927,0.7056722165101399,11.422951353188374,premium
10.394506665126665,0.34810986669746674,0.5248242665473164,1.9283519995379992,0.05058682664895663,21.547253332563333,42.273626666281665,0.9961739130653808,3.185274666743667,0.7744285333833835,10.964175999769001,premium
11.596836950173483,0.5299424900031543,0.6599424900031543,3.646405625197139,0.12095974300220795,6.0,14.00287549984229,0.9977985622500789,3.0501150199936915,0.7397699600126169,11.500862649952687,premium
7.814763739552806,0.3201673088434819,0.3918109916422443,2.918109916422443,0.07118109916422444,16.27854390670792,35.72145609329208,0.9964050192653044,3.320167308843482,0.8770472520894389,12.16072804664604,premium
8.596525726762643,0.3484029082969227,0.31611096194637406,2.1451387024329676,0.07186803131628579,12.097225951340649,30.451387024329676,0.9965065984341858,3.2751387024329675,0.7886803131628578,10.738190155958254,premium
7.383637617880833,0.40745090814558405,0.2509128536424992,1.7018257072849985,0.07252738560927498,16.672752357616663,23.509128536424992,0.9942570857666886,3.2645435731787504,0.6623665211259161,11.170926650331664,premium
10.523114270750042,0.2523114270750042,0.4846228541500085,1.8615571353750213,0.07069100052374852,6.20519045125007,20.58961909749986,0.9976820761805001,3.262311427075004,0.9912733368249901,10.738442864624979,premium
9.298213106484065,0.377568599679666,0.45513719935933206,3.753158887109256,0.1044862800640668,11.693682225781489,24.0,0.9960903828374682,3.2483790664531105,0.7888321545233683,12.0,premium
6.050616683481785,0.5501307348490115,0.0740231877087405,1.9428465740676364,0.056649235353465124,6.103848063943802,27.22076961278876,0.9940623088383662,3.5170152929306973,0.8024691658259108,12.212999503374611,premium
5.141190522807921,0.6068309770881983,0.004119052280792135,1.6752856863152472,0.04408238104561584,13.835237908768315,86.16476209123168,0.9926202285490522,3.56,0.9301142745260988,12.9,premium
7.679251046887931,0.3759750348962643,0.4440249651037357,3.409952861493677,0.07527800279170115,24.319500697925285,43.36099860414943,0.995327219972083,3.348879888331954,0.824439944165977,11.511201116680459,premium
12.523608971424908,0.5303552474988782,0.6945488785718865,5.247217942849816,0.0771266906427793,7.0,40.61804485712454,1.001578120185706,3.12182331785783,0.6850864578565475,11.036466357156595,premium
10.82674047300179,0.3427911432397851,0.4654066425701612,2.672674047300179,0.09345348094600359,15.180221419005372,48.36629763499105,0.9985289525229805,3.147325952699821,0.9161613797406805,10.436044283801074,premium
9.747677042976273,0.2857236600798687,0.4688713317676764,5.049136437749589,0.08091899836950894,9.098272875499179,17.04913643774959,0.9949068255553394,3.2008100163049096,0.5234395506424713,12.416468055825698,premium
9.06978842164382,0.307552894589045,0.408489421082191,2.2416926268494404,0.07434443145479781,10.302115783561801,24.0,0.995269275051863,3.263957684328764,0.8273413162328649,11.74531736753427,premium
11.251497798436098,0.4982876655256161,0.4997365639270179,2.708264318331837,0.1050862555447421,6.567665198957398,21.0,0.9985082643183318,3.204586784083408,0.9178202641876684,11.594731278540356,premium
10.43383044789944,0.24338304478994405,0.46676608957988813,1.8169152239497204,0.07381593432351957,6.056384079832402,20.887231840335197,0.997622553631933,3.253383044789944,1.012106228823464,10.78308477605028,premium
8.313536438774408,0.31839454633852243,0.3861700048618735,2.080272683073878,0.07150681707684689,23.061908781517143,35.83945463385224,0.9941560127900351,3.2032109073229553,0.7159181950778367,11.912381756303429,premium
9.008442215700775,0.37168844314015487,0.43614740523359147,3.2023785424304942,0.09011892712152471,12.0,24.361474052335915,0.9953851725248226,3.2697621457569506,0.7325326647102323,12.46991626803669,premium
12.619278319388838,0.2879518879592559,0.6195188795925589,2.4192783193888383,0.08716872717351627,10.807216806111617,28.602405602037205,0.9995807216806112,3.1457834958166515,1.1254193052019514,10.197594397962796,premium
7.9,0.3,0.68,8.3,0.05,37.5,281.0163672258354,0.99316,3.01,0.51,12.3,premium
9.374364236735726,0.3003204470408034,0.5580773177551794,2.7983977647959826,0.08038453644896412,6.032044704080343,17.0,0.9964147405638769,3.152884023367231,0.917756870714376,11.68878435357188,premium
7.454934410104069,0.31497325930534525,0.348653380442053,1.8818668012630086,0.056357315835808844,4.0,8.818668012630086,0.9932338940466939,3.3231599394316462,0.6154934410104069,12.677199798105487,premium
5.33177023889626,0.5102423026019289,0.10364595222074807,2.1152793629433075,0.04768229761103741,15.576396814716539,88.89409920367913,0.9918814224618662,3.5421180159264174,0.873645952220748,13.525869442575393,premium
11.977004539410892,0.31449319088366295,0.5290922830014847,2.1759455270693033,0.08204841120618801,10.0,21.459909211782172,0.9981518910541386,3.0190922830014846,0.7036913751193064,10.014977302945544,premium
10.242620940805017,0.39737905919498334,0.42852418816100335,1.9573790591949833,0.07185241881610033,6.786895295974917,20.213104704025085,0.9960734231258087,3.1634415174427595,0.8390140819257692,11.036068588792475,premium
8.393773183423098,0.2518680449730707,0.3903113408288451,2.0062268165769024,0.04152927940903659,4.062268165769023,10.0,0.9939067011243268,3.2712453633153804,0.7090659775134647,12.459525692250136,premium
8.695500047612766,0.2995500047612766,0.38258334126879423,2.4168335079134735,0.09228000761804248,6.6516668253758855,15.651666825375885,0.9958265001428384,3.306516668253759,0.7725833412687942,11.8,premium
7.052589462510496,0.5205378978096137,0.06631473656276239,5.684263171861881,0.07831273603201093,10.368526343723762,18.0,0.9966041431400168,3.3847410537489506,0.6468326290648615,11.052589462510495,premium
8.2507940748236,0.40797969004490164,0.37167404743104393,2.1507940748236005,0.06327128350032073,12.40692525048109,19.271283500320727,0.9953779224248557,3.1998411850352797,0.7638818049454766,11.037229899807564,premium
7.458037027992533,0.6474561672620619,0.015267900933084428,2.16875306531591,0.08141061794721426,9.526790093308442,14.473209906691558,0.9952664296223941,3.4342864149293506,0.6484827121300976,11.368753065315909,premium
7.512722628834111,0.5145928827455027,0.16954197162558343,1.9540711725449729,0.08477735399540307,12.095419716255835,35.06361314417056,0.9968159032860426,3.3790458028374415,0.6276335773004668,9.604961687881419,premium
9.174210206281249,0.3075129098679676,0.3381447448429688,2.0742102062812484,0.07433945928265617,43.14474484296879,67.0,0.9975990924973054,3.4103159174875004,0.8358816829585942,10.496840825124993,premium
8.995666572595809,0.38525507328177555,0.30080362175689274,2.4343115839778053,0.09127043404640199,16.39413049613317,49.13137683204439,0.9973460505917114,3.259629720983526,0.7052550732817755,10.525507328177557,premium
8.765958111675046,0.33882984263958704,0.4201062832487433,3.644680629441652,0.10553193705583483,11.77659685279174,24.0,0.9953760643949238,3.2389361258883302,0.6865958111675045,12.022340314720825,premium
8.731276553393217,0.30312765533932157,0.3885460922322026,2.548014029108457,0.0980042485429145,6.770921844644052,15.770921844644052,0.9959338296601796,3.3077092184464405,0.7785460922322026,11.8,premium
10.2603049053052,0.45862601262597347,0.667913291246755,5.905850396685084,0.07632825157824669,37.534349684350666,74.60304905305199,0.9987206098106104,3.1870738449071423,0.8313739873740265,11.968956645623377,premium
8.845945582791698,0.33716928027171006,0.4237126390037299,1.5716928027171004,0.061301568163026024,18.761023990943,37.238976009057,0.9945785203047842,3.2277952018114004,0.88761023990943,11.697440022642503,premium
7.499023742694868,0.427182716375832,0.2664574546773406,1.7373779678368584,0.06249511871347434,3.0,14.121339035105754,0.9960747559356737,3.301018138890031,1.0327196578936548,10.186889839184293,premium
5.313124487768238,0.5179043803540715,0.10606265366952837,2.0687551223176124,0.047737510244635226,15.606265366952837,89.52497951072955,0.9918961220290559,3.5439373463304715,0.8760626536695284,13.49229456931334,premium
9.747958112813997,0.49219371692209957,0.34,2.3065052358982503,0.0933169502306837,10.195157076947511,45.065052358982506,0.9985521793153735,3.2452041887186005,0.6058547123084254,9.752041887186003,premium
6.865441341286668,0.41345586587133326,0.29546283282286295,3.449610910849805,0.06044593493470981,8.683391391262747,28.841695695631373,0.99409984436434,3.302954124133451,0.5177032532645096,11.394982582621177,premium
8.925073584656678,0.34166503145207383,0.37133594967668193,1.8849950943562215,0.055233300629041415,15.766699370958523,30.150049056437787,0.9955403683269256,3.199332025161659,0.7254985283068665,11.031655220164517,premium
10.440692541804765,0.3361038812707147,0.6177922374585706,2.698268645488088,0.08461038812707147,5.203462709023824,21.59307458195235,0.9991814733645676,3.235584474917141,0.7359307458195236,11.179653729097616,premium
7.6481522351512545,0.2955543294546235,0.320739105939498,2.259238824243725,0.07236955296974895,22.1478211878996,34.51847764848745,0.9943496966564805,3.248891341090753,0.7392719289688905,11.92217317818494,premium
7.176538362207522,0.39698088346135074,0.2965383622075211,2.023461637792479,0.06446347196821028,14.76538362207521,28.0,0.9949228855590285,3.264019374799094,0.7170960992141366,11.170960992141367,premium
8.0,0.5549479781832859,0.19630387973873964,1.8375557376607652,0.08390305462258511,3.2503715844051007,16.0,0.9958720132244293,3.386199836105311,0.9062295628577195,10.750371584405102,premium
11.634539011710748,0.4813147689903506,0.5297425954264954,3.64046934522874,0.08437113057445794,8.371130574457943,36.515477702168226,0.9988818640098118,3.1865460988289254,0.7574226114891589,11.43968710318084,premium
9.298785873570376,0.3601214126429624,0.5156969410510054,2.3721223579597854,0.06453327031221182,13.0,25.860611789798924,0.995051272469459,3.3427877642040214,0.8202428252859248,12.830305894899464,premium
10.819527745969697,0.31403673086902356,0.5318740655919192,2.160157418010101,0.060216266527710435,6.598950546599326,18.598950546599326,0.9977653860697606,3.2819265382619527,0.8338793128589226,10.520052472670034,premium
7.605043271955138,0.4976056905101546,0.16731025495725982,2.5,0.07111767634561988,18.96637818696575,37.50840545325856,0.9957592459985843,3.3449159454674144,0.7547478364022431,11.896637818696574,premium
9.36147463775492,0.3006420893707513,0.5497265700679786,2.8,0.08186205917517889,6.064208937075134,16.935791062924867,0.9963833056763605,3.160273429932021,0.9116528381802326,11.706420893707513,premium
7.9090142990428,0.28672114392342407,0.5629519925360317,2.9565628224887184,0.23259142057431959,5.418028598085601,10.0,0.9964308273795225,3.275081715885136,0.9127885607657595,10.443437177511282,premium
6.892402638225961,0.5492402638225962,0.14579059360084123,1.8882953831045683,0.06634496702217549,14.462013191129804,24.537986808870194,0.9947203702890812,3.429240263822596,0.6907597361774039,11.074537138648441,premium
10.83804728050975,0.32834172591079364,0.5476094561019501,2.079755910063719,0.057441495289167796,7.0,19.202440899362813,0.9975262882954911,3.275585047108322,0.861780319057347,10.621464539617687,premium
11.189638041076426,0.5306891412322928,0.6882746628753498,3.779276082152853,0.11872384669829925,6.0,15.0,0.998058601845184,3.0348289567138855,0.7772384669829925,11.8,premium
8.537308208714522,0.5043295522938236,0.21029686559599253,2.0447798509181987,0.06844037686928217,17.910440298163604,37.5447798509182,0.995699109403212,3.267164776146912,0.8082830223622701,11.426867910550918,premium
8.01626875587134,0.30988379460091897,0.4512782593898911,2.1081343779356705,0.2144196065724983,5.011620539908101,16.0116205399081,0.9936127699225409,3.15,0.8112782593898912,12.490703568073519,premium
5.136223443897279,0.4511521617516603,0.003622344389727944,1.7710212448821765,0.044072446887794554,17.565318673232646,88.0,0.9916301309168695,3.671306373464653,0.7365202199015103,13.549287178543809,premium
8.535496133844012,0.3196246778203342,0.45467557992339835,3.721501288718663,0.09784987112813369,11.392493556406684,24.0,0.9951801717137674,3.2543002577437328,0.6635496133844011,12.06075064435933,premium
10.239969417358562,0.4579938834717123,0.5411883785962535,4.376232428074931,0.08827779804981645,6.0,14.479938834717123,0.9971543828737208,3.152407339833945,0.571589601901911,11.8,premium
12.119901369027342,0.3480047260674398,0.5240028767367025,3.340039041426677,0.08520034931802817,10.600020548119303,24.0,0.9984899465748899,3.2020045205862466,0.9300030822178955,10.88005753473405,premium
